[v7 08-01 04:23:12] BL-S steering baseline (gate)
[v7 08-01 04:23:12]   attempt 1 at 0 rows
Using the latest cached version of the dataset since cais/mmlu couldn't be found on the Hugging Face Hub (offline mode is enabled).
Found the latest cached dataset configuration 'all' at /home/jovyan/.cache/huggingface/datasets/cais___mmlu/all/0.0.0/c30699e8356da336a370243923dbaf21066bb9fe (last modified on Mon Jul 20 06:57:17 2026).
Using the latest cached version of the dataset since Salesforce/wikitext couldn't be found on the Hugging Face Hub (offline mode is enabled).
Found the latest cached dataset configuration 'wikitext-103-raw-v1' at /home/jovyan/.cache/huggingface/datasets/Salesforce___wikitext/wikitext-103-raw-v1/0.0.0/b08601e04326c79dfdd32d625aee71d232d685c3 (last modified on Mon Jul 20 06:52:28 2026).
Loading weights:   0%|                                                       | 0/434 [00:00<?, ?it/s]Loading weights: 100%|███████████████████████████████████████████| 434/434 [00:00<00:00, 5715.82it/s]
[steer] qwen   occ_gender           s0 L18  st=0.25 real           primary red=+0.6141 ok=False
[steer] qwen   occ_gender           s0 L18  st=1.0  real           primary red=+0.6091 ok=False
[steer] qwen   occ_gender           s0 L18  st=0.25 null_partition primary red=+0.0312 ok=False
[steer] qwen   occ_gender           s0 L18  st=1.0  null_partition primary red=+0.4068 ok=False
[steer] qwen   occ_gender           s0 L18  st=0.25 null_random    primary red=+0.2752 ok=False
[steer] qwen   occ_gender           s0 L18  st=1.0  null_random    primary red=+0.6507 ok=False
[steer] qwen   occ_gender           s0 L26  st=0.25 real           primary red=+0.6518 ok=False
[steer] qwen   occ_gender           s0 L26  st=1.0  real           primary red=+0.6445 ok=False
[steer] qwen   occ_gender           s0 L26  st=0.25 null_partition primary red=+0.0912 ok=False
[steer] qwen   occ_gender           s0 L26  st=1.0  null_partition primary red=+0.6503 ok=False
[steer] qwen   occ_gender           s0 L26  st=0.25 null_random    primary red=+0.1120 ok=False
[steer] qwen   occ_gender           s0 L26  st=1.0  null_random    primary red=+0.4937 ok=False
[steer] qwen   occ_gender           s0 L9   st=0.5  real           supp    red=+0.6518 ok=False
[steer] qwen   occ_gender           s0 L9   st=2.0  real           supp    red=+0.6518 ok=False
[steer] qwen   occ_gender           s0 L9   st=4.0  real           supp    red=+0.6518 ok=False
[steer] qwen   occ_gender           s0 L9   st=0.5  null_partition supp    red=+0.4343 ok=False
[steer] qwen   occ_gender           s0 L9   st=2.0  null_partition supp    red=+0.6496 ok=False
[steer] qwen   occ_gender           s0 L9   st=4.0  null_partition supp    red=+0.6425 ok=False
[steer] qwen   occ_gender           s0 L9   st=0.5  null_random    supp    red=+0.5989 ok=False
[steer] qwen   occ_gender           s0 L9   st=2.0  null_random    supp    red=+0.6458 ok=False
[steer] qwen   occ_gender           s0 L9   st=4.0  null_random    supp    red=+0.6492 ok=False
[steer] qwen   occ_gender           s0 L14  st=0.5  real           supp    red=+0.6518 ok=False
[steer] qwen   occ_gender           s0 L14  st=2.0  real           supp    red=+0.6518 ok=False
[steer] qwen   occ_gender           s0 L14  st=4.0  real           supp    red=+0.6518 ok=False
[steer] qwen   occ_gender           s0 L14  st=0.5  null_partition supp    red=+0.3273 ok=False
[steer] qwen   occ_gender           s0 L14  st=2.0  null_partition supp    red=+0.6175 ok=False
[steer] qwen   occ_gender           s0 L14  st=4.0  null_partition supp    red=+0.6463 ok=False
[steer] qwen   occ_gender           s0 L14  st=0.5  null_random    supp    red=+0.4364 ok=False
[steer] qwen   occ_gender           s0 L14  st=2.0  null_random    supp    red=+0.6515 ok=False
[steer] qwen   occ_gender           s0 L14  st=4.0  null_random    supp    red=+0.6518 ok=False
[steer] qwen   occ_gender           s0 L21  st=0.5  real           supp    red=+0.5118 ok=False
[steer] qwen   occ_gender           s0 L21  st=2.0  real           supp    red=+0.6517 ok=False
[steer] qwen   occ_gender           s0 L21  st=4.0  real           supp    red=+0.6518 ok=False
[steer] qwen   occ_gender           s0 L21  st=0.5  null_partition supp    red=+0.1691 ok=False
[steer] qwen   occ_gender           s0 L21  st=2.0  null_partition supp    red=+0.6512 ok=False
[steer] qwen   occ_gender           s0 L21  st=4.0  null_partition supp    red=+0.6507 ok=False
[steer] qwen   occ_gender           s0 L21  st=0.5  null_random    supp    red=+0.6004 ok=False
[steer] qwen   occ_gender           s0 L21  st=2.0  null_random    supp    red=+0.6514 ok=False
[steer] qwen   occ_gender           s0 L21  st=4.0  null_random    supp    red=+0.6511 ok=False
[steer] qwen   occ_gender           s0 L30  st=0.5  real           supp    red=+0.6227 ok=False
[steer] qwen   occ_gender           s0 L30  st=2.0  real           supp    red=+0.6517 ok=False
[steer] qwen   occ_gender           s0 L30  st=4.0  real           supp    red=+0.6505 ok=False
[steer] qwen   occ_gender           s0 L30  st=0.5  null_partition supp    red=+0.0708 ok=False
[steer] qwen   occ_gender           s0 L30  st=2.0  null_partition supp    red=+0.3563 ok=False
[steer] qwen   occ_gender           s0 L30  st=4.0  null_partition supp    red=+0.5749 ok=False
[steer] qwen   occ_gender           s0 L30  st=0.5  null_random    supp    red=-0.0526 ok=False
[steer] qwen   occ_gender           s0 L30  st=2.0  null_random    supp    red=-0.0151 ok=False
[steer] qwen   occ_gender           s0 L30  st=4.0  null_random    supp    red=+0.1064 ok=False
[steer] qwen   occ_gender           s1 L18  st=0.25 real           primary red=+0.6388 ok=False
[steer] qwen   occ_gender           s1 L18  st=1.0  real           primary red=+0.6514 ok=False
[steer] qwen   occ_gender           s1 L18  st=0.25 null_partition primary red=+0.1734 ok=False
[steer] qwen   occ_gender           s1 L18  st=1.0  null_partition primary red=+0.5945 ok=False
[steer] qwen   occ_gender           s1 L18  st=0.25 null_random    primary red=+0.2348 ok=False
[steer] qwen   occ_gender           s1 L18  st=1.0  null_random    primary red=+0.6510 ok=False
[steer] qwen   occ_gender           s1 L26  st=0.25 real           primary red=+0.6513 ok=False
[steer] qwen   occ_gender           s1 L26  st=1.0  real           primary red=+0.6492 ok=False
[steer] qwen   occ_gender           s1 L26  st=0.25 null_partition primary red=-0.0886 ok=False
[steer] qwen   occ_gender           s1 L26  st=1.0  null_partition primary red=+0.5572 ok=False
[steer] qwen   occ_gender           s1 L26  st=0.25 null_random    primary red=+0.3046 ok=False
[steer] qwen   occ_gender           s1 L26  st=1.0  null_random    primary red=+0.6336 ok=False
[steer] qwen   occ_gender           s1 L9   st=0.5  real           supp    red=+0.6518 ok=False
[steer] qwen   occ_gender           s1 L9   st=2.0  real           supp    red=+0.6518 ok=False
[steer] qwen   occ_gender           s1 L9   st=4.0  real           supp    red=+0.6518 ok=False
[steer] qwen   occ_gender           s1 L9   st=0.5  null_partition supp    red=+0.6416 ok=False
[steer] qwen   occ_gender           s1 L9   st=2.0  null_partition supp    red=+0.6481 ok=False
[steer] qwen   occ_gender           s1 L9   st=4.0  null_partition supp    red=+0.6509 ok=False
[steer] qwen   occ_gender           s1 L9   st=0.5  null_random    supp    red=+0.6058 ok=False
[steer] qwen   occ_gender           s1 L9   st=2.0  null_random    supp    red=+0.6507 ok=False
[steer] qwen   occ_gender           s1 L9   st=4.0  null_random    supp    red=+0.6517 ok=False
[steer] qwen   occ_gender           s1 L14  st=0.5  real           supp    red=+0.6518 ok=False
[steer] qwen   occ_gender           s1 L14  st=2.0  real           supp    red=+0.6518 ok=False
[steer] qwen   occ_gender           s1 L14  st=4.0  real           supp    red=+0.6518 ok=False
[steer] qwen   occ_gender           s1 L14  st=0.5  null_partition supp    red=+0.4433 ok=False
[steer] qwen   occ_gender           s1 L14  st=2.0  null_partition supp    red=+0.6382 ok=False
[steer] qwen   occ_gender           s1 L14  st=4.0  null_partition supp    red=+0.6505 ok=False
[steer] qwen   occ_gender           s1 L14  st=0.5  null_random    supp    red=+0.4923 ok=False
[steer] qwen   occ_gender           s1 L14  st=2.0  null_random    supp    red=+0.6296 ok=False
[steer] qwen   occ_gender           s1 L14  st=4.0  null_random    supp    red=+0.6472 ok=False
[steer] qwen   occ_gender           s1 L21  st=0.5  real           supp    red=+0.5054 ok=False
[steer] qwen   occ_gender           s1 L21  st=2.0  real           supp    red=+0.6518 ok=False
[steer] qwen   occ_gender           s1 L21  st=4.0  real           supp    red=+0.6518 ok=False
[steer] qwen   occ_gender           s1 L21  st=0.5  null_partition supp    red=+0.2829 ok=False
[steer] qwen   occ_gender           s1 L21  st=2.0  null_partition supp    red=+0.6511 ok=False
[steer] qwen   occ_gender           s1 L21  st=4.0  null_partition supp    red=+0.6518 ok=False
[steer] qwen   occ_gender           s1 L21  st=0.5  null_random    supp    red=+0.6434 ok=False
[steer] qwen   occ_gender           s1 L21  st=2.0  null_random    supp    red=+0.6516 ok=False
[steer] qwen   occ_gender           s1 L21  st=4.0  null_random    supp    red=+0.6509 ok=False
[steer] qwen   occ_gender           s1 L30  st=0.5  real           supp    red=+0.6209 ok=False
[steer] qwen   occ_gender           s1 L30  st=2.0  real           supp    red=+0.6517 ok=False
[steer] qwen   occ_gender           s1 L30  st=4.0  real           supp    red=+0.6499 ok=False
[steer] qwen   occ_gender           s1 L30  st=0.5  null_partition supp    red=-0.0165 ok=False
[steer] qwen   occ_gender           s1 L30  st=2.0  null_partition supp    red=+0.0583 ok=False
[steer] qwen   occ_gender           s1 L30  st=4.0  null_partition supp    red=+0.2050 ok=False
[steer] qwen   occ_gender           s1 L30  st=0.5  null_random    supp    red=+0.0040 ok=False
[steer] qwen   occ_gender           s1 L30  st=2.0  null_random    supp    red=+0.0784 ok=False
[steer] qwen   occ_gender           s1 L30  st=4.0  null_random    supp    red=+0.4695 ok=False
[steer] qwen   occ_gender           s2 L18  st=0.25 real           primary red=+0.6262 ok=False
[steer] qwen   occ_gender           s2 L18  st=1.0  real           primary red=+0.6472 ok=False
[steer] qwen   occ_gender           s2 L18  st=0.25 null_partition primary red=+0.2213 ok=False
[steer] qwen   occ_gender           s2 L18  st=1.0  null_partition primary red=+0.5819 ok=False
[steer] qwen   occ_gender           s2 L18  st=0.25 null_random    primary red=+0.2079 ok=False
[steer] qwen   occ_gender           s2 L18  st=1.0  null_random    primary red=+0.6273 ok=False
[steer] qwen   occ_gender           s2 L26  st=0.25 real           primary red=+0.6483 ok=False
[steer] qwen   occ_gender           s2 L26  st=1.0  real           primary red=+0.6495 ok=False
[steer] qwen   occ_gender           s2 L26  st=0.25 null_partition primary red=+0.3488 ok=False
[steer] qwen   occ_gender           s2 L26  st=1.0  null_partition primary red=+0.5500 ok=False
[steer] qwen   occ_gender           s2 L26  st=0.25 null_random    primary red=+0.4875 ok=False
[steer] qwen   occ_gender           s2 L26  st=1.0  null_random    primary red=+0.6517 ok=False
[steer] qwen   occ_gender           s2 L9   st=0.5  real           supp    red=+0.6518 ok=False
[steer] qwen   occ_gender           s2 L9   st=2.0  real           supp    red=+0.6518 ok=False
[steer] qwen   occ_gender           s2 L9   st=4.0  real           supp    red=+0.6518 ok=False
[steer] qwen   occ_gender           s2 L9   st=0.5  null_partition supp    red=+0.5390 ok=False
[steer] qwen   occ_gender           s2 L9   st=2.0  null_partition supp    red=+0.5942 ok=False
[steer] qwen   occ_gender           s2 L9   st=4.0  null_partition supp    red=+0.6418 ok=False
[steer] qwen   occ_gender           s2 L9   st=0.5  null_random    supp    red=+0.6344 ok=False
[steer] qwen   occ_gender           s2 L9   st=2.0  null_random    supp    red=+0.6512 ok=False
[steer] qwen   occ_gender           s2 L9   st=4.0  null_random    supp    red=+0.6516 ok=False
[steer] qwen   occ_gender           s2 L14  st=0.5  real           supp    red=+0.6518 ok=False
[steer] qwen   occ_gender           s2 L14  st=2.0  real           supp    red=+0.6518 ok=False
[steer] qwen   occ_gender           s2 L14  st=4.0  real           supp    red=+0.6518 ok=False
[steer] qwen   occ_gender           s2 L14  st=0.5  null_partition supp    red=+0.3624 ok=False
[steer] qwen   occ_gender           s2 L14  st=2.0  null_partition supp    red=+0.6261 ok=False
[steer] qwen   occ_gender           s2 L14  st=4.0  null_partition supp    red=+0.6403 ok=False
[steer] qwen   occ_gender           s2 L14  st=0.5  null_random    supp    red=+0.4532 ok=False
[steer] qwen   occ_gender           s2 L14  st=2.0  null_random    supp    red=+0.6518 ok=False
[steer] qwen   occ_gender           s2 L14  st=4.0  null_random    supp    red=+0.6518 ok=False
[steer] qwen   occ_gender           s2 L21  st=0.5  real           supp    red=+0.5491 ok=False
[steer] qwen   occ_gender           s2 L21  st=2.0  real           supp    red=+0.6518 ok=False
[steer] qwen   occ_gender           s2 L21  st=4.0  real           supp    red=+0.6518 ok=False
[steer] qwen   occ_gender           s2 L21  st=0.5  null_partition supp    red=+0.6190 ok=False
[steer] qwen   occ_gender           s2 L21  st=2.0  null_partition supp    red=+0.6420 ok=False
[steer] qwen   occ_gender           s2 L21  st=4.0  null_partition supp    red=+0.6512 ok=False
[steer] qwen   occ_gender           s2 L21  st=0.5  null_random    supp    red=+0.6508 ok=False
[steer] qwen   occ_gender           s2 L21  st=2.0  null_random    supp    red=+0.6512 ok=False
[steer] qwen   occ_gender           s2 L21  st=4.0  null_random    supp    red=+0.6509 ok=False
[steer] qwen   occ_gender           s2 L30  st=0.5  real           supp    red=+0.6379 ok=False
[steer] qwen   occ_gender           s2 L30  st=2.0  real           supp    red=+0.6516 ok=False
[steer] qwen   occ_gender           s2 L30  st=4.0  real           supp    red=+0.6446 ok=False
[steer] qwen   occ_gender           s2 L30  st=0.5  null_partition supp    red=+0.2588 ok=False
[steer] qwen   occ_gender           s2 L30  st=2.0  null_partition supp    red=+0.6495 ok=False
[steer] qwen   occ_gender           s2 L30  st=4.0  null_partition supp    red=+0.6516 ok=False
[steer] qwen   occ_gender           s2 L30  st=0.5  null_random    supp    red=+0.0431 ok=False
[steer] qwen   occ_gender           s2 L30  st=2.0  null_random    supp    red=+0.3203 ok=False
[steer] qwen   occ_gender           s2 L30  st=4.0  null_random    supp    red=+0.1104 ok=False
Using the latest cached version of the dataset since nyu-mll/crows_pairs couldn't be found on the Hugging Face Hub (offline mode is enabled).
Found the latest cached dataset configuration 'default' at /home/jovyan/.cache/huggingface/datasets/nyu-mll___crows_pairs/default/0.0.0/565159a0443df8dc8dba9855c7454e6afc907be4 (last modified on Mon Jul 20 07:00:06 2026).
[steer] qwen   crows_socioeconomic  s0 L18  st=0.25 real           primary red=+0.0162 ok=False
[steer] qwen   crows_socioeconomic  s0 L18  st=1.0  real           primary red=+0.1989 ok=False
[steer] qwen   crows_socioeconomic  s0 L18  st=0.25 null_partition primary red=+0.0405 ok=False
[steer] qwen   crows_socioeconomic  s0 L18  st=1.0  null_partition primary red=+0.0185 ok=False
[steer] qwen   crows_socioeconomic  s0 L18  st=0.25 null_random    primary red=+0.1354 ok=False
[steer] qwen   crows_socioeconomic  s0 L18  st=1.0  null_random    primary red=+0.2011 ok=False
[steer] qwen   crows_socioeconomic  s0 L26  st=0.25 real           primary red=+0.0496 ok=False
[steer] qwen   crows_socioeconomic  s0 L26  st=1.0  real           primary red=+0.1790 ok=False
[steer] qwen   crows_socioeconomic  s0 L26  st=0.25 null_partition primary red=-0.0248 ok=False
[steer] qwen   crows_socioeconomic  s0 L26  st=1.0  null_partition primary red=-0.0165 ok=False
[steer] qwen   crows_socioeconomic  s0 L26  st=0.25 null_random    primary red=+0.0791 ok=False
[steer] qwen   crows_socioeconomic  s0 L26  st=1.0  null_random    primary red=+0.1976 ok=False
[steer] qwen   crows_socioeconomic  s0 L9   st=0.5  real           supp    red=+0.1208 ok=False
[steer] qwen   crows_socioeconomic  s0 L9   st=2.0  real           supp    red=+0.1735 ok=False
[steer] qwen   crows_socioeconomic  s0 L9   st=4.0  real           supp    red=+0.1469 ok=False
[steer] qwen   crows_socioeconomic  s0 L9   st=0.5  null_partition supp    red=+0.0796 ok=False
[steer] qwen   crows_socioeconomic  s0 L9   st=2.0  null_partition supp    red=-0.0429 ok=False
[steer] qwen   crows_socioeconomic  s0 L9   st=4.0  null_partition supp    red=+0.0537 ok=False
[steer] qwen   crows_socioeconomic  s0 L9   st=0.5  null_random    supp    red=+0.1343 ok=False
[steer] qwen   crows_socioeconomic  s0 L9   st=2.0  null_random    supp    red=+0.1704 ok=False
[steer] qwen   crows_socioeconomic  s0 L9   st=4.0  null_random    supp    red=+0.1887 ok=False
[steer] qwen   crows_socioeconomic  s0 L14  st=0.5  real           supp    red=+0.2124 ok=False
[steer] qwen   crows_socioeconomic  s0 L14  st=2.0  real           supp    red=+0.1494 ok=False
[steer] qwen   crows_socioeconomic  s0 L14  st=4.0  real           supp    red=+0.2212 ok=False
[steer] qwen   crows_socioeconomic  s0 L14  st=0.5  null_partition supp    red=+0.0294 ok=False
[steer] qwen   crows_socioeconomic  s0 L14  st=2.0  null_partition supp    red=+0.0704 ok=False
[steer] qwen   crows_socioeconomic  s0 L14  st=4.0  null_partition supp    red=+0.1161 ok=False
[steer] qwen   crows_socioeconomic  s0 L14  st=0.5  null_random    supp    red=+0.1589 ok=False
[steer] qwen   crows_socioeconomic  s0 L14  st=2.0  null_random    supp    red=+0.1541 ok=False
[steer] qwen   crows_socioeconomic  s0 L14  st=4.0  null_random    supp    red=+0.1854 ok=False
[steer] qwen   crows_socioeconomic  s0 L21  st=0.5  real           supp    red=+0.2046 ok=False
[steer] qwen   crows_socioeconomic  s0 L21  st=2.0  real           supp    red=+0.0858 ok=False
[steer] qwen   crows_socioeconomic  s0 L21  st=4.0  real           supp    red=+0.0812 ok=False
[steer] qwen   crows_socioeconomic  s0 L21  st=0.5  null_partition supp    red=-0.0315 ok=False
[steer] qwen   crows_socioeconomic  s0 L21  st=2.0  null_partition supp    red=+0.1000 ok=False
[steer] qwen   crows_socioeconomic  s0 L21  st=4.0  null_partition supp    red=+0.1284 ok=False
[steer] qwen   crows_socioeconomic  s0 L21  st=0.5  null_random    supp    red=+0.1530 ok=False
[steer] qwen   crows_socioeconomic  s0 L21  st=2.0  null_random    supp    red=+0.2158 ok=False
[steer] qwen   crows_socioeconomic  s0 L21  st=4.0  null_random    supp    red=+0.1947 ok=False
[steer] qwen   crows_socioeconomic  s0 L30  st=0.5  real           supp    red=+0.0173 ok=False
[steer] qwen   crows_socioeconomic  s0 L30  st=2.0  real           supp    red=+0.0733 ok=False
[steer] qwen   crows_socioeconomic  s0 L30  st=4.0  real           supp    red=+0.0876 ok=False
[steer] qwen   crows_socioeconomic  s0 L30  st=0.5  null_partition supp    red=-0.0559 ok=False
[steer] qwen   crows_socioeconomic  s0 L30  st=2.0  null_partition supp    red=-0.0260 ok=False
[steer] qwen   crows_socioeconomic  s0 L30  st=4.0  null_partition supp    red=+0.1256 ok=False
[steer] qwen   crows_socioeconomic  s0 L30  st=0.5  null_random    supp    red=+0.0165 ok=False
[steer] qwen   crows_socioeconomic  s0 L30  st=2.0  null_random    supp    red=+0.1221 ok=False
[steer] qwen   crows_socioeconomic  s0 L30  st=4.0  null_random    supp    red=+0.1793 ok=False
[steer] qwen   crows_socioeconomic  s1 L18  st=0.25 real           primary red=+0.0720 ok=False
[steer] qwen   crows_socioeconomic  s1 L18  st=1.0  real           primary red=+0.1880 ok=False
[steer] qwen   crows_socioeconomic  s1 L18  st=0.25 null_partition primary red=+0.0655 ok=False
[steer] qwen   crows_socioeconomic  s1 L18  st=1.0  null_partition primary red=+0.1644 ok=False
[steer] qwen   crows_socioeconomic  s1 L18  st=0.25 null_random    primary red=-0.0787 ok=False
[steer] qwen   crows_socioeconomic  s1 L18  st=1.0  null_random    primary red=+0.1396 ok=False
[steer] qwen   crows_socioeconomic  s1 L26  st=0.25 real           primary red=+0.0877 ok=False
[steer] qwen   crows_socioeconomic  s1 L26  st=1.0  real           primary red=+0.2070 ok=False
[steer] qwen   crows_socioeconomic  s1 L26  st=0.25 null_partition primary red=+0.2035 ok=False
[steer] qwen   crows_socioeconomic  s1 L26  st=1.0  null_partition primary red=+0.1742 ok=False
[steer] qwen   crows_socioeconomic  s1 L26  st=0.25 null_random    primary red=-0.0270 ok=False
[steer] qwen   crows_socioeconomic  s1 L26  st=1.0  null_random    primary red=+0.2186 ok=False
[steer] qwen   crows_socioeconomic  s1 L9   st=0.5  real           supp    red=+0.0151 ok=False
[steer] qwen   crows_socioeconomic  s1 L9   st=2.0  real           supp    red=+0.1994 ok=False
[steer] qwen   crows_socioeconomic  s1 L9   st=4.0  real           supp    red=+0.1001 ok=False
[steer] qwen   crows_socioeconomic  s1 L9   st=0.5  null_partition supp    red=+0.1799 ok=False
[steer] qwen   crows_socioeconomic  s1 L9   st=2.0  null_partition supp    red=+0.1350 ok=False
[steer] qwen   crows_socioeconomic  s1 L9   st=4.0  null_partition supp    red=+0.1795 ok=False
[steer] qwen   crows_socioeconomic  s1 L9   st=0.5  null_random    supp    red=+0.1864 ok=False
[steer] qwen   crows_socioeconomic  s1 L9   st=2.0  null_random    supp    red=+0.1135 ok=False
[steer] qwen   crows_socioeconomic  s1 L9   st=4.0  null_random    supp    red=+0.1198 ok=False
[steer] qwen   crows_socioeconomic  s1 L14  st=0.5  real           supp    red=+0.1635 ok=False
[steer] qwen   crows_socioeconomic  s1 L14  st=2.0  real           supp    red=+0.1698 ok=False
[steer] qwen   crows_socioeconomic  s1 L14  st=4.0  real           supp    red=+0.2113 ok=False
[steer] qwen   crows_socioeconomic  s1 L14  st=0.5  null_partition supp    red=+0.1709 ok=False
[steer] qwen   crows_socioeconomic  s1 L14  st=2.0  null_partition supp    red=+0.0639 ok=False
[steer] qwen   crows_socioeconomic  s1 L14  st=4.0  null_partition supp    red=+0.1745 ok=False
[steer] qwen   crows_socioeconomic  s1 L14  st=0.5  null_random    supp    red=+0.2292 ok=False
[steer] qwen   crows_socioeconomic  s1 L14  st=2.0  null_random    supp    red=+0.2036 ok=False
[steer] qwen   crows_socioeconomic  s1 L14  st=4.0  null_random    supp    red=+0.2038 ok=False
[steer] qwen   crows_socioeconomic  s1 L21  st=0.5  real           supp    red=+0.2158 ok=False
[steer] qwen   crows_socioeconomic  s1 L21  st=2.0  real           supp    red=+0.0946 ok=False
[steer] qwen   crows_socioeconomic  s1 L21  st=4.0  real           supp    red=+0.0846 ok=False
[steer] qwen   crows_socioeconomic  s1 L21  st=0.5  null_partition supp    red=+0.0897 ok=False
[steer] qwen   crows_socioeconomic  s1 L21  st=2.0  null_partition supp    red=+0.0780 ok=False
[steer] qwen   crows_socioeconomic  s1 L21  st=4.0  null_partition supp    red=+0.2088 ok=False
[steer] qwen   crows_socioeconomic  s1 L21  st=0.5  null_random    supp    red=+0.1482 ok=False
[steer] qwen   crows_socioeconomic  s1 L21  st=2.0  null_random    supp    red=+0.0553 ok=False
[steer] qwen   crows_socioeconomic  s1 L21  st=4.0  null_random    supp    red=+0.0338 ok=False
[steer] qwen   crows_socioeconomic  s1 L30  st=0.5  real           supp    red=+0.0178 ok=False
[steer] qwen   crows_socioeconomic  s1 L30  st=2.0  real           supp    red=+0.0620 ok=False
[steer] qwen   crows_socioeconomic  s1 L30  st=4.0  real           supp    red=+0.0811 ok=False
[steer] qwen   crows_socioeconomic  s1 L30  st=0.5  null_partition supp    red=+0.0587 ok=False
[steer] qwen   crows_socioeconomic  s1 L30  st=2.0  null_partition supp    red=+0.1631 ok=False
[steer] qwen   crows_socioeconomic  s1 L30  st=4.0  null_partition supp    red=+0.2039 ok=False
[steer] qwen   crows_socioeconomic  s1 L30  st=0.5  null_random    supp    red=+0.0284 ok=False
[steer] qwen   crows_socioeconomic  s1 L30  st=2.0  null_random    supp    red=+0.1037 ok=False
[steer] qwen   crows_socioeconomic  s1 L30  st=4.0  null_random    supp    red=+0.0544 ok=False
[steer] qwen   crows_socioeconomic  s2 L18  st=0.25 real           primary red=+0.1316 ok=False
[steer] qwen   crows_socioeconomic  s2 L18  st=1.0  real           primary red=+0.1690 ok=False
[steer] qwen   crows_socioeconomic  s2 L18  st=0.25 null_partition primary red=+0.0375 ok=False
[steer] qwen   crows_socioeconomic  s2 L18  st=1.0  null_partition primary red=-0.0170 ok=False
[steer] qwen   crows_socioeconomic  s2 L18  st=0.25 null_random    primary red=-0.0099 ok=False
[steer] qwen   crows_socioeconomic  s2 L18  st=1.0  null_random    primary red=+0.1601 ok=False
[steer] qwen   crows_socioeconomic  s2 L26  st=0.25 real           primary red=-0.0006 ok=False
[steer] qwen   crows_socioeconomic  s2 L26  st=1.0  real           primary red=+0.1866 ok=False
[steer] qwen   crows_socioeconomic  s2 L26  st=0.25 null_partition primary red=-0.0002 ok=False
[steer] qwen   crows_socioeconomic  s2 L26  st=1.0  null_partition primary red=-0.0612 ok=False
[steer] qwen   crows_socioeconomic  s2 L26  st=0.25 null_random    primary red=+0.0021 ok=False
[steer] qwen   crows_socioeconomic  s2 L26  st=1.0  null_random    primary red=+0.1448 ok=False
[steer] qwen   crows_socioeconomic  s2 L9   st=0.5  real           supp    red=+0.0920 ok=False
[steer] qwen   crows_socioeconomic  s2 L9   st=2.0  real           supp    red=+0.1609 ok=False
[steer] qwen   crows_socioeconomic  s2 L9   st=4.0  real           supp    red=+0.1296 ok=False
[steer] qwen   crows_socioeconomic  s2 L9   st=0.5  null_partition supp    red=+0.1152 ok=False
[steer] qwen   crows_socioeconomic  s2 L9   st=2.0  null_partition supp    red=-0.1261 ok=False
[steer] qwen   crows_socioeconomic  s2 L9   st=4.0  null_partition supp    red=-0.0712 ok=False
[steer] qwen   crows_socioeconomic  s2 L9   st=0.5  null_random    supp    red=+0.1028 ok=False
[steer] qwen   crows_socioeconomic  s2 L9   st=2.0  null_random    supp    red=+0.0797 ok=False
[steer] qwen   crows_socioeconomic  s2 L9   st=4.0  null_random    supp    red=+0.1220 ok=False
[steer] qwen   crows_socioeconomic  s2 L14  st=0.5  real           supp    red=+0.1737 ok=False
[steer] qwen   crows_socioeconomic  s2 L14  st=2.0  real           supp    red=+0.1331 ok=False
[steer] qwen   crows_socioeconomic  s2 L14  st=4.0  real           supp    red=+0.2083 ok=False
[steer] qwen   crows_socioeconomic  s2 L14  st=0.5  null_partition supp    red=+0.0461 ok=False
[steer] qwen   crows_socioeconomic  s2 L14  st=2.0  null_partition supp    red=+0.0179 ok=False
[steer] qwen   crows_socioeconomic  s2 L14  st=4.0  null_partition supp    red=-0.0224 ok=False
[steer] qwen   crows_socioeconomic  s2 L14  st=0.5  null_random    supp    red=+0.1885 ok=False
[steer] qwen   crows_socioeconomic  s2 L14  st=2.0  null_random    supp    red=+0.1449 ok=False
[steer] qwen   crows_socioeconomic  s2 L14  st=4.0  null_random    supp    red=+0.2250 ok=False
[steer] qwen   crows_socioeconomic  s2 L21  st=0.5  real           supp    red=+0.2149 ok=False
[steer] qwen   crows_socioeconomic  s2 L21  st=2.0  real           supp    red=+0.1223 ok=False
[steer] qwen   crows_socioeconomic  s2 L21  st=4.0  real           supp    red=+0.1153 ok=False
[steer] qwen   crows_socioeconomic  s2 L21  st=0.5  null_partition supp    red=+0.0646 ok=False
[steer] qwen   crows_socioeconomic  s2 L21  st=2.0  null_partition supp    red=+0.0689 ok=False
[steer] qwen   crows_socioeconomic  s2 L21  st=4.0  null_partition supp    red=+0.0353 ok=False
[steer] qwen   crows_socioeconomic  s2 L21  st=0.5  null_random    supp    red=+0.2233 ok=False
[steer] qwen   crows_socioeconomic  s2 L21  st=2.0  null_random    supp    red=+0.1945 ok=False
[steer] qwen   crows_socioeconomic  s2 L21  st=4.0  null_random    supp    red=+0.1487 ok=False
[steer] qwen   crows_socioeconomic  s2 L30  st=0.5  real           supp    red=+0.0406 ok=False
[steer] qwen   crows_socioeconomic  s2 L30  st=2.0  real           supp    red=+0.1084 ok=False
[steer] qwen   crows_socioeconomic  s2 L30  st=4.0  real           supp    red=+0.1288 ok=False
[steer] qwen   crows_socioeconomic  s2 L30  st=0.5  null_partition supp    red=+0.0017 ok=False
[steer] qwen   crows_socioeconomic  s2 L30  st=2.0  null_partition supp    red=+0.1017 ok=False
[steer] qwen   crows_socioeconomic  s2 L30  st=4.0  null_partition supp    red=+0.0540 ok=False
[steer] qwen   crows_socioeconomic  s2 L30  st=0.5  null_random    supp    red=+0.0110 ok=False
[steer] qwen   crows_socioeconomic  s2 L30  st=2.0  null_random    supp    red=+0.2285 ok=False
[steer] qwen   crows_socioeconomic  s2 L30  st=4.0  null_random    supp    red=+0.1244 ok=False
[transformers] This model config has set a `rope_parameters['original_max_position_embeddings']` field, to be used together with `max_position_embeddings` to determine a scaling factor. Please set the `factor` field of `rope_parameters`with this ratio instead -- we recommend the use of this field over `original_max_position_embeddings`, as it is compatible with most model architectures.
Loading weights:   0%|                                                       | 0/195 [00:00<?, ?it/s]Loading weights: 100%|███████████████████████████████████████████| 195/195 [00:00<00:00, 5584.20it/s]
[steer] phi    occ_gender           s0 L16  st=0.25 real           primary red=+0.5685 ok=False
[steer] phi    occ_gender           s0 L16  st=1.0  real           primary red=+0.7229 ok=False
[steer] phi    occ_gender           s0 L16  st=0.25 null_partition primary red=+0.3190 ok=False
[steer] phi    occ_gender           s0 L16  st=1.0  null_partition primary red=+0.7157 ok=False
[steer] phi    occ_gender           s0 L16  st=0.25 null_random    primary red=+0.4406 ok=False
[steer] phi    occ_gender           s0 L16  st=1.0  null_random    primary red=+0.6894 ok=False
[steer] phi    occ_gender           s0 L23  st=0.25 real           primary red=+0.7323 ok=False
[steer] phi    occ_gender           s0 L23  st=1.0  real           primary red=+0.7327 ok=False
[steer] phi    occ_gender           s0 L23  st=0.25 null_partition primary red=+0.2093 ok=False
[steer] phi    occ_gender           s0 L23  st=1.0  null_partition primary red=+0.7326 ok=False
[steer] phi    occ_gender           s0 L23  st=0.25 null_random    primary red=+0.0503 ok=False
[steer] phi    occ_gender           s0 L23  st=1.0  null_random    primary red=+0.7319 ok=False
[steer] phi    occ_gender           s0 L8   st=0.5  real           supp    red=+0.7196 ok=False
[steer] phi    occ_gender           s0 L8   st=2.0  real           supp    red=+0.7326 ok=False
[steer] phi    occ_gender           s0 L8   st=4.0  real           supp    red=+0.7319 ok=False
[steer] phi    occ_gender           s0 L8   st=0.5  null_partition supp    red=+0.6043 ok=False
[steer] phi    occ_gender           s0 L8   st=2.0  null_partition supp    red=+0.5907 ok=False
[steer] phi    occ_gender           s0 L8   st=4.0  null_partition supp    red=+0.6860 ok=False
[steer] phi    occ_gender           s0 L8   st=0.5  null_random    supp    red=+0.7249 ok=False
[steer] phi    occ_gender           s0 L8   st=2.0  null_random    supp    red=+0.7297 ok=False
[steer] phi    occ_gender           s0 L8   st=4.0  null_random    supp    red=+0.7291 ok=False
[steer] phi    occ_gender           s0 L12  st=0.5  real           supp    red=+0.7096 ok=False
[steer] phi    occ_gender           s0 L12  st=2.0  real           supp    red=+0.7326 ok=False
[steer] phi    occ_gender           s0 L12  st=4.0  real           supp    red=+0.7327 ok=False
[steer] phi    occ_gender           s0 L12  st=0.5  null_partition supp    red=+0.3680 ok=False
[steer] phi    occ_gender           s0 L12  st=2.0  null_partition supp    red=+0.6280 ok=False
[steer] phi    occ_gender           s0 L12  st=4.0  null_partition supp    red=+0.7274 ok=False
[steer] phi    occ_gender           s0 L12  st=0.5  null_random    supp    red=+0.7052 ok=False
[steer] phi    occ_gender           s0 L12  st=2.0  null_random    supp    red=+0.7326 ok=False
[steer] phi    occ_gender           s0 L12  st=4.0  null_random    supp    red=+0.7327 ok=False
[steer] phi    occ_gender           s0 L19  st=0.5  real           supp    red=+0.5117 ok=False
[steer] phi    occ_gender           s0 L19  st=2.0  real           supp    red=+0.7327 ok=False
[steer] phi    occ_gender           s0 L19  st=4.0  real           supp    red=+0.7327 ok=False
[steer] phi    occ_gender           s0 L19  st=0.5  null_partition supp    red=+0.3335 ok=False
[steer] phi    occ_gender           s0 L19  st=2.0  null_partition supp    red=+0.7144 ok=False
[steer] phi    occ_gender           s0 L19  st=4.0  null_partition supp    red=+0.7177 ok=False
[steer] phi    occ_gender           s0 L19  st=0.5  null_random    supp    red=+0.1359 ok=False
[steer] phi    occ_gender           s0 L19  st=2.0  null_random    supp    red=+0.5962 ok=False
[steer] phi    occ_gender           s0 L19  st=4.0  null_random    supp    red=+0.6086 ok=False
[steer] phi    occ_gender           s0 L26  st=0.5  real           supp    red=+0.7322 ok=False
[steer] phi    occ_gender           s0 L26  st=2.0  real           supp    red=+0.7327 ok=False
[steer] phi    occ_gender           s0 L26  st=4.0  real           supp    red=+0.7327 ok=False
[steer] phi    occ_gender           s0 L26  st=0.5  null_partition supp    red=+0.4744 ok=False
[steer] phi    occ_gender           s0 L26  st=2.0  null_partition supp    red=+0.7326 ok=False
[steer] phi    occ_gender           s0 L26  st=4.0  null_partition supp    red=+0.7327 ok=False
[steer] phi    occ_gender           s0 L26  st=0.5  null_random    supp    red=+0.1526 ok=False
[steer] phi    occ_gender           s0 L26  st=2.0  null_random    supp    red=+0.2878 ok=False
[steer] phi    occ_gender           s0 L26  st=4.0  null_random    supp    red=+0.4572 ok=False
[steer] phi    occ_gender           s1 L16  st=0.25 real           primary red=+0.4532 ok=False
[steer] phi    occ_gender           s1 L16  st=1.0  real           primary red=+0.7254 ok=False
[steer] phi    occ_gender           s1 L16  st=0.25 null_partition primary red=+0.2249 ok=False
[steer] phi    occ_gender           s1 L16  st=1.0  null_partition primary red=+0.7249 ok=False
[steer] phi    occ_gender           s1 L16  st=0.25 null_random    primary red=+0.3705 ok=False
[steer] phi    occ_gender           s1 L16  st=1.0  null_random    primary red=+0.6815 ok=False
[steer] phi    occ_gender           s1 L23  st=0.25 real           primary red=+0.7318 ok=False
[steer] phi    occ_gender           s1 L23  st=1.0  real           primary red=+0.7321 ok=False
[steer] phi    occ_gender           s1 L23  st=0.25 null_partition primary red=+0.1123 ok=False
[steer] phi    occ_gender           s1 L23  st=1.0  null_partition primary red=+0.6825 ok=False
[steer] phi    occ_gender           s1 L23  st=0.25 null_random    primary red=+0.0297 ok=False
[steer] phi    occ_gender           s1 L23  st=1.0  null_random    primary red=+0.6758 ok=False
[steer] phi    occ_gender           s1 L8   st=0.5  real           supp    red=+0.6581 ok=False
[steer] phi    occ_gender           s1 L8   st=2.0  real           supp    red=+0.7327 ok=False
[steer] phi    occ_gender           s1 L8   st=4.0  real           supp    red=+0.7324 ok=False
[steer] phi    occ_gender           s1 L8   st=0.5  null_partition supp    red=+0.2451 ok=False
[steer] phi    occ_gender           s1 L8   st=2.0  null_partition supp    red=+0.7191 ok=False
[steer] phi    occ_gender           s1 L8   st=4.0  null_partition supp    red=+0.7317 ok=False
[steer] phi    occ_gender           s1 L8   st=0.5  null_random    supp    red=+0.7307 ok=False
[steer] phi    occ_gender           s1 L8   st=2.0  null_random    supp    red=+0.7099 ok=False
[steer] phi    occ_gender           s1 L8   st=4.0  null_random    supp    red=+0.7323 ok=False
[steer] phi    occ_gender           s1 L12  st=0.5  real           supp    red=+0.7115 ok=False
[steer] phi    occ_gender           s1 L12  st=2.0  real           supp    red=+0.7324 ok=False
[steer] phi    occ_gender           s1 L12  st=4.0  real           supp    red=+0.7327 ok=False
[steer] phi    occ_gender           s1 L12  st=0.5  null_partition supp    red=+0.5706 ok=False
[steer] phi    occ_gender           s1 L12  st=2.0  null_partition supp    red=+0.5798 ok=False
[steer] phi    occ_gender           s1 L12  st=4.0  null_partition supp    red=+0.6996 ok=False
[steer] phi    occ_gender           s1 L12  st=0.5  null_random    supp    red=+0.6561 ok=False
[steer] phi    occ_gender           s1 L12  st=2.0  null_random    supp    red=+0.7251 ok=False
[steer] phi    occ_gender           s1 L12  st=4.0  null_random    supp    red=+0.7305 ok=False
[steer] phi    occ_gender           s1 L19  st=0.5  real           supp    red=+0.4805 ok=False
[steer] phi    occ_gender           s1 L19  st=2.0  real           supp    red=+0.7327 ok=False
[steer] phi    occ_gender           s1 L19  st=4.0  real           supp    red=+0.7327 ok=False
[steer] phi    occ_gender           s1 L19  st=0.5  null_partition supp    red=+0.7035 ok=False
[steer] phi    occ_gender           s1 L19  st=2.0  null_partition supp    red=+0.7325 ok=False
[steer] phi    occ_gender           s1 L19  st=4.0  null_partition supp    red=+0.7262 ok=False
[steer] phi    occ_gender           s1 L19  st=0.5  null_random    supp    red=+0.2088 ok=False
[steer] phi    occ_gender           s1 L19  st=2.0  null_random    supp    red=+0.5551 ok=False
[steer] phi    occ_gender           s1 L19  st=4.0  null_random    supp    red=+0.7120 ok=False
[steer] phi    occ_gender           s1 L26  st=0.5  real           supp    red=+0.7324 ok=False
[steer] phi    occ_gender           s1 L26  st=2.0  real           supp    red=+0.7327 ok=False
[steer] phi    occ_gender           s1 L26  st=4.0  real           supp    red=+0.7327 ok=False
[steer] phi    occ_gender           s1 L26  st=0.5  null_partition supp    red=+0.1838 ok=False
[steer] phi    occ_gender           s1 L26  st=2.0  null_partition supp    red=+0.7305 ok=False
[steer] phi    occ_gender           s1 L26  st=4.0  null_partition supp    red=+0.7319 ok=False
[steer] phi    occ_gender           s1 L26  st=0.5  null_random    supp    red=-0.0685 ok=False
[steer] phi    occ_gender           s1 L26  st=2.0  null_random    supp    red=+0.5568 ok=False
[steer] phi    occ_gender           s1 L26  st=4.0  null_random    supp    red=+0.7159 ok=False
[steer] phi    occ_gender           s2 L16  st=0.25 real           primary red=+0.7287 ok=False
[steer] phi    occ_gender           s2 L16  st=1.0  real           primary red=+0.7243 ok=False
[steer] phi    occ_gender           s2 L16  st=0.25 null_partition primary red=+0.5623 ok=False
[steer] phi    occ_gender           s2 L16  st=1.0  null_partition primary red=+0.7309 ok=False
[steer] phi    occ_gender           s2 L16  st=0.25 null_random    primary red=+0.0359 ok=False
[steer] phi    occ_gender           s2 L16  st=1.0  null_random    primary red=+0.5677 ok=False
[steer] phi    occ_gender           s2 L23  st=0.25 real           primary red=+0.7320 ok=False
[steer] phi    occ_gender           s2 L23  st=1.0  real           primary red=+0.7327 ok=False
[steer] phi    occ_gender           s2 L23  st=0.25 null_partition primary red=+0.1159 ok=False
[steer] phi    occ_gender           s2 L23  st=1.0  null_partition primary red=+0.5725 ok=False
[steer] phi    occ_gender           s2 L23  st=0.25 null_random    primary red=+0.2696 ok=False
[steer] phi    occ_gender           s2 L23  st=1.0  null_random    primary red=+0.7312 ok=False
[steer] phi    occ_gender           s2 L8   st=0.5  real           supp    red=+0.5812 ok=False
[steer] phi    occ_gender           s2 L8   st=2.0  real           supp    red=+0.7327 ok=False
[steer] phi    occ_gender           s2 L8   st=4.0  real           supp    red=+0.7317 ok=False
[steer] phi    occ_gender           s2 L8   st=0.5  null_partition supp    red=+0.7211 ok=False
[steer] phi    occ_gender           s2 L8   st=2.0  null_partition supp    red=+0.7315 ok=False
[steer] phi    occ_gender           s2 L8   st=4.0  null_partition supp    red=+0.7308 ok=False
[steer] phi    occ_gender           s2 L8   st=0.5  null_random    supp    red=+0.7235 ok=False
[steer] phi    occ_gender           s2 L8   st=2.0  null_random    supp    red=+0.7198 ok=False
[steer] phi    occ_gender           s2 L8   st=4.0  null_random    supp    red=+0.7279 ok=False
[steer] phi    occ_gender           s2 L12  st=0.5  real           supp    red=+0.7214 ok=False
[steer] phi    occ_gender           s2 L12  st=2.0  real           supp    red=+0.7323 ok=False
[steer] phi    occ_gender           s2 L12  st=4.0  real           supp    red=+0.7327 ok=False
[steer] phi    occ_gender           s2 L12  st=0.5  null_partition supp    red=+0.7310 ok=False
[steer] phi    occ_gender           s2 L12  st=2.0  null_partition supp    red=+0.7282 ok=False
[steer] phi    occ_gender           s2 L12  st=4.0  null_partition supp    red=+0.7010 ok=False
[steer] phi    occ_gender           s2 L12  st=0.5  null_random    supp    red=+0.4422 ok=False
[steer] phi    occ_gender           s2 L12  st=2.0  null_random    supp    red=+0.6640 ok=False
[steer] phi    occ_gender           s2 L12  st=4.0  null_random    supp    red=+0.7294 ok=False
[steer] phi    occ_gender           s2 L19  st=0.5  real           supp    red=+0.5256 ok=False
[steer] phi    occ_gender           s2 L19  st=2.0  real           supp    red=+0.7327 ok=False
[steer] phi    occ_gender           s2 L19  st=4.0  real           supp    red=+0.7327 ok=False
[steer] phi    occ_gender           s2 L19  st=0.5  null_partition supp    red=+0.6903 ok=False
[steer] phi    occ_gender           s2 L19  st=2.0  null_partition supp    red=+0.7315 ok=False
[steer] phi    occ_gender           s2 L19  st=4.0  null_partition supp    red=+0.7296 ok=False
[steer] phi    occ_gender           s2 L19  st=0.5  null_random    supp    red=+0.6259 ok=False
[steer] phi    occ_gender           s2 L19  st=2.0  null_random    supp    red=+0.7319 ok=False
[steer] phi    occ_gender           s2 L19  st=4.0  null_random    supp    red=+0.7262 ok=False
[steer] phi    occ_gender           s2 L26  st=0.5  real           supp    red=+0.7309 ok=False
[steer] phi    occ_gender           s2 L26  st=2.0  real           supp    red=+0.7327 ok=False
[steer] phi    occ_gender           s2 L26  st=4.0  real           supp    red=+0.7327 ok=False
[steer] phi    occ_gender           s2 L26  st=0.5  null_partition supp    red=+0.2287 ok=False
[steer] phi    occ_gender           s2 L26  st=2.0  null_partition supp    red=+0.6992 ok=False
[steer] phi    occ_gender           s2 L26  st=4.0  null_partition supp    red=+0.7262 ok=False
[steer] phi    occ_gender           s2 L26  st=0.5  null_random    supp    red=+0.1392 ok=False
[steer] phi    occ_gender           s2 L26  st=2.0  null_random    supp    red=+0.7067 ok=False
[steer] phi    occ_gender           s2 L26  st=4.0  null_random    supp    red=+0.7324 ok=False
[steer] phi    crows_socioeconomic  s0 L16  st=0.25 real           primary red=+0.1055 ok=False
[steer] phi    crows_socioeconomic  s0 L16  st=1.0  real           primary red=-0.0987 ok=False
[steer] phi    crows_socioeconomic  s0 L16  st=0.25 null_partition primary red=+0.0521 ok=False
[steer] phi    crows_socioeconomic  s0 L16  st=1.0  null_partition primary red=+0.0382 ok=False
[steer] phi    crows_socioeconomic  s0 L16  st=0.25 null_random    primary red=+0.1180 ok=False
[steer] phi    crows_socioeconomic  s0 L16  st=1.0  null_random    primary red=-0.0441 ok=False
[steer] phi    crows_socioeconomic  s0 L23  st=0.25 real           primary red=+0.0756 ok=False
[steer] phi    crows_socioeconomic  s0 L23  st=1.0  real           primary red=-0.2071 ok=False
[steer] phi    crows_socioeconomic  s0 L23  st=0.25 null_partition primary red=+0.0089 ok=False
[steer] phi    crows_socioeconomic  s0 L23  st=1.0  null_partition primary red=-0.0149 ok=False
[steer] phi    crows_socioeconomic  s0 L23  st=0.25 null_random    primary red=+0.0169 ok=False
[steer] phi    crows_socioeconomic  s0 L23  st=1.0  null_random    primary red=+0.0601 ok=False
[steer] phi    crows_socioeconomic  s0 L8   st=0.5  real           supp    red=+0.1324 ok=False
[steer] phi    crows_socioeconomic  s0 L8   st=2.0  real           supp    red=-0.0904 ok=False
[steer] phi    crows_socioeconomic  s0 L8   st=4.0  real           supp    red=-0.2258 ok=False
[steer] phi    crows_socioeconomic  s0 L8   st=0.5  null_partition supp    red=+0.0246 ok=False
[steer] phi    crows_socioeconomic  s0 L8   st=2.0  null_partition supp    red=+0.0858 ok=False
[steer] phi    crows_socioeconomic  s0 L8   st=4.0  null_partition supp    red=+0.0021 ok=False
[steer] phi    crows_socioeconomic  s0 L8   st=0.5  null_random    supp    red=+0.0508 ok=False
[steer] phi    crows_socioeconomic  s0 L8   st=2.0  null_random    supp    red=-0.2280 ok=False
[steer] phi    crows_socioeconomic  s0 L8   st=4.0  null_random    supp    red=-0.0968 ok=False
[steer] phi    crows_socioeconomic  s0 L12  st=0.5  real           supp    red=-0.0168 ok=False
[steer] phi    crows_socioeconomic  s0 L12  st=2.0  real           supp    red=-0.3962 ok=False
[steer] phi    crows_socioeconomic  s0 L12  st=4.0  real           supp    red=-0.3766 ok=False
[steer] phi    crows_socioeconomic  s0 L12  st=0.5  null_partition supp    red=+0.1369 ok=False
[steer] phi    crows_socioeconomic  s0 L12  st=2.0  null_partition supp    red=+0.0805 ok=False
[steer] phi    crows_socioeconomic  s0 L12  st=4.0  null_partition supp    red=-0.1886 ok=False
[steer] phi    crows_socioeconomic  s0 L12  st=0.5  null_random    supp    red=-0.0333 ok=False
[steer] phi    crows_socioeconomic  s0 L12  st=2.0  null_random    supp    red=+0.0562 ok=False
[steer] phi    crows_socioeconomic  s0 L12  st=4.0  null_random    supp    red=+0.0979 ok=False
[steer] phi    crows_socioeconomic  s0 L19  st=0.5  real           supp    red=-0.0547 ok=False
[steer] phi    crows_socioeconomic  s0 L19  st=2.0  real           supp    red=-0.3147 ok=False
[steer] phi    crows_socioeconomic  s0 L19  st=4.0  real           supp    red=-0.3723 ok=False
[steer] phi    crows_socioeconomic  s0 L19  st=0.5  null_partition supp    red=+0.0595 ok=False
[steer] phi    crows_socioeconomic  s0 L19  st=2.0  null_partition supp    red=-0.0185 ok=False
[steer] phi    crows_socioeconomic  s0 L19  st=4.0  null_partition supp    red=+0.1339 ok=False
[steer] phi    crows_socioeconomic  s0 L19  st=0.5  null_random    supp    red=+0.0457 ok=False
[steer] phi    crows_socioeconomic  s0 L19  st=2.0  null_random    supp    red=-0.2475 ok=False
[steer] phi    crows_socioeconomic  s0 L19  st=4.0  null_random    supp    red=-0.2244 ok=False
[steer] phi    crows_socioeconomic  s0 L26  st=0.5  real           supp    red=-0.0508 ok=False
[steer] phi    crows_socioeconomic  s0 L26  st=2.0  real           supp    red=-0.4419 ok=False
[steer] phi    crows_socioeconomic  s0 L26  st=4.0  real           supp    red=-0.5869 ok=False
[steer] phi    crows_socioeconomic  s0 L26  st=0.5  null_partition supp    red=-0.0424 ok=False
[steer] phi    crows_socioeconomic  s0 L26  st=2.0  null_partition supp    red=-0.0954 ok=False
[steer] phi    crows_socioeconomic  s0 L26  st=4.0  null_partition supp    red=-0.0062 ok=False
[steer] phi    crows_socioeconomic  s0 L26  st=0.5  null_random    supp    red=+0.0557 ok=False
[steer] phi    crows_socioeconomic  s0 L26  st=2.0  null_random    supp    red=+0.1150 ok=False
[steer] phi    crows_socioeconomic  s0 L26  st=4.0  null_random    supp    red=+0.1247 ok=False
[steer] phi    crows_socioeconomic  s1 L16  st=0.25 real           primary red=+0.1127 ok=False
[steer] phi    crows_socioeconomic  s1 L16  st=1.0  real           primary red=-0.1161 ok=False
[steer] phi    crows_socioeconomic  s1 L16  st=0.25 null_partition primary red=+0.0168 ok=False
[steer] phi    crows_socioeconomic  s1 L16  st=1.0  null_partition primary red=+0.0225 ok=False
[steer] phi    crows_socioeconomic  s1 L16  st=0.25 null_random    primary red=+0.0601 ok=False
[steer] phi    crows_socioeconomic  s1 L16  st=1.0  null_random    primary red=+0.1165 ok=False
[steer] phi    crows_socioeconomic  s1 L23  st=0.25 real           primary red=+0.1166 ok=False
[steer] phi    crows_socioeconomic  s1 L23  st=1.0  real           primary red=-0.1293 ok=False
[steer] phi    crows_socioeconomic  s1 L23  st=0.25 null_partition primary red=-0.0042 ok=True
[steer] phi    crows_socioeconomic  s1 L23  st=1.0  null_partition primary red=+0.0135 ok=False
[steer] phi    crows_socioeconomic  s1 L23  st=0.25 null_random    primary red=+0.0752 ok=False
[steer] phi    crows_socioeconomic  s1 L23  st=1.0  null_random    primary red=+0.1057 ok=False
[steer] phi    crows_socioeconomic  s1 L8   st=0.5  real           supp    red=+0.1290 ok=False
[steer] phi    crows_socioeconomic  s1 L8   st=2.0  real           supp    red=-0.0284 ok=False
[steer] phi    crows_socioeconomic  s1 L8   st=4.0  real           supp    red=-0.1286 ok=False
[steer] phi    crows_socioeconomic  s1 L8   st=0.5  null_partition supp    red=+0.0436 ok=False
[steer] phi    crows_socioeconomic  s1 L8   st=2.0  null_partition supp    red=+0.1315 ok=False
[steer] phi    crows_socioeconomic  s1 L8   st=4.0  null_partition supp    red=+0.1121 ok=False
[steer] phi    crows_socioeconomic  s1 L8   st=0.5  null_random    supp    red=-0.0626 ok=False
[steer] phi    crows_socioeconomic  s1 L8   st=2.0  null_random    supp    red=-0.0023 ok=False
[steer] phi    crows_socioeconomic  s1 L8   st=4.0  null_random    supp    red=+0.1143 ok=False
[steer] phi    crows_socioeconomic  s1 L12  st=0.5  real           supp    red=+0.0589 ok=False
[steer] phi    crows_socioeconomic  s1 L12  st=2.0  real           supp    red=-0.2450 ok=False
[steer] phi    crows_socioeconomic  s1 L12  st=4.0  real           supp    red=-0.3126 ok=False
[steer] phi    crows_socioeconomic  s1 L12  st=0.5  null_partition supp    red=+0.0496 ok=False
[steer] phi    crows_socioeconomic  s1 L12  st=2.0  null_partition supp    red=+0.0660 ok=False
[steer] phi    crows_socioeconomic  s1 L12  st=4.0  null_partition supp    red=+0.0538 ok=False
[steer] phi    crows_socioeconomic  s1 L12  st=0.5  null_random    supp    red=+0.0761 ok=False
[steer] phi    crows_socioeconomic  s1 L12  st=2.0  null_random    supp    red=-0.0976 ok=False
[steer] phi    crows_socioeconomic  s1 L12  st=4.0  null_random    supp    red=-0.1856 ok=False
[steer] phi    crows_socioeconomic  s1 L19  st=0.5  real           supp    red=-0.0055 ok=False
[steer] phi    crows_socioeconomic  s1 L19  st=2.0  real           supp    red=-0.2809 ok=False
[steer] phi    crows_socioeconomic  s1 L19  st=4.0  real           supp    red=-0.2435 ok=False
[steer] phi    crows_socioeconomic  s1 L19  st=0.5  null_partition supp    red=+0.0195 ok=False
[steer] phi    crows_socioeconomic  s1 L19  st=2.0  null_partition supp    red=+0.0742 ok=False
[steer] phi    crows_socioeconomic  s1 L19  st=4.0  null_partition supp    red=+0.1127 ok=False
[steer] phi    crows_socioeconomic  s1 L19  st=0.5  null_random    supp    red=+0.1120 ok=False
[steer] phi    crows_socioeconomic  s1 L19  st=2.0  null_random    supp    red=-0.0459 ok=False
[steer] phi    crows_socioeconomic  s1 L19  st=4.0  null_random    supp    red=-0.0658 ok=False
[steer] phi    crows_socioeconomic  s1 L26  st=0.5  real           supp    red=+0.0324 ok=False
[steer] phi    crows_socioeconomic  s1 L26  st=2.0  real           supp    red=-0.2837 ok=False
[steer] phi    crows_socioeconomic  s1 L26  st=4.0  real           supp    red=-0.3770 ok=False
[steer] phi    crows_socioeconomic  s1 L26  st=0.5  null_partition supp    red=+0.0336 ok=False
[steer] phi    crows_socioeconomic  s1 L26  st=2.0  null_partition supp    red=+0.0233 ok=False
[steer] phi    crows_socioeconomic  s1 L26  st=4.0  null_partition supp    red=+0.0575 ok=False
[steer] phi    crows_socioeconomic  s1 L26  st=0.5  null_random    supp    red=+0.0234 ok=False
[steer] phi    crows_socioeconomic  s1 L26  st=2.0  null_random    supp    red=+0.0169 ok=False
[steer] phi    crows_socioeconomic  s1 L26  st=4.0  null_random    supp    red=+0.0297 ok=False
[steer] phi    crows_socioeconomic  s2 L16  st=0.25 real           primary red=+0.1290 ok=False
[steer] phi    crows_socioeconomic  s2 L16  st=1.0  real           primary red=-0.1056 ok=False
[steer] phi    crows_socioeconomic  s2 L16  st=0.25 null_partition primary red=+0.0307 ok=False
[steer] phi    crows_socioeconomic  s2 L16  st=1.0  null_partition primary red=+0.1291 ok=False
[steer] phi    crows_socioeconomic  s2 L16  st=0.25 null_random    primary red=-0.0540 ok=False
[steer] phi    crows_socioeconomic  s2 L16  st=1.0  null_random    primary red=-0.0572 ok=False
[steer] phi    crows_socioeconomic  s2 L23  st=0.25 real           primary red=+0.1088 ok=False
[steer] phi    crows_socioeconomic  s2 L23  st=1.0  real           primary red=-0.1594 ok=False
[steer] phi    crows_socioeconomic  s2 L23  st=0.25 null_partition primary red=+0.0626 ok=False
[steer] phi    crows_socioeconomic  s2 L23  st=1.0  null_partition primary red=+0.1284 ok=False
[steer] phi    crows_socioeconomic  s2 L23  st=0.25 null_random    primary red=-0.0209 ok=False
[steer] phi    crows_socioeconomic  s2 L23  st=1.0  null_random    primary red=+0.0274 ok=False
[steer] phi    crows_socioeconomic  s2 L8   st=0.5  real           supp    red=+0.1180 ok=False
[steer] phi    crows_socioeconomic  s2 L8   st=2.0  real           supp    red=-0.0923 ok=False
[steer] phi    crows_socioeconomic  s2 L8   st=4.0  real           supp    red=-0.2151 ok=False
[steer] phi    crows_socioeconomic  s2 L8   st=0.5  null_partition supp    red=+0.0826 ok=False
[steer] phi    crows_socioeconomic  s2 L8   st=2.0  null_partition supp    red=+0.0774 ok=False
[steer] phi    crows_socioeconomic  s2 L8   st=4.0  null_partition supp    red=+0.0986 ok=False
[steer] phi    crows_socioeconomic  s2 L8   st=0.5  null_random    supp    red=+0.0187 ok=False
[steer] phi    crows_socioeconomic  s2 L8   st=2.0  null_random    supp    red=-0.1312 ok=False
[steer] phi    crows_socioeconomic  s2 L8   st=4.0  null_random    supp    red=-0.0549 ok=False
[steer] phi    crows_socioeconomic  s2 L12  st=0.5  real           supp    red=+0.0186 ok=False
[steer] phi    crows_socioeconomic  s2 L12  st=2.0  real           supp    red=-0.3228 ok=False
[steer] phi    crows_socioeconomic  s2 L12  st=4.0  real           supp    red=-0.3135 ok=False
[steer] phi    crows_socioeconomic  s2 L12  st=0.5  null_partition supp    red=+0.1259 ok=False
[steer] phi    crows_socioeconomic  s2 L12  st=2.0  null_partition supp    red=+0.1065 ok=False
[steer] phi    crows_socioeconomic  s2 L12  st=4.0  null_partition supp    red=+0.1136 ok=False
[steer] phi    crows_socioeconomic  s2 L12  st=0.5  null_random    supp    red=+0.0956 ok=False
[steer] phi    crows_socioeconomic  s2 L12  st=2.0  null_random    supp    red=+0.1203 ok=False
[steer] phi    crows_socioeconomic  s2 L12  st=4.0  null_random    supp    red=+0.1178 ok=False
[steer] phi    crows_socioeconomic  s2 L19  st=0.5  real           supp    red=+0.0118 ok=False
[steer] phi    crows_socioeconomic  s2 L19  st=2.0  real           supp    red=-0.2931 ok=False
[steer] phi    crows_socioeconomic  s2 L19  st=4.0  real           supp    red=-0.2548 ok=False
[steer] phi    crows_socioeconomic  s2 L19  st=0.5  null_partition supp    red=+0.0845 ok=False
[steer] phi    crows_socioeconomic  s2 L19  st=2.0  null_partition supp    red=+0.1424 ok=False
[steer] phi    crows_socioeconomic  s2 L19  st=4.0  null_partition supp    red=+0.1116 ok=False
[steer] phi    crows_socioeconomic  s2 L19  st=0.5  null_random    supp    red=+0.0032 ok=False
[steer] phi    crows_socioeconomic  s2 L19  st=2.0  null_random    supp    red=+0.1147 ok=False
[steer] phi    crows_socioeconomic  s2 L19  st=4.0  null_random    supp    red=+0.0024 ok=False
[steer] phi    crows_socioeconomic  s2 L26  st=0.5  real           supp    red=+0.0221 ok=False
[steer] phi    crows_socioeconomic  s2 L26  st=2.0  real           supp    red=-0.3097 ok=False
[steer] phi    crows_socioeconomic  s2 L26  st=4.0  real           supp    red=-0.4011 ok=False
[steer] phi    crows_socioeconomic  s2 L26  st=0.5  null_partition supp    red=+0.1207 ok=False
[steer] phi    crows_socioeconomic  s2 L26  st=2.0  null_partition supp    red=+0.0576 ok=False
[steer] phi    crows_socioeconomic  s2 L26  st=4.0  null_partition supp    red=+0.0129 ok=False
[steer] phi    crows_socioeconomic  s2 L26  st=0.5  null_random    supp    red=+0.0714 ok=False
[steer] phi    crows_socioeconomic  s2 L26  st=2.0  null_random    supp    red=+0.1406 ok=False
[steer] phi    crows_socioeconomic  s2 L26  st=4.0  null_random    supp    red=+0.0918 ok=False
Loading weights:   0%|                                                       | 0/288 [00:00<?, ?it/s]Loading weights:  41%|█████████████████▍                         | 117/288 [00:00<00:00, 1137.58it/s]Loading weights:  80%|██████████████████████████████████▍        | 231/288 [00:00<00:00, 1101.58it/s]Loading weights: 100%|███████████████████████████████████████████| 288/288 [00:00<00:00, 1159.47it/s]
[steer] gemma  occ_gender           s0 L12  st=0.25 real           primary red=+0.8562 ok=False
[steer] gemma  occ_gender           s0 L12  st=1.0  real           primary red=+0.6027 ok=False
[steer] gemma  occ_gender           s0 L12  st=0.25 null_partition primary red=+0.2930 ok=False
[steer] gemma  occ_gender           s0 L12  st=1.0  null_partition primary red=+0.8144 ok=False
[steer] gemma  occ_gender           s0 L12  st=0.25 null_random    primary red=+0.0637 ok=False
[steer] gemma  occ_gender           s0 L12  st=1.0  null_random    primary red=+0.8097 ok=False
[steer] gemma  occ_gender           s0 L19  st=0.25 real           primary red=+0.7437 ok=False
[steer] gemma  occ_gender           s0 L19  st=1.0  real           primary red=+0.5966 ok=False
[steer] gemma  occ_gender           s0 L19  st=0.25 null_partition primary red=+0.3534 ok=False
[steer] gemma  occ_gender           s0 L19  st=1.0  null_partition primary red=+0.8552 ok=False
[steer] gemma  occ_gender           s0 L19  st=0.25 null_random    primary red=+0.0433 ok=False
[steer] gemma  occ_gender           s0 L19  st=1.0  null_random    primary red=+0.5505 ok=False
[steer] gemma  occ_gender           s0 L6   st=0.5  real           supp    red=+0.8543 ok=False
[steer] gemma  occ_gender           s0 L6   st=2.0  real           supp    red=+0.8371 ok=False
[steer] gemma  occ_gender           s0 L6   st=4.0  real           supp    red=+0.8598 ok=False
[steer] gemma  occ_gender           s0 L6   st=0.5  null_partition supp    red=+0.2574 ok=False
[steer] gemma  occ_gender           s0 L6   st=2.0  null_partition supp    red=+0.7654 ok=False
[steer] gemma  occ_gender           s0 L6   st=4.0  null_partition supp    red=+0.8482 ok=False
[steer] gemma  occ_gender           s0 L6   st=0.5  null_random    supp    red=+0.0371 ok=False
[steer] gemma  occ_gender           s0 L6   st=2.0  null_random    supp    red=+0.5481 ok=False
[steer] gemma  occ_gender           s0 L6   st=4.0  null_random    supp    red=+0.6961 ok=False
[steer] gemma  occ_gender           s0 L10  st=0.5  real           supp    red=+0.8550 ok=False
[steer] gemma  occ_gender           s0 L10  st=2.0  real           supp    red=+0.8582 ok=False
[steer] gemma  occ_gender           s0 L10  st=4.0  real           supp    red=+0.8598 ok=False
[steer] gemma  occ_gender           s0 L10  st=0.5  null_partition supp    red=+0.5613 ok=False
[steer] gemma  occ_gender           s0 L10  st=2.0  null_partition supp    red=+0.8312 ok=False
[steer] gemma  occ_gender           s0 L10  st=4.0  null_partition supp    red=+0.8164 ok=False
[steer] gemma  occ_gender           s0 L10  st=0.5  null_random    supp    red=+0.1195 ok=False
[steer] gemma  occ_gender           s0 L10  st=2.0  null_random    supp    red=+0.4796 ok=False
[steer] gemma  occ_gender           s0 L10  st=4.0  null_random    supp    red=+0.8569 ok=False
[steer] gemma  occ_gender           s0 L15  st=0.5  real           supp    red=+0.8478 ok=False
[steer] gemma  occ_gender           s0 L15  st=2.0  real           supp    red=+0.8366 ok=False
[steer] gemma  occ_gender           s0 L15  st=4.0  real           supp    red=+0.8598 ok=False
[steer] gemma  occ_gender           s0 L15  st=0.5  null_partition supp    red=+0.8098 ok=False
[steer] gemma  occ_gender           s0 L15  st=2.0  null_partition supp    red=+0.8582 ok=False
[steer] gemma  occ_gender           s0 L15  st=4.0  null_partition supp    red=+0.8470 ok=False
[steer] gemma  occ_gender           s0 L15  st=0.5  null_random    supp    red=+0.6611 ok=False
[steer] gemma  occ_gender           s0 L15  st=2.0  null_random    supp    red=+0.8598 ok=False
[steer] gemma  occ_gender           s0 L15  st=4.0  null_random    supp    red=+0.8586 ok=False
[steer] gemma  occ_gender           s0 L21  st=0.5  real           supp    red=+0.7746 ok=False
[steer] gemma  occ_gender           s0 L21  st=2.0  real           supp    red=+0.8598 ok=False
[steer] gemma  occ_gender           s0 L21  st=4.0  real           supp    red=+0.8598 ok=False
[steer] gemma  occ_gender           s0 L21  st=0.5  null_partition supp    red=+0.3247 ok=False
[steer] gemma  occ_gender           s0 L21  st=2.0  null_partition supp    red=+0.8593 ok=False
[steer] gemma  occ_gender           s0 L21  st=4.0  null_partition supp    red=+0.8598 ok=False
[steer] gemma  occ_gender           s0 L21  st=0.5  null_random    supp    red=+0.0364 ok=False
[steer] gemma  occ_gender           s0 L21  st=2.0  null_random    supp    red=+0.0211 ok=False
[steer] gemma  occ_gender           s0 L21  st=4.0  null_random    supp    red=+0.2847 ok=False
[steer] gemma  occ_gender           s1 L12  st=0.25 real           primary red=+0.8564 ok=False
[steer] gemma  occ_gender           s1 L12  st=1.0  real           primary red=+0.5784 ok=False
[steer] gemma  occ_gender           s1 L12  st=0.25 null_partition primary red=+0.0211 ok=False
[steer] gemma  occ_gender           s1 L12  st=1.0  null_partition primary red=+0.2360 ok=False
[steer] gemma  occ_gender           s1 L12  st=0.25 null_random    primary red=+0.0245 ok=False
[steer] gemma  occ_gender           s1 L12  st=1.0  null_random    primary red=+0.7386 ok=False
[steer] gemma  occ_gender           s1 L19  st=0.25 real           primary red=+0.7590 ok=False
[steer] gemma  occ_gender           s1 L19  st=1.0  real           primary red=+0.5566 ok=False
[steer] gemma  occ_gender           s1 L19  st=0.25 null_partition primary red=-0.0032 ok=False
[steer] gemma  occ_gender           s1 L19  st=1.0  null_partition primary red=+0.0297 ok=False
[steer] gemma  occ_gender           s1 L19  st=0.25 null_random    primary red=+0.0586 ok=False
[steer] gemma  occ_gender           s1 L19  st=1.0  null_random    primary red=+0.3808 ok=False
[steer] gemma  occ_gender           s1 L6   st=0.5  real           supp    red=+0.8549 ok=False
[steer] gemma  occ_gender           s1 L6   st=2.0  real           supp    red=+0.8573 ok=False
[steer] gemma  occ_gender           s1 L6   st=4.0  real           supp    red=+0.8598 ok=False
[steer] gemma  occ_gender           s1 L6   st=0.5  null_partition supp    red=+0.2511 ok=False
[steer] gemma  occ_gender           s1 L6   st=2.0  null_partition supp    red=+0.8341 ok=False
[steer] gemma  occ_gender           s1 L6   st=4.0  null_partition supp    red=+0.8596 ok=False
[steer] gemma  occ_gender           s1 L6   st=0.5  null_random    supp    red=+0.0698 ok=False
[steer] gemma  occ_gender           s1 L6   st=2.0  null_random    supp    red=+0.6184 ok=False
[steer] gemma  occ_gender           s1 L6   st=4.0  null_random    supp    red=+0.8592 ok=False
[steer] gemma  occ_gender           s1 L10  st=0.5  real           supp    red=+0.8561 ok=False
[steer] gemma  occ_gender           s1 L10  st=2.0  real           supp    red=+0.8558 ok=False
[steer] gemma  occ_gender           s1 L10  st=4.0  real           supp    red=+0.8598 ok=False
[steer] gemma  occ_gender           s1 L10  st=0.5  null_partition supp    red=+0.1132 ok=False
[steer] gemma  occ_gender           s1 L10  st=2.0  null_partition supp    red=+0.5013 ok=False
[steer] gemma  occ_gender           s1 L10  st=4.0  null_partition supp    red=+0.8250 ok=False
[steer] gemma  occ_gender           s1 L10  st=0.5  null_random    supp    red=+0.2590 ok=False
[steer] gemma  occ_gender           s1 L10  st=2.0  null_random    supp    red=+0.8582 ok=False
[steer] gemma  occ_gender           s1 L10  st=4.0  null_random    supp    red=+0.8569 ok=False
[steer] gemma  occ_gender           s1 L15  st=0.5  real           supp    red=+0.8440 ok=False
[steer] gemma  occ_gender           s1 L15  st=2.0  real           supp    red=+0.8535 ok=False
[steer] gemma  occ_gender           s1 L15  st=4.0  real           supp    red=+0.8598 ok=False
[steer] gemma  occ_gender           s1 L15  st=0.5  null_partition supp    red=+0.1087 ok=False
[steer] gemma  occ_gender           s1 L15  st=2.0  null_partition supp    red=+0.3462 ok=False
[steer] gemma  occ_gender           s1 L15  st=4.0  null_partition supp    red=+0.6768 ok=False
[steer] gemma  occ_gender           s1 L15  st=0.5  null_random    supp    red=+0.3457 ok=False
[steer] gemma  occ_gender           s1 L15  st=2.0  null_random    supp    red=+0.2577 ok=False
[steer] gemma  occ_gender           s1 L15  st=4.0  null_random    supp    red=+0.8563 ok=False
[steer] gemma  occ_gender           s1 L21  st=0.5  real           supp    red=+0.7875 ok=False
[steer] gemma  occ_gender           s1 L21  st=2.0  real           supp    red=+0.8598 ok=False
[steer] gemma  occ_gender           s1 L21  st=4.0  real           supp    red=+0.8598 ok=False
[steer] gemma  occ_gender           s1 L21  st=0.5  null_partition supp    red=-0.0023 ok=False
[steer] gemma  occ_gender           s1 L21  st=2.0  null_partition supp    red=+0.4102 ok=False
[steer] gemma  occ_gender           s1 L21  st=4.0  null_partition supp    red=+0.8424 ok=False
[steer] gemma  occ_gender           s1 L21  st=0.5  null_random    supp    red=+0.0042 ok=False
[steer] gemma  occ_gender           s1 L21  st=2.0  null_random    supp    red=-0.0719 ok=False
[steer] gemma  occ_gender           s1 L21  st=4.0  null_random    supp    red=+0.0355 ok=False
[steer] gemma  occ_gender           s2 L12  st=0.25 real           primary red=+0.8560 ok=False
[steer] gemma  occ_gender           s2 L12  st=1.0  real           primary red=+0.5844 ok=False
[steer] gemma  occ_gender           s2 L12  st=0.25 null_partition primary red=+0.4532 ok=False
[steer] gemma  occ_gender           s2 L12  st=1.0  null_partition primary red=+0.8445 ok=False
[steer] gemma  occ_gender           s2 L12  st=0.25 null_random    primary red=+0.0457 ok=False
[steer] gemma  occ_gender           s2 L12  st=1.0  null_random    primary red=+0.4553 ok=False
[steer] gemma  occ_gender           s2 L19  st=0.25 real           primary red=+0.7639 ok=False
[steer] gemma  occ_gender           s2 L19  st=1.0  real           primary red=+0.6240 ok=False
[steer] gemma  occ_gender           s2 L19  st=0.25 null_partition primary red=+0.4267 ok=False
[steer] gemma  occ_gender           s2 L19  st=1.0  null_partition primary red=+0.8596 ok=False
[steer] gemma  occ_gender           s2 L19  st=0.25 null_random    primary red=-0.0315 ok=False
[steer] gemma  occ_gender           s2 L19  st=1.0  null_random    primary red=+0.5458 ok=False
[steer] gemma  occ_gender           s2 L6   st=0.5  real           supp    red=+0.8555 ok=False
[steer] gemma  occ_gender           s2 L6   st=2.0  real           supp    red=+0.8431 ok=False
[steer] gemma  occ_gender           s2 L6   st=4.0  real           supp    red=+0.8598 ok=False
[steer] gemma  occ_gender           s2 L6   st=0.5  null_partition supp    red=+0.4786 ok=False
[steer] gemma  occ_gender           s2 L6   st=2.0  null_partition supp    red=+0.8513 ok=False
[steer] gemma  occ_gender           s2 L6   st=4.0  null_partition supp    red=+0.8593 ok=False
[steer] gemma  occ_gender           s2 L6   st=0.5  null_random    supp    red=+0.1001 ok=False
[steer] gemma  occ_gender           s2 L6   st=2.0  null_random    supp    red=+0.7354 ok=False
[steer] gemma  occ_gender           s2 L6   st=4.0  null_random    supp    red=+0.8569 ok=False
[steer] gemma  occ_gender           s2 L10  st=0.5  real           supp    red=+0.8547 ok=False
[steer] gemma  occ_gender           s2 L10  st=2.0  real           supp    red=+0.8544 ok=False
[steer] gemma  occ_gender           s2 L10  st=4.0  real           supp    red=+0.8598 ok=False
[steer] gemma  occ_gender           s2 L10  st=0.5  null_partition supp    red=+0.7381 ok=False
[steer] gemma  occ_gender           s2 L10  st=2.0  null_partition supp    red=+0.8521 ok=False
[steer] gemma  occ_gender           s2 L10  st=4.0  null_partition supp    red=+0.8566 ok=False
[steer] gemma  occ_gender           s2 L10  st=0.5  null_random    supp    red=+0.2820 ok=False
[steer] gemma  occ_gender           s2 L10  st=2.0  null_random    supp    red=+0.7477 ok=False
[steer] gemma  occ_gender           s2 L10  st=4.0  null_random    supp    red=+0.8562 ok=False
[steer] gemma  occ_gender           s2 L15  st=0.5  real           supp    red=+0.8378 ok=False
[steer] gemma  occ_gender           s2 L15  st=2.0  real           supp    red=+0.8307 ok=False
[steer] gemma  occ_gender           s2 L15  st=4.0  real           supp    red=+0.8598 ok=False
[steer] gemma  occ_gender           s2 L15  st=0.5  null_partition supp    red=+0.8579 ok=False
[steer] gemma  occ_gender           s2 L15  st=2.0  null_partition supp    red=+0.8598 ok=False
[steer] gemma  occ_gender           s2 L15  st=4.0  null_partition supp    red=+0.8584 ok=False
[steer] gemma  occ_gender           s2 L15  st=0.5  null_random    supp    red=-0.0580 ok=False
[steer] gemma  occ_gender           s2 L15  st=2.0  null_random    supp    red=+0.8392 ok=False
[steer] gemma  occ_gender           s2 L15  st=4.0  null_random    supp    red=+0.8574 ok=False
[steer] gemma  occ_gender           s2 L21  st=0.5  real           supp    red=+0.7928 ok=False
[steer] gemma  occ_gender           s2 L21  st=2.0  real           supp    red=+0.8598 ok=False
[steer] gemma  occ_gender           s2 L21  st=4.0  real           supp    red=+0.8598 ok=False
[steer] gemma  occ_gender           s2 L21  st=0.5  null_partition supp    red=+0.3367 ok=False
[steer] gemma  occ_gender           s2 L21  st=2.0  null_partition supp    red=+0.8597 ok=False
[steer] gemma  occ_gender           s2 L21  st=4.0  null_partition supp    red=+0.8598 ok=False
[steer] gemma  occ_gender           s2 L21  st=0.5  null_random    supp    red=+0.1029 ok=False
[steer] gemma  occ_gender           s2 L21  st=2.0  null_random    supp    red=+0.8566 ok=False
[steer] gemma  occ_gender           s2 L21  st=4.0  null_random    supp    red=+0.8597 ok=False
[steer] gemma  crows_socioeconomic  s0 L12  st=0.25 real           primary red=+0.0018 ok=False
[steer] gemma  crows_socioeconomic  s0 L12  st=1.0  real           primary red=+0.1591 ok=False
[steer] gemma  crows_socioeconomic  s0 L12  st=0.25 null_partition primary red=-0.0080 ok=True
[steer] gemma  crows_socioeconomic  s0 L12  st=1.0  null_partition primary red=-0.0197 ok=False
[steer] gemma  crows_socioeconomic  s0 L12  st=0.25 null_random    primary red=+0.0208 ok=False
[steer] gemma  crows_socioeconomic  s0 L12  st=1.0  null_random    primary red=+0.0540 ok=False
[steer] gemma  crows_socioeconomic  s0 L19  st=0.25 real           primary red=+0.0288 ok=False
[steer] gemma  crows_socioeconomic  s0 L19  st=1.0  real           primary red=+0.0776 ok=False
[steer] gemma  crows_socioeconomic  s0 L19  st=0.25 null_partition primary red=-0.0338 ok=True
[steer] gemma  crows_socioeconomic  s0 L19  st=1.0  null_partition primary red=-0.0512 ok=False
[steer] gemma  crows_socioeconomic  s0 L19  st=0.25 null_random    primary red=+0.0320 ok=False
[steer] gemma  crows_socioeconomic  s0 L19  st=1.0  null_random    primary red=+0.1606 ok=False
[steer] gemma  crows_socioeconomic  s0 L6   st=0.5  real           supp    red=+0.0349 ok=False
[steer] gemma  crows_socioeconomic  s0 L6   st=2.0  real           supp    red=+0.0995 ok=False
[steer] gemma  crows_socioeconomic  s0 L6   st=4.0  real           supp    red=+0.1322 ok=False
[steer] gemma  crows_socioeconomic  s0 L6   st=0.5  null_partition supp    red=+0.0048 ok=False
[steer] gemma  crows_socioeconomic  s0 L6   st=2.0  null_partition supp    red=+0.0337 ok=False
[steer] gemma  crows_socioeconomic  s0 L6   st=4.0  null_partition supp    red=+0.1504 ok=False
[steer] gemma  crows_socioeconomic  s0 L6   st=0.5  null_random    supp    red=+0.0004 ok=False
[steer] gemma  crows_socioeconomic  s0 L6   st=2.0  null_random    supp    red=+0.0620 ok=False
[steer] gemma  crows_socioeconomic  s0 L6   st=4.0  null_random    supp    red=+0.1208 ok=False
[steer] gemma  crows_socioeconomic  s0 L10  st=0.5  real           supp    red=+0.0488 ok=False
[steer] gemma  crows_socioeconomic  s0 L10  st=2.0  real           supp    red=+0.0906 ok=False
[steer] gemma  crows_socioeconomic  s0 L10  st=4.0  real           supp    red=-0.1866 ok=False
[steer] gemma  crows_socioeconomic  s0 L10  st=0.5  null_partition supp    red=-0.0068 ok=False
[steer] gemma  crows_socioeconomic  s0 L10  st=2.0  null_partition supp    red=+0.0036 ok=False
[steer] gemma  crows_socioeconomic  s0 L10  st=4.0  null_partition supp    red=-0.0098 ok=False
[steer] gemma  crows_socioeconomic  s0 L10  st=0.5  null_random    supp    red=+0.0068 ok=False
[steer] gemma  crows_socioeconomic  s0 L10  st=2.0  null_random    supp    red=+0.1318 ok=False
[steer] gemma  crows_socioeconomic  s0 L10  st=4.0  null_random    supp    red=+0.1209 ok=False
[steer] gemma  crows_socioeconomic  s0 L15  st=0.5  real           supp    red=+0.0638 ok=False
[steer] gemma  crows_socioeconomic  s0 L15  st=2.0  real           supp    red=+0.0167 ok=False
[steer] gemma  crows_socioeconomic  s0 L15  st=4.0  real           supp    red=-0.1339 ok=False
[steer] gemma  crows_socioeconomic  s0 L15  st=0.5  null_partition supp    red=-0.0004 ok=False
[steer] gemma  crows_socioeconomic  s0 L15  st=2.0  null_partition supp    red=+0.0442 ok=False
[steer] gemma  crows_socioeconomic  s0 L15  st=4.0  null_partition supp    red=-0.1970 ok=False
[steer] gemma  crows_socioeconomic  s0 L15  st=0.5  null_random    supp    red=+0.0506 ok=False
[steer] gemma  crows_socioeconomic  s0 L15  st=2.0  null_random    supp    red=+0.1434 ok=False
[steer] gemma  crows_socioeconomic  s0 L15  st=4.0  null_random    supp    red=+0.0459 ok=False
[steer] gemma  crows_socioeconomic  s0 L21  st=0.5  real           supp    red=+0.0767 ok=False
[steer] gemma  crows_socioeconomic  s0 L21  st=2.0  real           supp    red=+0.0081 ok=False
[steer] gemma  crows_socioeconomic  s0 L21  st=4.0  real           supp    red=-0.2188 ok=False
[steer] gemma  crows_socioeconomic  s0 L21  st=0.5  null_partition supp    red=-0.0858 ok=False
[steer] gemma  crows_socioeconomic  s0 L21  st=2.0  null_partition supp    red=-0.2634 ok=False
[steer] gemma  crows_socioeconomic  s0 L21  st=4.0  null_partition supp    red=-0.2627 ok=False
[steer] gemma  crows_socioeconomic  s0 L21  st=0.5  null_random    supp    red=+0.0949 ok=False
[steer] gemma  crows_socioeconomic  s0 L21  st=2.0  null_random    supp    red=+0.0355 ok=False
[v7 08-01 06:03:06] BL-S steering baseline (gate)
[v7 08-01 06:03:06]   attempt 1 at 0 rows
Using the latest cached version of the dataset since cais/mmlu couldn't be found on the Hugging Face Hub (offline mode is enabled).
Found the latest cached dataset configuration 'all' at /home/jovyan/.cache/huggingface/datasets/cais___mmlu/all/0.0.0/c30699e8356da336a370243923dbaf21066bb9fe (last modified on Mon Jul 20 06:57:17 2026).
Using the latest cached version of the dataset since Salesforce/wikitext couldn't be found on the Hugging Face Hub (offline mode is enabled).
Found the latest cached dataset configuration 'wikitext-103-raw-v1' at /home/jovyan/.cache/huggingface/datasets/Salesforce___wikitext/wikitext-103-raw-v1/0.0.0/b08601e04326c79dfdd32d625aee71d232d685c3 (last modified on Mon Jul 20 06:52:28 2026).
Loading weights:   0%|                                                       | 0/434 [00:00<?, ?it/s]Loading weights: 100%|███████████████████████████████████████████| 434/434 [00:00<00:00, 5797.83it/s]
[steer] qwen   occ_gender           s0 L18  st=0.02 real           primary red=+0.2437 ok=False
[steer] qwen   occ_gender           s0 L18  st=0.04 real           primary red=+0.6066 ok=False
[steer] qwen   occ_gender           s0 L18  st=0.02 null_partition primary red=-0.0024 ok=False
[steer] qwen   occ_gender           s0 L18  st=0.04 null_partition primary red=-0.0071 ok=False
[steer] qwen   occ_gender           s0 L18  st=0.02 null_random    primary red=+0.0149 ok=False
[steer] qwen   occ_gender           s0 L18  st=0.04 null_random    primary red=+0.0248 ok=False
[steer] qwen   occ_gender           s0 L26  st=0.02 real           primary red=+0.3851 ok=False
[steer] qwen   occ_gender           s0 L26  st=0.04 real           primary red=+0.6367 ok=False
[steer] qwen   occ_gender           s0 L26  st=0.02 null_partition primary red=-0.0026 ok=False
[steer] qwen   occ_gender           s0 L26  st=0.04 null_partition primary red=-0.0037 ok=False
[steer] qwen   occ_gender           s0 L26  st=0.02 null_random    primary red=+0.0006 ok=False
[steer] qwen   occ_gender           s0 L26  st=0.04 null_random    primary red=+0.0051 ok=False
[steer] qwen   occ_gender           s0 L9   st=0.005 real           supp    red=-0.0302 ok=False
[steer] qwen   occ_gender           s0 L9   st=0.01 real           supp    red=-0.0402 ok=False
[steer] qwen   occ_gender           s0 L9   st=0.08 real           supp    red=+0.5265 ok=False
[steer] qwen   occ_gender           s0 L9   st=0.005 null_partition supp    red=+0.0032 ok=False
[steer] qwen   occ_gender           s0 L9   st=0.01 null_partition supp    red=+0.0007 ok=False
[steer] qwen   occ_gender           s0 L9   st=0.08 null_partition supp    red=-0.0067 ok=False
[steer] qwen   occ_gender           s0 L9   st=0.005 null_random    supp    red=-0.0031 ok=False
[steer] qwen   occ_gender           s0 L9   st=0.01 null_random    supp    red=+0.0025 ok=False
[steer] qwen   occ_gender           s0 L9   st=0.08 null_random    supp    red=+0.0423 ok=False
[steer] qwen   occ_gender           s0 L14  st=0.005 real           supp    red=-0.0164 ok=False
[steer] qwen   occ_gender           s0 L14  st=0.01 real           supp    red=+0.0148 ok=False
[steer] qwen   occ_gender           s0 L14  st=0.08 real           supp    red=+0.6358 ok=False
[steer] qwen   occ_gender           s0 L14  st=0.005 null_partition supp    red=-0.0002 ok=False
[steer] qwen   occ_gender           s0 L14  st=0.01 null_partition supp    red=-0.0058 ok=False
[steer] qwen   occ_gender           s0 L14  st=0.08 null_partition supp    red=-0.0109 ok=False
[steer] qwen   occ_gender           s0 L14  st=0.005 null_random    supp    red=-0.0063 ok=False
[steer] qwen   occ_gender           s0 L14  st=0.01 null_random    supp    red=-0.0079 ok=False
[steer] qwen   occ_gender           s0 L14  st=0.08 null_random    supp    red=-0.0290 ok=False
[steer] qwen   occ_gender           s0 L21  st=0.005 real           supp    red=-0.0253 ok=False
[steer] qwen   occ_gender           s0 L21  st=0.01 real           supp    red=+0.0385 ok=False
[steer] qwen   occ_gender           s0 L21  st=0.08 real           supp    red=+0.6478 ok=False
[steer] qwen   occ_gender           s0 L21  st=0.005 null_partition supp    red=-0.0009 ok=False
[steer] qwen   occ_gender           s0 L21  st=0.01 null_partition supp    red=+0.0006 ok=False
[steer] qwen   occ_gender           s0 L21  st=0.08 null_partition supp    red=-0.0135 ok=False
[steer] qwen   occ_gender           s0 L21  st=0.005 null_random    supp    red=+0.0048 ok=False
[steer] qwen   occ_gender           s0 L21  st=0.01 null_random    supp    red=+0.0030 ok=False
[steer] qwen   occ_gender           s0 L21  st=0.08 null_random    supp    red=+0.0410 ok=False
[steer] qwen   occ_gender           s0 L30  st=0.005 real           supp    red=-0.0059 ok=False
[steer] qwen   occ_gender           s0 L30  st=0.01 real           supp    red=-0.0103 ok=False
[steer] qwen   occ_gender           s0 L30  st=0.08 real           supp    red=+0.1854 ok=False
[steer] qwen   occ_gender           s0 L30  st=0.005 null_partition supp    red=+0.0040 ok=False
[steer] qwen   occ_gender           s0 L30  st=0.01 null_partition supp    red=+0.0005 ok=False
[steer] qwen   occ_gender           s0 L30  st=0.08 null_partition supp    red=+0.0140 ok=False
[steer] qwen   occ_gender           s0 L30  st=0.005 null_random    supp    red=-0.0011 ok=False
[steer] qwen   occ_gender           s0 L30  st=0.01 null_random    supp    red=-0.0021 ok=False
[steer] qwen   occ_gender           s0 L30  st=0.08 null_random    supp    red=-0.0129 ok=False
[steer] qwen   occ_gender           s1 L18  st=0.02 real           primary red=+0.2476 ok=False
[steer] qwen   occ_gender           s1 L18  st=0.04 real           primary red=+0.6117 ok=False
[steer] qwen   occ_gender           s1 L18  st=0.02 null_partition primary red=+0.0016 ok=False
[steer] qwen   occ_gender           s1 L18  st=0.04 null_partition primary red=-0.0007 ok=False
[steer] qwen   occ_gender           s1 L18  st=0.02 null_random    primary red=-0.0082 ok=False
[steer] qwen   occ_gender           s1 L18  st=0.04 null_random    primary red=-0.0018 ok=False
[steer] qwen   occ_gender           s1 L26  st=0.02 real           primary red=+0.3791 ok=False
[steer] qwen   occ_gender           s1 L26  st=0.04 real           primary red=+0.6352 ok=False
[steer] qwen   occ_gender           s1 L26  st=0.02 null_partition primary red=-0.0070 ok=False
[steer] qwen   occ_gender           s1 L26  st=0.04 null_partition primary red=-0.0109 ok=False
[steer] qwen   occ_gender           s1 L26  st=0.02 null_random    primary red=+0.0105 ok=False
[steer] qwen   occ_gender           s1 L26  st=0.04 null_random    primary red=+0.0076 ok=False
[steer] qwen   occ_gender           s1 L9   st=0.005 real           supp    red=-0.0255 ok=False
[steer] qwen   occ_gender           s1 L9   st=0.01 real           supp    red=-0.0336 ok=False
[steer] qwen   occ_gender           s1 L9   st=0.08 real           supp    red=+0.5320 ok=False
[steer] qwen   occ_gender           s1 L9   st=0.005 null_partition supp    red=-0.0041 ok=False
[steer] qwen   occ_gender           s1 L9   st=0.01 null_partition supp    red=-0.0052 ok=False
[steer] qwen   occ_gender           s1 L9   st=0.08 null_partition supp    red=-0.0100 ok=False
[steer] qwen   occ_gender           s1 L9   st=0.005 null_random    supp    red=-0.0027 ok=False
[steer] qwen   occ_gender           s1 L9   st=0.01 null_random    supp    red=-0.0060 ok=False
[steer] qwen   occ_gender           s1 L9   st=0.08 null_random    supp    red=-0.0265 ok=False
[steer] qwen   occ_gender           s1 L14  st=0.005 real           supp    red=-0.0159 ok=False
[steer] qwen   occ_gender           s1 L14  st=0.01 real           supp    red=+0.0182 ok=False
[steer] qwen   occ_gender           s1 L14  st=0.08 real           supp    red=+0.6348 ok=False
[steer] qwen   occ_gender           s1 L14  st=0.005 null_partition supp    red=-0.0004 ok=False
[steer] qwen   occ_gender           s1 L14  st=0.01 null_partition supp    red=-0.0004 ok=False
[steer] qwen   occ_gender           s1 L14  st=0.08 null_partition supp    red=+0.0048 ok=False
[steer] qwen   occ_gender           s1 L14  st=0.005 null_random    supp    red=-0.0026 ok=False
[steer] qwen   occ_gender           s1 L14  st=0.01 null_random    supp    red=-0.0020 ok=False
[steer] qwen   occ_gender           s1 L14  st=0.08 null_random    supp    red=-0.0062 ok=False
[steer] qwen   occ_gender           s1 L21  st=0.005 real           supp    red=-0.0208 ok=False
[steer] qwen   occ_gender           s1 L21  st=0.01 real           supp    red=+0.0363 ok=False
[steer] qwen   occ_gender           s1 L21  st=0.08 real           supp    red=+0.6476 ok=False
[steer] qwen   occ_gender           s1 L21  st=0.005 null_partition supp    red=-0.0013 ok=False
[steer] qwen   occ_gender           s1 L21  st=0.01 null_partition supp    red=+0.0033 ok=False
[steer] qwen   occ_gender           s1 L21  st=0.08 null_partition supp    red=-0.0052 ok=False
[steer] qwen   occ_gender           s1 L21  st=0.005 null_random    supp    red=+0.0054 ok=False
[steer] qwen   occ_gender           s1 L21  st=0.01 null_random    supp    red=+0.0037 ok=False
[steer] qwen   occ_gender           s1 L21  st=0.08 null_random    supp    red=-0.0022 ok=False
[steer] qwen   occ_gender           s1 L30  st=0.005 real           supp    red=-0.0062 ok=False
[steer] qwen   occ_gender           s1 L30  st=0.01 real           supp    red=-0.0078 ok=False
[steer] qwen   occ_gender           s1 L30  st=0.08 real           supp    red=+0.1888 ok=False
[steer] qwen   occ_gender           s1 L30  st=0.005 null_partition supp    red=-0.0002 ok=False
[steer] qwen   occ_gender           s1 L30  st=0.01 null_partition supp    red=-0.0019 ok=False
[steer] qwen   occ_gender           s1 L30  st=0.08 null_partition supp    red=-0.0012 ok=False
[steer] qwen   occ_gender           s1 L30  st=0.005 null_random    supp    red=-0.0014 ok=False
[steer] qwen   occ_gender           s1 L30  st=0.01 null_random    supp    red=-0.0011 ok=False
[steer] qwen   occ_gender           s1 L30  st=0.08 null_random    supp    red=-0.0015 ok=False
[steer] qwen   occ_gender           s2 L18  st=0.02 real           primary red=+0.2448 ok=False
[steer] qwen   occ_gender           s2 L18  st=0.04 real           primary red=+0.6104 ok=False
[steer] qwen   occ_gender           s2 L18  st=0.02 null_partition primary red=-0.0114 ok=False
[steer] qwen   occ_gender           s2 L18  st=0.04 null_partition primary red=-0.0179 ok=False
[steer] qwen   occ_gender           s2 L18  st=0.02 null_random    primary red=-0.0092 ok=False
[steer] qwen   occ_gender           s2 L18  st=0.04 null_random    primary red=-0.0184 ok=False
[steer] qwen   occ_gender           s2 L26  st=0.02 real           primary red=+0.3618 ok=False
[steer] qwen   occ_gender           s2 L26  st=0.04 real           primary red=+0.6330 ok=False
[steer] qwen   occ_gender           s2 L26  st=0.02 null_partition primary red=-0.0058 ok=False
[steer] qwen   occ_gender           s2 L26  st=0.04 null_partition primary red=-0.0099 ok=False
[steer] qwen   occ_gender           s2 L26  st=0.02 null_random    primary red=+0.0195 ok=False
[steer] qwen   occ_gender           s2 L26  st=0.04 null_random    primary red=+0.0477 ok=False
[steer] qwen   occ_gender           s2 L9   st=0.005 real           supp    red=-0.0285 ok=False
[steer] qwen   occ_gender           s2 L9   st=0.01 real           supp    red=-0.0405 ok=False
[steer] qwen   occ_gender           s2 L9   st=0.08 real           supp    red=+0.5372 ok=False
[steer] qwen   occ_gender           s2 L9   st=0.005 null_partition supp    red=+0.0015 ok=False
[steer] qwen   occ_gender           s2 L9   st=0.01 null_partition supp    red=-0.0036 ok=False
[steer] qwen   occ_gender           s2 L9   st=0.08 null_partition supp    red=-0.0073 ok=False
[steer] qwen   occ_gender           s2 L9   st=0.005 null_random    supp    red=+0.0012 ok=False
[steer] qwen   occ_gender           s2 L9   st=0.01 null_random    supp    red=-0.0000 ok=False
[steer] qwen   occ_gender           s2 L9   st=0.08 null_random    supp    red=-0.0028 ok=False
[steer] qwen   occ_gender           s2 L14  st=0.005 real           supp    red=-0.0162 ok=False
[steer] qwen   occ_gender           s2 L14  st=0.01 real           supp    red=+0.0215 ok=False
[steer] qwen   occ_gender           s2 L14  st=0.08 real           supp    red=+0.6289 ok=False
[steer] qwen   occ_gender           s2 L14  st=0.005 null_partition supp    red=-0.0033 ok=False
[steer] qwen   occ_gender           s2 L14  st=0.01 null_partition supp    red=-0.0044 ok=False
[steer] qwen   occ_gender           s2 L14  st=0.08 null_partition supp    red=-0.0329 ok=False
[steer] qwen   occ_gender           s2 L14  st=0.005 null_random    supp    red=-0.0012 ok=False
[steer] qwen   occ_gender           s2 L14  st=0.01 null_random    supp    red=-0.0037 ok=False
[steer] qwen   occ_gender           s2 L14  st=0.08 null_random    supp    red=+0.0142 ok=False
[steer] qwen   occ_gender           s2 L21  st=0.005 real           supp    red=-0.0239 ok=False
[steer] qwen   occ_gender           s2 L21  st=0.01 real           supp    red=+0.0370 ok=False
[steer] qwen   occ_gender           s2 L21  st=0.08 real           supp    red=+0.6475 ok=False
[steer] qwen   occ_gender           s2 L21  st=0.005 null_partition supp    red=-0.0013 ok=False
[steer] qwen   occ_gender           s2 L21  st=0.01 null_partition supp    red=+0.0014 ok=False
[steer] qwen   occ_gender           s2 L21  st=0.08 null_partition supp    red=+0.0226 ok=False
[steer] qwen   occ_gender           s2 L21  st=0.005 null_random    supp    red=-0.0024 ok=False
[steer] qwen   occ_gender           s2 L21  st=0.01 null_random    supp    red=-0.0027 ok=False
[steer] qwen   occ_gender           s2 L21  st=0.08 null_random    supp    red=-0.0372 ok=False
[steer] qwen   occ_gender           s2 L30  st=0.005 real           supp    red=-0.0049 ok=False
[steer] qwen   occ_gender           s2 L30  st=0.01 real           supp    red=-0.0043 ok=False
[steer] qwen   occ_gender           s2 L30  st=0.08 real           supp    red=+0.1858 ok=False
[steer] qwen   occ_gender           s2 L30  st=0.005 null_partition supp    red=+0.0008 ok=False
[steer] qwen   occ_gender           s2 L30  st=0.01 null_partition supp    red=+0.0039 ok=False
[steer] qwen   occ_gender           s2 L30  st=0.08 null_partition supp    red=+0.0166 ok=False
[steer] qwen   occ_gender           s2 L30  st=0.005 null_random    supp    red=+0.0024 ok=False
[steer] qwen   occ_gender           s2 L30  st=0.01 null_random    supp    red=+0.0020 ok=False
[steer] qwen   occ_gender           s2 L30  st=0.08 null_random    supp    red=+0.0030 ok=False
Using the latest cached version of the dataset since nyu-mll/crows_pairs couldn't be found on the Hugging Face Hub (offline mode is enabled).
Found the latest cached dataset configuration 'default' at /home/jovyan/.cache/huggingface/datasets/nyu-mll___crows_pairs/default/0.0.0/565159a0443df8dc8dba9855c7454e6afc907be4 (last modified on Mon Jul 20 07:00:06 2026).
[steer] qwen   crows_socioeconomic  s0 L18  st=0.02 real           primary red=-0.0029 ok=True
[steer] qwen   crows_socioeconomic  s0 L18  st=0.04 real           primary red=-0.0084 ok=True
[steer] qwen   crows_socioeconomic  s0 L18  st=0.02 null_partition primary red=+0.0036 ok=True
[steer] qwen   crows_socioeconomic  s0 L18  st=0.04 null_partition primary red=-0.0027 ok=True
[steer] qwen   crows_socioeconomic  s0 L18  st=0.02 null_random    primary red=-0.0010 ok=True
[steer] qwen   crows_socioeconomic  s0 L18  st=0.04 null_random    primary red=-0.0036 ok=True
[steer] qwen   crows_socioeconomic  s0 L26  st=0.02 real           primary red=+0.0056 ok=True
[steer] qwen   crows_socioeconomic  s0 L26  st=0.04 real           primary red=+0.0086 ok=True
[steer] qwen   crows_socioeconomic  s0 L26  st=0.02 null_partition primary red=+0.0029 ok=True
[steer] qwen   crows_socioeconomic  s0 L26  st=0.04 null_partition primary red=+0.0025 ok=True
[steer] qwen   crows_socioeconomic  s0 L26  st=0.02 null_random    primary red=+0.0035 ok=True
[steer] qwen   crows_socioeconomic  s0 L26  st=0.04 null_random    primary red=+0.0060 ok=True
[steer] qwen   crows_socioeconomic  s0 L9   st=0.005 real           supp    red=+0.0031 ok=True
[steer] qwen   crows_socioeconomic  s0 L9   st=0.01 real           supp    red=+0.0072 ok=True
[steer] qwen   crows_socioeconomic  s0 L9   st=0.08 real           supp    red=+0.0183 ok=False
[steer] qwen   crows_socioeconomic  s0 L9   st=0.005 null_partition supp    red=-0.0006 ok=True
[steer] qwen   crows_socioeconomic  s0 L9   st=0.01 null_partition supp    red=-0.0012 ok=True
[steer] qwen   crows_socioeconomic  s0 L9   st=0.08 null_partition supp    red=-0.0218 ok=True
[steer] qwen   crows_socioeconomic  s0 L9   st=0.005 null_random    supp    red=+0.0018 ok=True
[steer] qwen   crows_socioeconomic  s0 L9   st=0.01 null_random    supp    red=+0.0029 ok=True
[steer] qwen   crows_socioeconomic  s0 L9   st=0.08 null_random    supp    red=-0.0236 ok=True
[steer] qwen   crows_socioeconomic  s0 L14  st=0.005 real           supp    red=+0.0013 ok=True
[steer] qwen   crows_socioeconomic  s0 L14  st=0.01 real           supp    red=-0.0019 ok=True
[steer] qwen   crows_socioeconomic  s0 L14  st=0.08 real           supp    red=-0.0049 ok=True
[steer] qwen   crows_socioeconomic  s0 L14  st=0.005 null_partition supp    red=+0.0034 ok=True
[steer] qwen   crows_socioeconomic  s0 L14  st=0.01 null_partition supp    red=+0.0045 ok=True
[steer] qwen   crows_socioeconomic  s0 L14  st=0.08 null_partition supp    red=-0.0067 ok=True
[steer] qwen   crows_socioeconomic  s0 L14  st=0.005 null_random    supp    red=+0.0039 ok=False
[steer] qwen   crows_socioeconomic  s0 L14  st=0.01 null_random    supp    red=+0.0022 ok=True
[steer] qwen   crows_socioeconomic  s0 L14  st=0.08 null_random    supp    red=+0.0134 ok=True
[steer] qwen   crows_socioeconomic  s0 L21  st=0.005 real           supp    red=+0.0022 ok=True
[steer] qwen   crows_socioeconomic  s0 L21  st=0.01 real           supp    red=+0.0018 ok=True
[steer] qwen   crows_socioeconomic  s0 L21  st=0.08 real           supp    red=-0.0218 ok=False
[steer] qwen   crows_socioeconomic  s0 L21  st=0.005 null_partition supp    red=+0.0027 ok=True
[steer] qwen   crows_socioeconomic  s0 L21  st=0.01 null_partition supp    red=+0.0032 ok=True
[steer] qwen   crows_socioeconomic  s0 L21  st=0.08 null_partition supp    red=+0.0032 ok=True
[steer] qwen   crows_socioeconomic  s0 L21  st=0.005 null_random    supp    red=+0.0036 ok=True
[steer] qwen   crows_socioeconomic  s0 L21  st=0.01 null_random    supp    red=+0.0048 ok=True
[steer] qwen   crows_socioeconomic  s0 L21  st=0.08 null_random    supp    red=-0.0065 ok=False
[steer] qwen   crows_socioeconomic  s0 L30  st=0.005 real           supp    red=+0.0020 ok=True
[steer] qwen   crows_socioeconomic  s0 L30  st=0.01 real           supp    red=+0.0022 ok=True
[steer] qwen   crows_socioeconomic  s0 L30  st=0.08 real           supp    red=+0.0007 ok=True
[steer] qwen   crows_socioeconomic  s0 L30  st=0.005 null_partition supp    red=+0.0022 ok=True
[steer] qwen   crows_socioeconomic  s0 L30  st=0.01 null_partition supp    red=+0.0011 ok=True
[steer] qwen   crows_socioeconomic  s0 L30  st=0.08 null_partition supp    red=-0.0062 ok=True
[steer] qwen   crows_socioeconomic  s0 L30  st=0.005 null_random    supp    red=+0.0043 ok=True
[steer] qwen   crows_socioeconomic  s0 L30  st=0.01 null_random    supp    red=+0.0017 ok=True
[steer] qwen   crows_socioeconomic  s0 L30  st=0.08 null_random    supp    red=+0.0050 ok=True
[steer] qwen   crows_socioeconomic  s1 L18  st=0.02 real           primary red=+0.0015 ok=True
[steer] qwen   crows_socioeconomic  s1 L18  st=0.04 real           primary red=-0.0046 ok=True
[steer] qwen   crows_socioeconomic  s1 L18  st=0.02 null_partition primary red=+0.0060 ok=True
[steer] qwen   crows_socioeconomic  s1 L18  st=0.04 null_partition primary red=+0.0019 ok=True
[steer] qwen   crows_socioeconomic  s1 L18  st=0.02 null_random    primary red=+0.0088 ok=False
[steer] qwen   crows_socioeconomic  s1 L18  st=0.04 null_random    primary red=+0.0137 ok=True
[steer] qwen   crows_socioeconomic  s1 L26  st=0.02 real           primary red=+0.0059 ok=True
[steer] qwen   crows_socioeconomic  s1 L26  st=0.04 real           primary red=+0.0107 ok=True
[steer] qwen   crows_socioeconomic  s1 L26  st=0.02 null_partition primary red=+0.0061 ok=True
[steer] qwen   crows_socioeconomic  s1 L26  st=0.04 null_partition primary red=+0.0058 ok=True
[steer] qwen   crows_socioeconomic  s1 L26  st=0.02 null_random    primary red=-0.0030 ok=True
[steer] qwen   crows_socioeconomic  s1 L26  st=0.04 null_random    primary red=-0.0131 ok=True
[steer] qwen   crows_socioeconomic  s1 L9   st=0.005 real           supp    red=+0.0014 ok=True
[steer] qwen   crows_socioeconomic  s1 L9   st=0.01 real           supp    red=+0.0037 ok=True
[steer] qwen   crows_socioeconomic  s1 L9   st=0.08 real           supp    red=+0.0197 ok=False
[steer] qwen   crows_socioeconomic  s1 L9   st=0.005 null_partition supp    red=+0.0022 ok=True
[steer] qwen   crows_socioeconomic  s1 L9   st=0.01 null_partition supp    red=+0.0027 ok=True
[steer] qwen   crows_socioeconomic  s1 L9   st=0.08 null_partition supp    red=+0.0181 ok=False
[steer] qwen   crows_socioeconomic  s1 L9   st=0.005 null_random    supp    red=+0.0029 ok=True
[steer] qwen   crows_socioeconomic  s1 L9   st=0.01 null_random    supp    red=+0.0046 ok=True
[steer] qwen   crows_socioeconomic  s1 L9   st=0.08 null_random    supp    red=+0.0075 ok=True
[steer] qwen   crows_socioeconomic  s1 L14  st=0.005 real           supp    red=+0.0027 ok=True
[steer] qwen   crows_socioeconomic  s1 L14  st=0.01 real           supp    red=-0.0009 ok=True
[steer] qwen   crows_socioeconomic  s1 L14  st=0.08 real           supp    red=-0.0094 ok=True
[steer] qwen   crows_socioeconomic  s1 L14  st=0.005 null_partition supp    red=+0.0033 ok=True
[steer] qwen   crows_socioeconomic  s1 L14  st=0.01 null_partition supp    red=+0.0035 ok=True
[steer] qwen   crows_socioeconomic  s1 L14  st=0.08 null_partition supp    red=+0.0042 ok=False
[steer] qwen   crows_socioeconomic  s1 L14  st=0.005 null_random    supp    red=+0.0042 ok=True
[steer] qwen   crows_socioeconomic  s1 L14  st=0.01 null_random    supp    red=+0.0060 ok=True
[steer] qwen   crows_socioeconomic  s1 L14  st=0.08 null_random    supp    red=-0.0062 ok=False
[steer] qwen   crows_socioeconomic  s1 L21  st=0.005 real           supp    red=+0.0032 ok=True
[steer] qwen   crows_socioeconomic  s1 L21  st=0.01 real           supp    red=+0.0034 ok=True
[steer] qwen   crows_socioeconomic  s1 L21  st=0.08 real           supp    red=-0.0271 ok=False
[steer] qwen   crows_socioeconomic  s1 L21  st=0.005 null_partition supp    red=+0.0014 ok=True
[steer] qwen   crows_socioeconomic  s1 L21  st=0.01 null_partition supp    red=+0.0012 ok=True
[steer] qwen   crows_socioeconomic  s1 L21  st=0.08 null_partition supp    red=-0.0066 ok=True
[steer] qwen   crows_socioeconomic  s1 L21  st=0.005 null_random    supp    red=+0.0009 ok=True
[steer] qwen   crows_socioeconomic  s1 L21  st=0.01 null_random    supp    red=+0.0030 ok=True
[steer] qwen   crows_socioeconomic  s1 L21  st=0.08 null_random    supp    red=+0.0043 ok=True
[steer] qwen   crows_socioeconomic  s1 L30  st=0.005 real           supp    red=+0.0030 ok=True
[steer] qwen   crows_socioeconomic  s1 L30  st=0.01 real           supp    red=+0.0031 ok=True
[steer] qwen   crows_socioeconomic  s1 L30  st=0.08 real           supp    red=+0.0012 ok=True
[steer] qwen   crows_socioeconomic  s1 L30  st=0.005 null_partition supp    red=+0.0031 ok=True
[steer] qwen   crows_socioeconomic  s1 L30  st=0.01 null_partition supp    red=+0.0020 ok=True
[steer] qwen   crows_socioeconomic  s1 L30  st=0.08 null_partition supp    red=+0.0124 ok=True
[steer] qwen   crows_socioeconomic  s1 L30  st=0.005 null_random    supp    red=+0.0012 ok=True
[steer] qwen   crows_socioeconomic  s1 L30  st=0.01 null_random    supp    red=+0.0037 ok=True
[steer] qwen   crows_socioeconomic  s1 L30  st=0.08 null_random    supp    red=+0.0052 ok=True
[steer] qwen   crows_socioeconomic  s2 L18  st=0.02 real           primary red=-0.0012 ok=True
[steer] qwen   crows_socioeconomic  s2 L18  st=0.04 real           primary red=-0.0069 ok=True
[steer] qwen   crows_socioeconomic  s2 L18  st=0.02 null_partition primary red=+0.0022 ok=True
[steer] qwen   crows_socioeconomic  s2 L18  st=0.04 null_partition primary red=+0.0025 ok=False
[steer] qwen   crows_socioeconomic  s2 L18  st=0.02 null_random    primary red=+0.0023 ok=False
[steer] qwen   crows_socioeconomic  s2 L18  st=0.04 null_random    primary red=-0.0003 ok=False
[steer] qwen   crows_socioeconomic  s2 L26  st=0.02 real           primary red=+0.0083 ok=True
[steer] qwen   crows_socioeconomic  s2 L26  st=0.04 real           primary red=+0.0158 ok=True
[steer] qwen   crows_socioeconomic  s2 L26  st=0.02 null_partition primary red=+0.0015 ok=True
[steer] qwen   crows_socioeconomic  s2 L26  st=0.04 null_partition primary red=+0.0032 ok=True
[steer] qwen   crows_socioeconomic  s2 L26  st=0.02 null_random    primary red=+0.0024 ok=True
[steer] qwen   crows_socioeconomic  s2 L26  st=0.04 null_random    primary red=+0.0030 ok=False
[steer] qwen   crows_socioeconomic  s2 L9   st=0.005 real           supp    red=+0.0040 ok=True
[steer] qwen   crows_socioeconomic  s2 L9   st=0.01 real           supp    red=+0.0035 ok=True
[steer] qwen   crows_socioeconomic  s2 L9   st=0.08 real           supp    red=+0.0324 ok=False
[steer] qwen   crows_socioeconomic  s2 L9   st=0.005 null_partition supp    red=+0.0027 ok=True
[steer] qwen   crows_socioeconomic  s2 L9   st=0.01 null_partition supp    red=+0.0007 ok=True
[steer] qwen   crows_socioeconomic  s2 L9   st=0.08 null_partition supp    red=-0.0183 ok=True
[steer] qwen   crows_socioeconomic  s2 L9   st=0.005 null_random    supp    red=+0.0023 ok=False
[steer] qwen   crows_socioeconomic  s2 L9   st=0.01 null_random    supp    red=+0.0008 ok=False
[steer] qwen   crows_socioeconomic  s2 L9   st=0.08 null_random    supp    red=-0.0472 ok=True
[steer] qwen   crows_socioeconomic  s2 L14  st=0.005 real           supp    red=+0.0020 ok=True
[steer] qwen   crows_socioeconomic  s2 L14  st=0.01 real           supp    red=+0.0012 ok=True
[steer] qwen   crows_socioeconomic  s2 L14  st=0.08 real           supp    red=-0.0088 ok=True
[steer] qwen   crows_socioeconomic  s2 L14  st=0.005 null_partition supp    red=+0.0056 ok=True
[steer] qwen   crows_socioeconomic  s2 L14  st=0.01 null_partition supp    red=+0.0049 ok=True
[steer] qwen   crows_socioeconomic  s2 L14  st=0.08 null_partition supp    red=+0.0060 ok=False
[steer] qwen   crows_socioeconomic  s2 L14  st=0.005 null_random    supp    red=+0.0070 ok=True
[steer] qwen   crows_socioeconomic  s2 L14  st=0.01 null_random    supp    red=+0.0053 ok=True
[steer] qwen   crows_socioeconomic  s2 L14  st=0.08 null_random    supp    red=-0.0134 ok=False
[steer] qwen   crows_socioeconomic  s2 L21  st=0.005 real           supp    red=+0.0047 ok=True
[steer] qwen   crows_socioeconomic  s2 L21  st=0.01 real           supp    red=+0.0059 ok=True
[steer] qwen   crows_socioeconomic  s2 L21  st=0.08 real           supp    red=-0.0082 ok=False
[steer] qwen   crows_socioeconomic  s2 L21  st=0.005 null_partition supp    red=+0.0014 ok=True
[steer] qwen   crows_socioeconomic  s2 L21  st=0.01 null_partition supp    red=+0.0027 ok=True
[steer] qwen   crows_socioeconomic  s2 L21  st=0.08 null_partition supp    red=+0.0057 ok=True
[steer] qwen   crows_socioeconomic  s2 L21  st=0.005 null_random    supp    red=+0.0019 ok=True
[steer] qwen   crows_socioeconomic  s2 L21  st=0.01 null_random    supp    red=+0.0026 ok=True
[steer] qwen   crows_socioeconomic  s2 L21  st=0.08 null_random    supp    red=-0.0035 ok=False
[steer] qwen   crows_socioeconomic  s2 L30  st=0.005 real           supp    red=+0.0017 ok=True
[steer] qwen   crows_socioeconomic  s2 L30  st=0.01 real           supp    red=+0.0028 ok=True
[steer] qwen   crows_socioeconomic  s2 L30  st=0.08 real           supp    red=+0.0063 ok=True
[steer] qwen   crows_socioeconomic  s2 L30  st=0.005 null_partition supp    red=+0.0024 ok=True
[steer] qwen   crows_socioeconomic  s2 L30  st=0.01 null_partition supp    red=+0.0021 ok=True
[steer] qwen   crows_socioeconomic  s2 L30  st=0.08 null_partition supp    red=-0.0003 ok=True
[steer] qwen   crows_socioeconomic  s2 L30  st=0.005 null_random    supp    red=+0.0044 ok=True
[steer] qwen   crows_socioeconomic  s2 L30  st=0.01 null_random    supp    red=+0.0026 ok=True
[steer] qwen   crows_socioeconomic  s2 L30  st=0.08 null_random    supp    red=-0.0002 ok=True
[transformers] This model config has set a `rope_parameters['original_max_position_embeddings']` field, to be used together with `max_position_embeddings` to determine a scaling factor. Please set the `factor` field of `rope_parameters`with this ratio instead -- we recommend the use of this field over `original_max_position_embeddings`, as it is compatible with most model architectures.
Loading weights:   0%|                                                       | 0/195 [00:00<?, ?it/s]Loading weights: 100%|███████████████████████████████████████████| 195/195 [00:00<00:00, 5936.37it/s]
[steer] phi    occ_gender           s0 L16  st=0.02 real           primary red=+0.5919 ok=False
[steer] phi    occ_gender           s0 L16  st=0.04 real           primary red=+0.2816 ok=False
[steer] phi    occ_gender           s0 L16  st=0.02 null_partition primary red=+0.0199 ok=False
[steer] phi    occ_gender           s0 L16  st=0.04 null_partition primary red=+0.0566 ok=False
[steer] phi    occ_gender           s0 L16  st=0.02 null_random    primary red=+0.0138 ok=False
[steer] phi    occ_gender           s0 L16  st=0.04 null_random    primary red=+0.0381 ok=False
[steer] phi    occ_gender           s0 L23  st=0.02 real           primary red=+0.1369 ok=False
[steer] phi    occ_gender           s0 L23  st=0.04 real           primary red=+0.3905 ok=False
[steer] phi    occ_gender           s0 L23  st=0.02 null_partition primary red=-0.0014 ok=False
[steer] phi    occ_gender           s0 L23  st=0.04 null_partition primary red=+0.0130 ok=False
[steer] phi    occ_gender           s0 L23  st=0.02 null_random    primary red=-0.0070 ok=False
[steer] phi    occ_gender           s0 L23  st=0.04 null_random    primary red=-0.0062 ok=False
[steer] phi    occ_gender           s0 L8   st=0.005 real           supp    red=+0.0323 ok=False
[steer] phi    occ_gender           s0 L8   st=0.01 real           supp    red=+0.1618 ok=False
[steer] phi    occ_gender           s0 L8   st=0.08 real           supp    red=+0.7068 ok=False
[steer] phi    occ_gender           s0 L8   st=0.005 null_partition supp    red=-0.0036 ok=False
[steer] phi    occ_gender           s0 L8   st=0.01 null_partition supp    red=+0.0044 ok=False
[steer] phi    occ_gender           s0 L8   st=0.08 null_partition supp    red=+0.0580 ok=False
[steer] phi    occ_gender           s0 L8   st=0.005 null_random    supp    red=-0.0060 ok=False
[steer] phi    occ_gender           s0 L8   st=0.01 null_random    supp    red=-0.0018 ok=False
[steer] phi    occ_gender           s0 L8   st=0.08 null_random    supp    red=+0.1409 ok=False
[steer] phi    occ_gender           s0 L12  st=0.005 real           supp    red=+0.0361 ok=False
[steer] phi    occ_gender           s0 L12  st=0.01 real           supp    red=+0.1576 ok=False
[steer] phi    occ_gender           s0 L12  st=0.08 real           supp    red=+0.6674 ok=False
[steer] phi    occ_gender           s0 L12  st=0.005 null_partition supp    red=-0.0001 ok=False
[steer] phi    occ_gender           s0 L12  st=0.01 null_partition supp    red=+0.0022 ok=False
[steer] phi    occ_gender           s0 L12  st=0.08 null_partition supp    red=+0.0328 ok=False
[steer] phi    occ_gender           s0 L12  st=0.005 null_random    supp    red=-0.0050 ok=False
[steer] phi    occ_gender           s0 L12  st=0.01 null_random    supp    red=-0.0083 ok=False
[steer] phi    occ_gender           s0 L12  st=0.08 null_random    supp    red=-0.0302 ok=False
[steer] phi    occ_gender           s0 L19  st=0.005 real           supp    red=+0.0365 ok=False
[steer] phi    occ_gender           s0 L19  st=0.01 real           supp    red=+0.1267 ok=False
[steer] phi    occ_gender           s0 L19  st=0.08 real           supp    red=+0.7207 ok=False
[steer] phi    occ_gender           s0 L19  st=0.005 null_partition supp    red=-0.0032 ok=False
[steer] phi    occ_gender           s0 L19  st=0.01 null_partition supp    red=+0.0015 ok=False
[steer] phi    occ_gender           s0 L19  st=0.08 null_partition supp    red=+0.0492 ok=False
[steer] phi    occ_gender           s0 L19  st=0.005 null_random    supp    red=-0.0018 ok=False
[steer] phi    occ_gender           s0 L19  st=0.01 null_random    supp    red=+0.0018 ok=False
[steer] phi    occ_gender           s0 L19  st=0.08 null_random    supp    red=+0.0149 ok=False
[steer] phi    occ_gender           s0 L26  st=0.005 real           supp    red=+0.0012 ok=False
[steer] phi    occ_gender           s0 L26  st=0.01 real           supp    red=-0.0040 ok=False
[steer] phi    occ_gender           s0 L26  st=0.08 real           supp    red=+0.3641 ok=False
[steer] phi    occ_gender           s0 L26  st=0.005 null_partition supp    red=-0.0019 ok=False
[steer] phi    occ_gender           s0 L26  st=0.01 null_partition supp    red=-0.0043 ok=False
[steer] phi    occ_gender           s0 L26  st=0.08 null_partition supp    red=+0.0418 ok=False
[steer] phi    occ_gender           s0 L26  st=0.005 null_random    supp    red=+0.0031 ok=False
[steer] phi    occ_gender           s0 L26  st=0.01 null_random    supp    red=+0.0023 ok=False
[steer] phi    occ_gender           s0 L26  st=0.08 null_random    supp    red=+0.0269 ok=False
[steer] phi    occ_gender           s1 L16  st=0.02 real           primary red=+0.5222 ok=False
[steer] phi    occ_gender           s1 L16  st=0.04 real           primary red=+0.3550 ok=False
[steer] phi    occ_gender           s1 L16  st=0.02 null_partition primary red=-0.0042 ok=False
[steer] phi    occ_gender           s1 L16  st=0.04 null_partition primary red=-0.0006 ok=False
[steer] phi    occ_gender           s1 L16  st=0.02 null_random    primary red=+0.0178 ok=False
[steer] phi    occ_gender           s1 L16  st=0.04 null_random    primary red=+0.0493 ok=False
[steer] phi    occ_gender           s1 L23  st=0.02 real           primary red=+0.1398 ok=False
[steer] phi    occ_gender           s1 L23  st=0.04 real           primary red=+0.3851 ok=False
[steer] phi    occ_gender           s1 L23  st=0.02 null_partition primary red=-0.0108 ok=False
[steer] phi    occ_gender           s1 L23  st=0.04 null_partition primary red=-0.0051 ok=False
[steer] phi    occ_gender           s1 L23  st=0.02 null_random    primary red=-0.0025 ok=False
[steer] phi    occ_gender           s1 L23  st=0.04 null_random    primary red=-0.0140 ok=False
[steer] phi    occ_gender           s1 L8   st=0.005 real           supp    red=+0.0323 ok=False
[steer] phi    occ_gender           s1 L8   st=0.01 real           supp    red=+0.1610 ok=False
[steer] phi    occ_gender           s1 L8   st=0.08 real           supp    red=+0.6844 ok=False
[steer] phi    occ_gender           s1 L8   st=0.005 null_partition supp    red=-0.0037 ok=False
[steer] phi    occ_gender           s1 L8   st=0.01 null_partition supp    red=+0.0032 ok=False
[steer] phi    occ_gender           s1 L8   st=0.08 null_partition supp    red=+0.0008 ok=False
[steer] phi    occ_gender           s1 L8   st=0.005 null_random    supp    red=+0.0035 ok=False
[steer] phi    occ_gender           s1 L8   st=0.01 null_random    supp    red=+0.0166 ok=False
[steer] phi    occ_gender           s1 L8   st=0.08 null_random    supp    red=+0.2740 ok=False
[steer] phi    occ_gender           s1 L12  st=0.005 real           supp    red=+0.0346 ok=False
[steer] phi    occ_gender           s1 L12  st=0.01 real           supp    red=+0.1490 ok=False
[steer] phi    occ_gender           s1 L12  st=0.08 real           supp    red=+0.7020 ok=False
[steer] phi    occ_gender           s1 L12  st=0.005 null_partition supp    red=+0.0026 ok=False
[steer] phi    occ_gender           s1 L12  st=0.01 null_partition supp    red=+0.0048 ok=False
[steer] phi    occ_gender           s1 L12  st=0.08 null_partition supp    red=+0.0689 ok=False
[steer] phi    occ_gender           s1 L12  st=0.005 null_random    supp    red=-0.0079 ok=False
[steer] phi    occ_gender           s1 L12  st=0.01 null_random    supp    red=-0.0067 ok=False
[steer] phi    occ_gender           s1 L12  st=0.08 null_random    supp    red=+0.0524 ok=False
[steer] phi    occ_gender           s1 L19  st=0.005 real           supp    red=+0.0345 ok=False
[steer] phi    occ_gender           s1 L19  st=0.01 real           supp    red=+0.1243 ok=False
[steer] phi    occ_gender           s1 L19  st=0.08 real           supp    red=+0.7194 ok=False
[steer] phi    occ_gender           s1 L19  st=0.005 null_partition supp    red=-0.0046 ok=False
[steer] phi    occ_gender           s1 L19  st=0.01 null_partition supp    red=-0.0029 ok=False
[steer] phi    occ_gender           s1 L19  st=0.08 null_partition supp    red=-0.0104 ok=False
[steer] phi    occ_gender           s1 L19  st=0.005 null_random    supp    red=-0.0027 ok=False
[steer] phi    occ_gender           s1 L19  st=0.01 null_random    supp    red=+0.0010 ok=False
[steer] phi    occ_gender           s1 L19  st=0.08 null_random    supp    red=+0.0077 ok=False
[steer] phi    occ_gender           s1 L26  st=0.005 real           supp    red=-0.0073 ok=False
[steer] phi    occ_gender           s1 L26  st=0.01 real           supp    red=-0.0018 ok=False
[steer] phi    occ_gender           s1 L26  st=0.08 real           supp    red=+0.3884 ok=False
[steer] phi    occ_gender           s1 L26  st=0.005 null_partition supp    red=-0.0015 ok=False
[steer] phi    occ_gender           s1 L26  st=0.01 null_partition supp    red=-0.0026 ok=False
[steer] phi    occ_gender           s1 L26  st=0.08 null_partition supp    red=+0.0053 ok=False
[steer] phi    occ_gender           s1 L26  st=0.005 null_random    supp    red=-0.0010 ok=False
[steer] phi    occ_gender           s1 L26  st=0.01 null_random    supp    red=-0.0025 ok=False
[steer] phi    occ_gender           s1 L26  st=0.08 null_random    supp    red=-0.0056 ok=False
[steer] phi    occ_gender           s2 L16  st=0.02 real           primary red=+0.4708 ok=False
[steer] phi    occ_gender           s2 L16  st=0.04 real           primary red=+0.5019 ok=False
[steer] phi    occ_gender           s2 L16  st=0.02 null_partition primary red=+0.0107 ok=False
[steer] phi    occ_gender           s2 L16  st=0.04 null_partition primary red=+0.0125 ok=False
[steer] phi    occ_gender           s2 L16  st=0.02 null_random    primary red=+0.0039 ok=False
[steer] phi    occ_gender           s2 L16  st=0.04 null_random    primary red=+0.0003 ok=False
[steer] phi    occ_gender           s2 L23  st=0.02 real           primary red=+0.1250 ok=False
[steer] phi    occ_gender           s2 L23  st=0.04 real           primary red=+0.3572 ok=False
[steer] phi    occ_gender           s2 L23  st=0.02 null_partition primary red=-0.0004 ok=False
[steer] phi    occ_gender           s2 L23  st=0.04 null_partition primary red=+0.0138 ok=False
[steer] phi    occ_gender           s2 L23  st=0.02 null_random    primary red=+0.0121 ok=False
[steer] phi    occ_gender           s2 L23  st=0.04 null_random    primary red=+0.0143 ok=False
[steer] phi    occ_gender           s2 L8   st=0.005 real           supp    red=+0.0211 ok=False
[steer] phi    occ_gender           s2 L8   st=0.01 real           supp    red=+0.1371 ok=False
[steer] phi    occ_gender           s2 L8   st=0.08 real           supp    red=+0.7152 ok=False
[steer] phi    occ_gender           s2 L8   st=0.005 null_partition supp    red=+0.0005 ok=False
[steer] phi    occ_gender           s2 L8   st=0.01 null_partition supp    red=+0.0066 ok=False
[steer] phi    occ_gender           s2 L8   st=0.08 null_partition supp    red=+0.2986 ok=False
[steer] phi    occ_gender           s2 L8   st=0.005 null_random    supp    red=+0.0061 ok=False
[steer] phi    occ_gender           s2 L8   st=0.01 null_random    supp    red=-0.0034 ok=False
[steer] phi    occ_gender           s2 L8   st=0.08 null_random    supp    red=+0.3182 ok=False
[steer] phi    occ_gender           s2 L12  st=0.005 real           supp    red=+0.0299 ok=False
[steer] phi    occ_gender           s2 L12  st=0.01 real           supp    red=+0.1508 ok=False
[steer] phi    occ_gender           s2 L12  st=0.08 real           supp    red=+0.6979 ok=False
[steer] phi    occ_gender           s2 L12  st=0.005 null_partition supp    red=+0.0076 ok=False
[steer] phi    occ_gender           s2 L12  st=0.01 null_partition supp    red=+0.0060 ok=False
[steer] phi    occ_gender           s2 L12  st=0.08 null_partition supp    red=+0.1131 ok=False
[steer] phi    occ_gender           s2 L12  st=0.005 null_random    supp    red=+0.0014 ok=False
[steer] phi    occ_gender           s2 L12  st=0.01 null_random    supp    red=-0.0005 ok=False
[steer] phi    occ_gender           s2 L12  st=0.08 null_random    supp    red=+0.1201 ok=False
[steer] phi    occ_gender           s2 L19  st=0.005 real           supp    red=+0.0318 ok=False
[steer] phi    occ_gender           s2 L19  st=0.01 real           supp    red=+0.1052 ok=False
[steer] phi    occ_gender           s2 L19  st=0.08 real           supp    red=+0.7184 ok=False
[steer] phi    occ_gender           s2 L19  st=0.005 null_partition supp    red=-0.0023 ok=False
[steer] phi    occ_gender           s2 L19  st=0.01 null_partition supp    red=+0.0010 ok=False
[steer] phi    occ_gender           s2 L19  st=0.08 null_partition supp    red=+0.0504 ok=False
[steer] phi    occ_gender           s2 L19  st=0.005 null_random    supp    red=-0.0063 ok=False
[steer] phi    occ_gender           s2 L19  st=0.01 null_random    supp    red=-0.0097 ok=False
[steer] phi    occ_gender           s2 L19  st=0.08 null_random    supp    red=-0.0148 ok=False
[steer] phi    occ_gender           s2 L26  st=0.005 real           supp    red=-0.0090 ok=False
[steer] phi    occ_gender           s2 L26  st=0.01 real           supp    red=-0.0054 ok=False
[steer] phi    occ_gender           s2 L26  st=0.08 real           supp    red=+0.2548 ok=False
[steer] phi    occ_gender           s2 L26  st=0.005 null_partition supp    red=-0.0014 ok=False
[steer] phi    occ_gender           s2 L26  st=0.01 null_partition supp    red=+0.0013 ok=False
[steer] phi    occ_gender           s2 L26  st=0.08 null_partition supp    red=+0.0092 ok=False
[steer] phi    occ_gender           s2 L26  st=0.005 null_random    supp    red=-0.0034 ok=False
[steer] phi    occ_gender           s2 L26  st=0.01 null_random    supp    red=+0.0034 ok=False
[steer] phi    occ_gender           s2 L26  st=0.08 null_random    supp    red=+0.0309 ok=False
[steer] phi    crows_socioeconomic  s0 L16  st=0.02 real           primary red=+0.0085 ok=True
[steer] phi    crows_socioeconomic  s0 L16  st=0.04 real           primary red=+0.0227 ok=True
[steer] phi    crows_socioeconomic  s0 L16  st=0.02 null_partition primary red=+0.0005 ok=True
[steer] phi    crows_socioeconomic  s0 L16  st=0.04 null_partition primary red=-0.0019 ok=True
[steer] phi    crows_socioeconomic  s0 L16  st=0.02 null_random    primary red=+0.0092 ok=True
[steer] phi    crows_socioeconomic  s0 L16  st=0.04 null_random    primary red=+0.0179 ok=True
[steer] phi    crows_socioeconomic  s0 L23  st=0.02 real           primary red=+0.0213 ok=True
[steer] phi    crows_socioeconomic  s0 L23  st=0.04 real           primary red=+0.0341 ok=True
[steer] phi    crows_socioeconomic  s0 L23  st=0.02 null_partition primary red=-0.0044 ok=True
[steer] phi    crows_socioeconomic  s0 L23  st=0.04 null_partition primary red=-0.0002 ok=True
[steer] phi    crows_socioeconomic  s0 L23  st=0.02 null_random    primary red=+0.0002 ok=True
[steer] phi    crows_socioeconomic  s0 L23  st=0.04 null_random    primary red=-0.0037 ok=True
[steer] phi    crows_socioeconomic  s0 L8   st=0.005 real           supp    red=+0.0008 ok=True
[steer] phi    crows_socioeconomic  s0 L8   st=0.01 real           supp    red=+0.0029 ok=True
[steer] phi    crows_socioeconomic  s0 L8   st=0.08 real           supp    red=+0.0120 ok=False
[steer] phi    crows_socioeconomic  s0 L8   st=0.005 null_partition supp    red=+0.0004 ok=True
[steer] phi    crows_socioeconomic  s0 L8   st=0.01 null_partition supp    red=+0.0016 ok=True
[steer] phi    crows_socioeconomic  s0 L8   st=0.08 null_partition supp    red=+0.0113 ok=False
[steer] phi    crows_socioeconomic  s0 L8   st=0.005 null_random    supp    red=+0.0052 ok=True
[steer] phi    crows_socioeconomic  s0 L8   st=0.01 null_random    supp    red=+0.0021 ok=True
[steer] phi    crows_socioeconomic  s0 L8   st=0.08 null_random    supp    red=+0.0449 ok=False
[steer] phi    crows_socioeconomic  s0 L12  st=0.005 real           supp    red=+0.0033 ok=True
[steer] phi    crows_socioeconomic  s0 L12  st=0.01 real           supp    red=-0.0021 ok=True
[steer] phi    crows_socioeconomic  s0 L12  st=0.08 real           supp    red=+0.0307 ok=False
[steer] phi    crows_socioeconomic  s0 L12  st=0.005 null_partition supp    red=+0.0003 ok=True
[steer] phi    crows_socioeconomic  s0 L12  st=0.01 null_partition supp    red=+0.0024 ok=True
[steer] phi    crows_socioeconomic  s0 L12  st=0.08 null_partition supp    red=+0.0070 ok=True
[steer] phi    crows_socioeconomic  s0 L12  st=0.005 null_random    supp    red=+0.0016 ok=True
[steer] phi    crows_socioeconomic  s0 L12  st=0.01 null_random    supp    red=+0.0042 ok=True
[steer] phi    crows_socioeconomic  s0 L12  st=0.08 null_random    supp    red=+0.0051 ok=False
[steer] phi    crows_socioeconomic  s0 L19  st=0.005 real           supp    red=+0.0029 ok=True
[steer] phi    crows_socioeconomic  s0 L19  st=0.01 real           supp    red=+0.0068 ok=True
[steer] phi    crows_socioeconomic  s0 L19  st=0.08 real           supp    red=+0.0600 ok=True
[steer] phi    crows_socioeconomic  s0 L19  st=0.005 null_partition supp    red=+0.0040 ok=True
[steer] phi    crows_socioeconomic  s0 L19  st=0.01 null_partition supp    red=+0.0053 ok=True
[steer] phi    crows_socioeconomic  s0 L19  st=0.08 null_partition supp    red=+0.0046 ok=True
[steer] phi    crows_socioeconomic  s0 L19  st=0.005 null_random    supp    red=+0.0050 ok=True
[steer] phi    crows_socioeconomic  s0 L19  st=0.01 null_random    supp    red=+0.0051 ok=True
[steer] phi    crows_socioeconomic  s0 L19  st=0.08 null_random    supp    red=+0.0409 ok=True
[steer] phi    crows_socioeconomic  s0 L26  st=0.005 real           supp    red=+0.0068 ok=True
[steer] phi    crows_socioeconomic  s0 L26  st=0.01 real           supp    red=+0.0151 ok=True
[steer] phi    crows_socioeconomic  s0 L26  st=0.08 real           supp    red=+0.0849 ok=True
[steer] phi    crows_socioeconomic  s0 L26  st=0.005 null_partition supp    red=+0.0047 ok=True
[steer] phi    crows_socioeconomic  s0 L26  st=0.01 null_partition supp    red=-0.0038 ok=True
[steer] phi    crows_socioeconomic  s0 L26  st=0.08 null_partition supp    red=+0.0064 ok=True
[steer] phi    crows_socioeconomic  s0 L26  st=0.005 null_random    supp    red=+0.0044 ok=True
[steer] phi    crows_socioeconomic  s0 L26  st=0.01 null_random    supp    red=+0.0008 ok=True
[steer] phi    crows_socioeconomic  s0 L26  st=0.08 null_random    supp    red=+0.0170 ok=True
[steer] phi    crows_socioeconomic  s1 L16  st=0.02 real           primary red=+0.0114 ok=True
[steer] phi    crows_socioeconomic  s1 L16  st=0.04 real           primary red=+0.0181 ok=True
[steer] phi    crows_socioeconomic  s1 L16  st=0.02 null_partition primary red=+0.0006 ok=True
[steer] phi    crows_socioeconomic  s1 L16  st=0.04 null_partition primary red=+0.0014 ok=True
[steer] phi    crows_socioeconomic  s1 L16  st=0.02 null_random    primary red=+0.0006 ok=True
[steer] phi    crows_socioeconomic  s1 L16  st=0.04 null_random    primary red=+0.0047 ok=True
[steer] phi    crows_socioeconomic  s1 L23  st=0.02 real           primary red=+0.0133 ok=True
[steer] phi    crows_socioeconomic  s1 L23  st=0.04 real           primary red=+0.0246 ok=True
[steer] phi    crows_socioeconomic  s1 L23  st=0.02 null_partition primary red=+0.0005 ok=True
[steer] phi    crows_socioeconomic  s1 L23  st=0.04 null_partition primary red=-0.0129 ok=True
[steer] phi    crows_socioeconomic  s1 L23  st=0.02 null_random    primary red=+0.0046 ok=True
[steer] phi    crows_socioeconomic  s1 L23  st=0.04 null_random    primary red=+0.0121 ok=True
[steer] phi    crows_socioeconomic  s1 L8   st=0.005 real           supp    red=+0.0053 ok=True
[steer] phi    crows_socioeconomic  s1 L8   st=0.01 real           supp    red=+0.0050 ok=True
[steer] phi    crows_socioeconomic  s1 L8   st=0.08 real           supp    red=+0.0068 ok=False
[steer] phi    crows_socioeconomic  s1 L8   st=0.005 null_partition supp    red=+0.0028 ok=True
[steer] phi    crows_socioeconomic  s1 L8   st=0.01 null_partition supp    red=+0.0020 ok=True
[steer] phi    crows_socioeconomic  s1 L8   st=0.08 null_partition supp    red=+0.0022 ok=False
[steer] phi    crows_socioeconomic  s1 L8   st=0.005 null_random    supp    red=+0.0011 ok=True
[steer] phi    crows_socioeconomic  s1 L8   st=0.01 null_random    supp    red=-0.0035 ok=True
[steer] phi    crows_socioeconomic  s1 L8   st=0.08 null_random    supp    red=+0.0405 ok=False
[steer] phi    crows_socioeconomic  s1 L12  st=0.005 real           supp    red=+0.0026 ok=True
[steer] phi    crows_socioeconomic  s1 L12  st=0.01 real           supp    red=-0.0005 ok=True
[steer] phi    crows_socioeconomic  s1 L12  st=0.08 real           supp    red=+0.0175 ok=False
[steer] phi    crows_socioeconomic  s1 L12  st=0.005 null_partition supp    red=+0.0035 ok=True
[steer] phi    crows_socioeconomic  s1 L12  st=0.01 null_partition supp    red=+0.0043 ok=True
[steer] phi    crows_socioeconomic  s1 L12  st=0.08 null_partition supp    red=+0.0083 ok=True
[steer] phi    crows_socioeconomic  s1 L12  st=0.005 null_random    supp    red=+0.0026 ok=True
[steer] phi    crows_socioeconomic  s1 L12  st=0.01 null_random    supp    red=+0.0025 ok=True
[steer] phi    crows_socioeconomic  s1 L12  st=0.08 null_random    supp    red=+0.0036 ok=False
[steer] phi    crows_socioeconomic  s1 L19  st=0.005 real           supp    red=+0.0034 ok=True
[steer] phi    crows_socioeconomic  s1 L19  st=0.01 real           supp    red=+0.0048 ok=True
[steer] phi    crows_socioeconomic  s1 L19  st=0.08 real           supp    red=+0.0425 ok=True
[steer] phi    crows_socioeconomic  s1 L19  st=0.005 null_partition supp    red=+0.0017 ok=True
[steer] phi    crows_socioeconomic  s1 L19  st=0.01 null_partition supp    red=-0.0009 ok=True
[steer] phi    crows_socioeconomic  s1 L19  st=0.08 null_partition supp    red=-0.0016 ok=True
[steer] phi    crows_socioeconomic  s1 L19  st=0.005 null_random    supp    red=+0.0069 ok=True
[steer] phi    crows_socioeconomic  s1 L19  st=0.01 null_random    supp    red=+0.0060 ok=True
[steer] phi    crows_socioeconomic  s1 L19  st=0.08 null_random    supp    red=+0.0645 ok=True
[steer] phi    crows_socioeconomic  s1 L26  st=0.005 real           supp    red=+0.0018 ok=True
[steer] phi    crows_socioeconomic  s1 L26  st=0.01 real           supp    red=+0.0095 ok=True
[steer] phi    crows_socioeconomic  s1 L26  st=0.08 real           supp    red=+0.0646 ok=True
[steer] phi    crows_socioeconomic  s1 L26  st=0.005 null_partition supp    red=+0.0027 ok=True
[steer] phi    crows_socioeconomic  s1 L26  st=0.01 null_partition supp    red=+0.0009 ok=True
[steer] phi    crows_socioeconomic  s1 L26  st=0.08 null_partition supp    red=-0.0050 ok=True
[steer] phi    crows_socioeconomic  s1 L26  st=0.005 null_random    supp    red=-0.0067 ok=True
[steer] phi    crows_socioeconomic  s1 L26  st=0.01 null_random    supp    red=+0.0034 ok=True
[steer] phi    crows_socioeconomic  s1 L26  st=0.08 null_random    supp    red=+0.0175 ok=True
[steer] phi    crows_socioeconomic  s2 L16  st=0.02 real           primary red=+0.0038 ok=True
[steer] phi    crows_socioeconomic  s2 L16  st=0.04 real           primary red=+0.0075 ok=True
[steer] phi    crows_socioeconomic  s2 L16  st=0.02 null_partition primary red=-0.0019 ok=True
[steer] phi    crows_socioeconomic  s2 L16  st=0.04 null_partition primary red=+0.0031 ok=True
[steer] phi    crows_socioeconomic  s2 L16  st=0.02 null_random    primary red=-0.0038 ok=True
[steer] phi    crows_socioeconomic  s2 L16  st=0.04 null_random    primary red=-0.0109 ok=True
[steer] phi    crows_socioeconomic  s2 L23  st=0.02 real           primary red=+0.0189 ok=True
[steer] phi    crows_socioeconomic  s2 L23  st=0.04 real           primary red=+0.0288 ok=True
[steer] phi    crows_socioeconomic  s2 L23  st=0.02 null_partition primary red=-0.0013 ok=True
[steer] phi    crows_socioeconomic  s2 L23  st=0.04 null_partition primary red=+0.0098 ok=True
[steer] phi    crows_socioeconomic  s2 L23  st=0.02 null_random    primary red=-0.0096 ok=True
[steer] phi    crows_socioeconomic  s2 L23  st=0.04 null_random    primary red=-0.0146 ok=True
[steer] phi    crows_socioeconomic  s2 L8   st=0.005 real           supp    red=+0.0004 ok=True
[steer] phi    crows_socioeconomic  s2 L8   st=0.01 real           supp    red=+0.0059 ok=True
[steer] phi    crows_socioeconomic  s2 L8   st=0.08 real           supp    red=+0.0093 ok=False
[steer] phi    crows_socioeconomic  s2 L8   st=0.005 null_partition supp    red=-0.0026 ok=True
[steer] phi    crows_socioeconomic  s2 L8   st=0.01 null_partition supp    red=+0.0040 ok=False
[steer] phi    crows_socioeconomic  s2 L8   st=0.08 null_partition supp    red=+0.0174 ok=False
[steer] phi    crows_socioeconomic  s2 L8   st=0.005 null_random    supp    red=+0.0009 ok=True
[steer] phi    crows_socioeconomic  s2 L8   st=0.01 null_random    supp    red=+0.0044 ok=True
[steer] phi    crows_socioeconomic  s2 L8   st=0.08 null_random    supp    red=+0.0320 ok=False
[steer] phi    crows_socioeconomic  s2 L12  st=0.005 real           supp    red=+0.0014 ok=True
[steer] phi    crows_socioeconomic  s2 L12  st=0.01 real           supp    red=+0.0008 ok=True
[steer] phi    crows_socioeconomic  s2 L12  st=0.08 real           supp    red=+0.0308 ok=False
[steer] phi    crows_socioeconomic  s2 L12  st=0.005 null_partition supp    red=+0.0032 ok=True
[steer] phi    crows_socioeconomic  s2 L12  st=0.01 null_partition supp    red=+0.0032 ok=True
[steer] phi    crows_socioeconomic  s2 L12  st=0.08 null_partition supp    red=+0.0055 ok=False
[steer] phi    crows_socioeconomic  s2 L12  st=0.005 null_random    supp    red=+0.0038 ok=True
[steer] phi    crows_socioeconomic  s2 L12  st=0.01 null_random    supp    red=-0.0020 ok=True
[steer] phi    crows_socioeconomic  s2 L12  st=0.08 null_random    supp    red=-0.0096 ok=False
[steer] phi    crows_socioeconomic  s2 L19  st=0.005 real           supp    red=+0.0035 ok=True
[steer] phi    crows_socioeconomic  s2 L19  st=0.01 real           supp    red=+0.0041 ok=True
[steer] phi    crows_socioeconomic  s2 L19  st=0.08 real           supp    red=+0.0430 ok=True
[steer] phi    crows_socioeconomic  s2 L19  st=0.005 null_partition supp    red=+0.0025 ok=True
[steer] phi    crows_socioeconomic  s2 L19  st=0.01 null_partition supp    red=-0.0005 ok=True
[steer] phi    crows_socioeconomic  s2 L19  st=0.08 null_partition supp    red=+0.0101 ok=True
[steer] phi    crows_socioeconomic  s2 L19  st=0.005 null_random    supp    red=+0.0049 ok=True
[steer] phi    crows_socioeconomic  s2 L19  st=0.01 null_random    supp    red=-0.0034 ok=True
[steer] phi    crows_socioeconomic  s2 L19  st=0.08 null_random    supp    red=-0.0027 ok=True
[steer] phi    crows_socioeconomic  s2 L26  st=0.005 real           supp    red=+0.0066 ok=True
[steer] phi    crows_socioeconomic  s2 L26  st=0.01 real           supp    red=+0.0087 ok=True
[steer] phi    crows_socioeconomic  s2 L26  st=0.08 real           supp    red=+0.0719 ok=True
[steer] phi    crows_socioeconomic  s2 L26  st=0.005 null_partition supp    red=+0.0008 ok=True
[steer] phi    crows_socioeconomic  s2 L26  st=0.01 null_partition supp    red=+0.0029 ok=True
[steer] phi    crows_socioeconomic  s2 L26  st=0.08 null_partition supp    red=+0.0325 ok=True
[steer] phi    crows_socioeconomic  s2 L26  st=0.005 null_random    supp    red=+0.0055 ok=True
[steer] phi    crows_socioeconomic  s2 L26  st=0.01 null_random    supp    red=+0.0082 ok=True
[steer] phi    crows_socioeconomic  s2 L26  st=0.08 null_random    supp    red=+0.0368 ok=True
Loading weights:   0%|                                                       | 0/288 [00:00<?, ?it/s]Loading weights: 100%|███████████████████████████████████████████| 288/288 [00:00<00:00, 5152.16it/s]
[steer] gemma  occ_gender           s0 L12  st=0.02 real           primary red=+0.1237 ok=False
[steer] gemma  occ_gender           s0 L12  st=0.04 real           primary red=+0.5141 ok=False
[steer] gemma  occ_gender           s0 L12  st=0.02 null_partition primary red=+0.0100 ok=False
[steer] gemma  occ_gender           s0 L12  st=0.04 null_partition primary red=+0.0207 ok=False
[steer] gemma  occ_gender           s0 L12  st=0.02 null_random    primary red=-0.0038 ok=False
[steer] gemma  occ_gender           s0 L12  st=0.04 null_random    primary red=-0.0055 ok=False
[steer] gemma  occ_gender           s0 L19  st=0.02 real           primary red=+0.2674 ok=False
[steer] gemma  occ_gender           s0 L19  st=0.04 real           primary red=+0.6747 ok=False
[steer] gemma  occ_gender           s0 L19  st=0.02 null_partition primary red=+0.0109 ok=False
[steer] gemma  occ_gender           s0 L19  st=0.04 null_partition primary red=+0.0258 ok=False
[steer] gemma  occ_gender           s0 L19  st=0.02 null_random    primary red=-0.0031 ok=False
[steer] gemma  occ_gender           s0 L19  st=0.04 null_random    primary red=-0.0036 ok=False
[steer] gemma  occ_gender           s0 L6   st=0.005 real           supp    red=-0.0088 ok=False
[steer] gemma  occ_gender           s0 L6   st=0.01 real           supp    red=-0.0123 ok=False
[steer] gemma  occ_gender           s0 L6   st=0.08 real           supp    red=+0.6346 ok=False
[steer] gemma  occ_gender           s0 L6   st=0.005 null_partition supp    red=+0.0012 ok=False
[steer] gemma  occ_gender           s0 L6   st=0.01 null_partition supp    red=+0.0018 ok=False
[steer] gemma  occ_gender           s0 L6   st=0.08 null_partition supp    red=+0.0262 ok=False
[steer] gemma  occ_gender           s0 L6   st=0.005 null_random    supp    red=-0.0009 ok=False
[steer] gemma  occ_gender           s0 L6   st=0.01 null_random    supp    red=-0.0014 ok=False
[steer] gemma  occ_gender           s0 L6   st=0.08 null_random    supp    red=-0.0043 ok=False
[steer] gemma  occ_gender           s0 L10  st=0.005 real           supp    red=-0.0069 ok=False
[steer] gemma  occ_gender           s0 L10  st=0.01 real           supp    red=-0.0021 ok=False
[steer] gemma  occ_gender           s0 L10  st=0.08 real           supp    red=+0.7879 ok=False
[steer] gemma  occ_gender           s0 L10  st=0.005 null_partition supp    red=+0.0039 ok=False
[steer] gemma  occ_gender           s0 L10  st=0.01 null_partition supp    red=+0.0022 ok=False
[steer] gemma  occ_gender           s0 L10  st=0.08 null_partition supp    red=+0.0353 ok=False
[steer] gemma  occ_gender           s0 L10  st=0.005 null_random    supp    red=+0.0017 ok=False
[steer] gemma  occ_gender           s0 L10  st=0.01 null_random    supp    red=+0.0007 ok=False
[steer] gemma  occ_gender           s0 L10  st=0.08 null_random    supp    red=-0.0010 ok=False
[steer] gemma  occ_gender           s0 L15  st=0.005 real           supp    red=-0.0020 ok=False
[steer] gemma  occ_gender           s0 L15  st=0.01 real           supp    red=+0.0421 ok=False
[steer] gemma  occ_gender           s0 L15  st=0.08 real           supp    red=+0.8490 ok=False
[steer] gemma  occ_gender           s0 L15  st=0.005 null_partition supp    red=+0.0041 ok=False
[steer] gemma  occ_gender           s0 L15  st=0.01 null_partition supp    red=+0.0058 ok=False
[steer] gemma  occ_gender           s0 L15  st=0.08 null_partition supp    red=+0.0827 ok=False
[steer] gemma  occ_gender           s0 L15  st=0.005 null_random    supp    red=+0.0014 ok=False
[steer] gemma  occ_gender           s0 L15  st=0.01 null_random    supp    red=+0.0044 ok=False
[steer] gemma  occ_gender           s0 L15  st=0.08 null_random    supp    red=+0.0497 ok=False
[steer] gemma  occ_gender           s0 L21  st=0.005 real           supp    red=-0.0067 ok=False
[steer] gemma  occ_gender           s0 L21  st=0.01 real           supp    red=-0.0103 ok=False
[steer] gemma  occ_gender           s0 L21  st=0.08 real           supp    red=+0.3777 ok=False
[steer] gemma  occ_gender           s0 L21  st=0.005 null_partition supp    red=+0.0002 ok=False
[steer] gemma  occ_gender           s0 L21  st=0.01 null_partition supp    red=+0.0027 ok=False
[steer] gemma  occ_gender           s0 L21  st=0.08 null_partition supp    red=+0.0262 ok=False
[steer] gemma  occ_gender           s0 L21  st=0.005 null_random    supp    red=+0.0017 ok=False
[steer] gemma  occ_gender           s0 L21  st=0.01 null_random    supp    red=-0.0001 ok=False
[steer] gemma  occ_gender           s0 L21  st=0.08 null_random    supp    red=+0.0122 ok=False
[steer] gemma  occ_gender           s1 L12  st=0.02 real           primary red=+0.1248 ok=False
[steer] gemma  occ_gender           s1 L12  st=0.04 real           primary red=+0.5157 ok=False
[steer] gemma  occ_gender           s1 L12  st=0.02 null_partition primary red=+0.0007 ok=False
[steer] gemma  occ_gender           s1 L12  st=0.04 null_partition primary red=+0.0027 ok=False
[steer] gemma  occ_gender           s1 L12  st=0.02 null_random    primary red=+0.0011 ok=False
[steer] gemma  occ_gender           s1 L12  st=0.04 null_random    primary red=-0.0005 ok=False
[steer] gemma  occ_gender           s1 L19  st=0.02 real           primary red=+0.2768 ok=False
[steer] gemma  occ_gender           s1 L19  st=0.04 real           primary red=+0.6851 ok=False
[steer] gemma  occ_gender           s1 L19  st=0.02 null_partition primary red=+0.0019 ok=False
[steer] gemma  occ_gender           s1 L19  st=0.04 null_partition primary red=+0.0026 ok=False
[steer] gemma  occ_gender           s1 L19  st=0.02 null_random    primary red=+0.0029 ok=False
[steer] gemma  occ_gender           s1 L19  st=0.04 null_random    primary red=+0.0048 ok=False
[steer] gemma  occ_gender           s1 L6   st=0.005 real           supp    red=-0.0076 ok=False
[steer] gemma  occ_gender           s1 L6   st=0.01 real           supp    red=-0.0119 ok=False
[steer] gemma  occ_gender           s1 L6   st=0.08 real           supp    red=+0.6570 ok=False
[steer] gemma  occ_gender           s1 L6   st=0.005 null_partition supp    red=-0.0011 ok=False
[steer] gemma  occ_gender           s1 L6   st=0.01 null_partition supp    red=-0.0002 ok=False
[steer] gemma  occ_gender           s1 L6   st=0.08 null_partition supp    red=+0.0061 ok=False
[steer] gemma  occ_gender           s1 L6   st=0.005 null_random    supp    red=-0.0019 ok=False
[steer] gemma  occ_gender           s1 L6   st=0.01 null_random    supp    red=-0.0010 ok=False
[steer] gemma  occ_gender           s1 L6   st=0.08 null_random    supp    red=+0.0011 ok=False
[steer] gemma  occ_gender           s1 L10  st=0.005 real           supp    red=-0.0063 ok=False
[steer] gemma  occ_gender           s1 L10  st=0.01 real           supp    red=+0.0012 ok=False
[steer] gemma  occ_gender           s1 L10  st=0.08 real           supp    red=+0.8042 ok=False
[steer] gemma  occ_gender           s1 L10  st=0.005 null_partition supp    red=-0.0001 ok=False
[steer] gemma  occ_gender           s1 L10  st=0.01 null_partition supp    red=+0.0013 ok=False
[steer] gemma  occ_gender           s1 L10  st=0.08 null_partition supp    red=+0.0089 ok=False
[steer] gemma  occ_gender           s1 L10  st=0.005 null_random    supp    red=-0.0002 ok=False
[steer] gemma  occ_gender           s1 L10  st=0.01 null_random    supp    red=+0.0020 ok=False
[steer] gemma  occ_gender           s1 L10  st=0.08 null_random    supp    red=+0.0151 ok=False
[steer] gemma  occ_gender           s1 L15  st=0.005 real           supp    red=+0.0010 ok=False
[steer] gemma  occ_gender           s1 L15  st=0.01 real           supp    red=+0.0465 ok=False
[steer] gemma  occ_gender           s1 L15  st=0.08 real           supp    red=+0.8504 ok=False
[steer] gemma  occ_gender           s1 L15  st=0.005 null_partition supp    red=-0.0002 ok=False
[steer] gemma  occ_gender           s1 L15  st=0.01 null_partition supp    red=+0.0017 ok=False
[steer] gemma  occ_gender           s1 L15  st=0.08 null_partition supp    red=+0.0061 ok=False
[steer] gemma  occ_gender           s1 L15  st=0.005 null_random    supp    red=-0.0021 ok=False
[steer] gemma  occ_gender           s1 L15  st=0.01 null_random    supp    red=-0.0031 ok=False
[steer] gemma  occ_gender           s1 L15  st=0.08 null_random    supp    red=-0.0043 ok=False
[steer] gemma  occ_gender           s1 L21  st=0.005 real           supp    red=-0.0086 ok=False
[steer] gemma  occ_gender           s1 L21  st=0.01 real           supp    red=-0.0100 ok=False
[steer] gemma  occ_gender           s1 L21  st=0.08 real           supp    red=+0.3796 ok=False
[steer] gemma  occ_gender           s1 L21  st=0.005 null_partition supp    red=+0.0007 ok=False
[steer] gemma  occ_gender           s1 L21  st=0.01 null_partition supp    red=+0.0002 ok=False
[steer] gemma  occ_gender           s1 L21  st=0.08 null_partition supp    red=-0.0034 ok=False
[steer] gemma  occ_gender           s1 L21  st=0.005 null_random    supp    red=+0.0007 ok=False
[steer] gemma  occ_gender           s1 L21  st=0.01 null_random    supp    red=+0.0025 ok=False
[steer] gemma  occ_gender           s1 L21  st=0.08 null_random    supp    red=+0.0056 ok=False
[steer] gemma  occ_gender           s2 L12  st=0.02 real           primary red=+0.1218 ok=False
[steer] gemma  occ_gender           s2 L12  st=0.04 real           primary red=+0.5106 ok=False
[steer] gemma  occ_gender           s2 L12  st=0.02 null_partition primary red=+0.0089 ok=False
[steer] gemma  occ_gender           s2 L12  st=0.04 null_partition primary red=+0.0221 ok=False
[steer] gemma  occ_gender           s2 L12  st=0.02 null_random    primary red=+0.0056 ok=False
[steer] gemma  occ_gender           s2 L12  st=0.04 null_random    primary red=+0.0042 ok=False
[steer] gemma  occ_gender           s2 L19  st=0.02 real           primary red=+0.2762 ok=False
[steer] gemma  occ_gender           s2 L19  st=0.04 real           primary red=+0.6814 ok=False
[steer] gemma  occ_gender           s2 L19  st=0.02 null_partition primary red=+0.0138 ok=False
[steer] gemma  occ_gender           s2 L19  st=0.04 null_partition primary red=+0.0285 ok=False
[steer] gemma  occ_gender           s2 L19  st=0.02 null_random    primary red=-0.0038 ok=False
[steer] gemma  occ_gender           s2 L19  st=0.04 null_random    primary red=-0.0066 ok=False
[steer] gemma  occ_gender           s2 L6   st=0.005 real           supp    red=-0.0087 ok=False
[steer] gemma  occ_gender           s2 L6   st=0.01 real           supp    red=-0.0115 ok=False
[steer] gemma  occ_gender           s2 L6   st=0.08 real           supp    red=+0.6611 ok=False
[steer] gemma  occ_gender           s2 L6   st=0.005 null_partition supp    red=-0.0002 ok=False
[steer] gemma  occ_gender           s2 L6   st=0.01 null_partition supp    red=+0.0035 ok=False
[steer] gemma  occ_gender           s2 L6   st=0.08 null_partition supp    red=+0.0215 ok=False
[steer] gemma  occ_gender           s2 L6   st=0.005 null_random    supp    red=-0.0004 ok=False
[steer] gemma  occ_gender           s2 L6   st=0.01 null_random    supp    red=-0.0005 ok=False
[steer] gemma  occ_gender           s2 L6   st=0.08 null_random    supp    red=+0.0000 ok=False
[steer] gemma  occ_gender           s2 L10  st=0.005 real           supp    red=-0.0053 ok=False
[steer] gemma  occ_gender           s2 L10  st=0.01 real           supp    red=-0.0024 ok=False
[steer] gemma  occ_gender           s2 L10  st=0.08 real           supp    red=+0.7919 ok=False
[steer] gemma  occ_gender           s2 L10  st=0.005 null_partition supp    red=+0.0021 ok=False
[steer] gemma  occ_gender           s2 L10  st=0.01 null_partition supp    red=+0.0032 ok=False
[steer] gemma  occ_gender           s2 L10  st=0.08 null_partition supp    red=+0.0428 ok=False
[steer] gemma  occ_gender           s2 L10  st=0.005 null_random    supp    red=-0.0019 ok=False
[steer] gemma  occ_gender           s2 L10  st=0.01 null_random    supp    red=-0.0025 ok=False
[steer] gemma  occ_gender           s2 L10  st=0.08 null_random    supp    red=-0.0052 ok=False
[steer] gemma  occ_gender           s2 L15  st=0.005 real           supp    red=-0.0014 ok=False
[steer] gemma  occ_gender           s2 L15  st=0.01 real           supp    red=+0.0412 ok=False
[steer] gemma  occ_gender           s2 L15  st=0.08 real           supp    red=+0.8490 ok=False
[steer] gemma  occ_gender           s2 L15  st=0.005 null_partition supp    red=+0.0003 ok=False
[steer] gemma  occ_gender           s2 L15  st=0.01 null_partition supp    red=+0.0049 ok=False
[steer] gemma  occ_gender           s2 L15  st=0.08 null_partition supp    red=+0.1033 ok=False
[steer] gemma  occ_gender           s2 L15  st=0.005 null_random    supp    red=+0.0012 ok=False
[steer] gemma  occ_gender           s2 L15  st=0.01 null_random    supp    red=+0.0005 ok=False
[steer] gemma  occ_gender           s2 L15  st=0.08 null_random    supp    red=-0.0029 ok=False
[steer] gemma  occ_gender           s2 L21  st=0.005 real           supp    red=-0.0088 ok=False
[steer] gemma  occ_gender           s2 L21  st=0.01 real           supp    red=-0.0102 ok=False
[steer] gemma  occ_gender           s2 L21  st=0.08 real           supp    red=+0.3688 ok=False
[steer] gemma  occ_gender           s2 L21  st=0.005 null_partition supp    red=+0.0018 ok=False
[steer] gemma  occ_gender           s2 L21  st=0.01 null_partition supp    red=+0.0018 ok=False
[steer] gemma  occ_gender           s2 L21  st=0.08 null_partition supp    red=+0.0232 ok=False
[steer] gemma  occ_gender           s2 L21  st=0.005 null_random    supp    red=-0.0019 ok=False
[steer] gemma  occ_gender           s2 L21  st=0.01 null_random    supp    red=+0.0015 ok=False
[steer] gemma  occ_gender           s2 L21  st=0.08 null_random    supp    red=+0.0060 ok=False
[steer] gemma  crows_socioeconomic  s0 L12  st=0.02 real           primary red=-0.0036 ok=True
[steer] gemma  crows_socioeconomic  s0 L12  st=0.04 real           primary red=-0.0047 ok=True
[steer] gemma  crows_socioeconomic  s0 L12  st=0.02 null_partition primary red=-0.0018 ok=True
[steer] gemma  crows_socioeconomic  s0 L12  st=0.04 null_partition primary red=-0.0052 ok=True
[steer] gemma  crows_socioeconomic  s0 L12  st=0.02 null_random    primary red=-0.0000 ok=True
[steer] gemma  crows_socioeconomic  s0 L12  st=0.04 null_random    primary red=+0.0017 ok=True
[steer] gemma  crows_socioeconomic  s0 L19  st=0.02 real           primary red=-0.0025 ok=True
[steer] gemma  crows_socioeconomic  s0 L19  st=0.04 real           primary red=+0.0018 ok=True
[steer] gemma  crows_socioeconomic  s0 L19  st=0.02 null_partition primary red=-0.0046 ok=True
[steer] gemma  crows_socioeconomic  s0 L19  st=0.04 null_partition primary red=-0.0079 ok=True
[steer] gemma  crows_socioeconomic  s0 L19  st=0.02 null_random    primary red=-0.0009 ok=True
[steer] gemma  crows_socioeconomic  s0 L19  st=0.04 null_random    primary red=+0.0031 ok=True
[steer] gemma  crows_socioeconomic  s0 L6   st=0.005 real           supp    red=-0.0017 ok=True
[steer] gemma  crows_socioeconomic  s0 L6   st=0.01 real           supp    red=-0.0029 ok=True
[steer] gemma  crows_socioeconomic  s0 L6   st=0.08 real           supp    red=-0.0065 ok=False
[steer] gemma  crows_socioeconomic  s0 L6   st=0.005 null_partition supp    red=-0.0012 ok=True
[steer] gemma  crows_socioeconomic  s0 L6   st=0.01 null_partition supp    red=-0.0002 ok=True
[steer] gemma  crows_socioeconomic  s0 L6   st=0.08 null_partition supp    red=-0.0016 ok=True
[steer] gemma  crows_socioeconomic  s0 L6   st=0.005 null_random    supp    red=-0.0006 ok=True
[steer] gemma  crows_socioeconomic  s0 L6   st=0.01 null_random    supp    red=-0.0007 ok=True
[steer] gemma  crows_socioeconomic  s0 L6   st=0.08 null_random    supp    red=-0.0025 ok=True
[steer] gemma  crows_socioeconomic  s0 L10  st=0.005 real           supp    red=-0.0011 ok=True
[steer] gemma  crows_socioeconomic  s0 L10  st=0.01 real           supp    red=-0.0024 ok=True
[steer] gemma  crows_socioeconomic  s0 L10  st=0.08 real           supp    red=+0.0018 ok=True
[steer] gemma  crows_socioeconomic  s0 L10  st=0.005 null_partition supp    red=-0.0028 ok=True
[steer] gemma  crows_socioeconomic  s0 L10  st=0.01 null_partition supp    red=-0.0019 ok=True
[steer] gemma  crows_socioeconomic  s0 L10  st=0.08 null_partition supp    red=-0.0066 ok=True
[steer] gemma  crows_socioeconomic  s0 L10  st=0.005 null_random    supp    red=-0.0022 ok=True
[steer] gemma  crows_socioeconomic  s0 L10  st=0.01 null_random    supp    red=-0.0028 ok=True
[steer] gemma  crows_socioeconomic  s0 L10  st=0.08 null_random    supp    red=-0.0057 ok=True
[steer] gemma  crows_socioeconomic  s0 L15  st=0.005 real           supp    red=-0.0035 ok=True
[steer] gemma  crows_socioeconomic  s0 L15  st=0.01 real           supp    red=-0.0035 ok=True
[steer] gemma  crows_socioeconomic  s0 L15  st=0.08 real           supp    red=-0.0075 ok=True
[steer] gemma  crows_socioeconomic  s0 L15  st=0.005 null_partition supp    red=+0.0003 ok=True
[steer] gemma  crows_socioeconomic  s0 L15  st=0.01 null_partition supp    red=-0.0031 ok=True
[steer] gemma  crows_socioeconomic  s0 L15  st=0.08 null_partition supp    red=-0.0045 ok=True
[steer] gemma  crows_socioeconomic  s0 L15  st=0.005 null_random    supp    red=-0.0001 ok=True
[steer] gemma  crows_socioeconomic  s0 L15  st=0.01 null_random    supp    red=-0.0005 ok=True
[steer] gemma  crows_socioeconomic  s0 L15  st=0.08 null_random    supp    red=+0.0025 ok=False
[steer] gemma  crows_socioeconomic  s0 L21  st=0.005 real           supp    red=-0.0007 ok=True
[steer] gemma  crows_socioeconomic  s0 L21  st=0.01 real           supp    red=-0.0005 ok=True
[steer] gemma  crows_socioeconomic  s0 L21  st=0.08 real           supp    red=+0.0144 ok=True
[steer] gemma  crows_socioeconomic  s0 L21  st=0.005 null_partition supp    red=-0.0020 ok=True
[steer] gemma  crows_socioeconomic  s0 L21  st=0.01 null_partition supp    red=-0.0058 ok=True
[steer] gemma  crows_socioeconomic  s0 L21  st=0.08 null_partition supp    red=-0.0196 ok=True
[steer] gemma  crows_socioeconomic  s0 L21  st=0.005 null_random    supp    red=-0.0011 ok=True
[steer] gemma  crows_socioeconomic  s0 L21  st=0.01 null_random    supp    red=-0.0031 ok=True
[steer] gemma  crows_socioeconomic  s0 L21  st=0.08 null_random    supp    red=+0.0140 ok=True
[steer] gemma  crows_socioeconomic  s1 L12  st=0.02 real           primary red=-0.0034 ok=True
[steer] gemma  crows_socioeconomic  s1 L12  st=0.04 real           primary red=-0.0044 ok=True
[steer] gemma  crows_socioeconomic  s1 L12  st=0.02 null_partition primary red=-0.0030 ok=True
[steer] gemma  crows_socioeconomic  s1 L12  st=0.04 null_partition primary red=-0.0022 ok=True
[steer] gemma  crows_socioeconomic  s1 L12  st=0.02 null_random    primary red=-0.0008 ok=True
[steer] gemma  crows_socioeconomic  s1 L12  st=0.04 null_random    primary red=+0.0003 ok=True
[steer] gemma  crows_socioeconomic  s1 L19  st=0.02 real           primary red=-0.0014 ok=True
[steer] gemma  crows_socioeconomic  s1 L19  st=0.04 real           primary red=+0.0022 ok=True
[steer] gemma  crows_socioeconomic  s1 L19  st=0.02 null_partition primary red=-0.0024 ok=True
[steer] gemma  crows_socioeconomic  s1 L19  st=0.04 null_partition primary red=+0.0011 ok=True
[steer] gemma  crows_socioeconomic  s1 L19  st=0.02 null_random    primary red=-0.0043 ok=True
[steer] gemma  crows_socioeconomic  s1 L19  st=0.04 null_random    primary red=-0.0046 ok=True
[steer] gemma  crows_socioeconomic  s1 L6   st=0.005 real           supp    red=-0.0019 ok=True
[steer] gemma  crows_socioeconomic  s1 L6   st=0.01 real           supp    red=-0.0021 ok=True
[steer] gemma  crows_socioeconomic  s1 L6   st=0.08 real           supp    red=-0.0067 ok=False
[steer] gemma  crows_socioeconomic  s1 L6   st=0.005 null_partition supp    red=-0.0008 ok=True
[steer] gemma  crows_socioeconomic  s1 L6   st=0.01 null_partition supp    red=-0.0020 ok=True
[steer] gemma  crows_socioeconomic  s1 L6   st=0.08 null_partition supp    red=+0.0002 ok=False
[steer] gemma  crows_socioeconomic  s1 L6   st=0.005 null_random    supp    red=-0.0027 ok=True
[steer] gemma  crows_socioeconomic  s1 L6   st=0.01 null_random    supp    red=+0.0013 ok=True
[steer] gemma  crows_socioeconomic  s1 L6   st=0.08 null_random    supp    red=-0.0031 ok=True
[steer] gemma  crows_socioeconomic  s1 L10  st=0.005 real           supp    red=-0.0027 ok=True
[steer] gemma  crows_socioeconomic  s1 L10  st=0.01 real           supp    red=+0.0004 ok=True
[steer] gemma  crows_socioeconomic  s1 L10  st=0.08 real           supp    red=-0.0009 ok=True
[steer] gemma  crows_socioeconomic  s1 L10  st=0.005 null_partition supp    red=-0.0010 ok=True
[steer] gemma  crows_socioeconomic  s1 L10  st=0.01 null_partition supp    red=-0.0015 ok=True
[steer] gemma  crows_socioeconomic  s1 L10  st=0.08 null_partition supp    red=+0.0028 ok=True
[steer] gemma  crows_socioeconomic  s1 L10  st=0.005 null_random    supp    red=-0.0040 ok=True
[steer] gemma  crows_socioeconomic  s1 L10  st=0.01 null_random    supp    red=-0.0047 ok=True
[steer] gemma  crows_socioeconomic  s1 L10  st=0.08 null_random    supp    red=-0.0117 ok=False
[steer] gemma  crows_socioeconomic  s1 L15  st=0.005 real           supp    red=-0.0011 ok=True
[steer] gemma  crows_socioeconomic  s1 L15  st=0.01 real           supp    red=-0.0042 ok=True
[steer] gemma  crows_socioeconomic  s1 L15  st=0.08 real           supp    red=-0.0040 ok=True
[steer] gemma  crows_socioeconomic  s1 L15  st=0.005 null_partition supp    red=-0.0003 ok=True
[steer] gemma  crows_socioeconomic  s1 L15  st=0.01 null_partition supp    red=+0.0003 ok=True
[steer] gemma  crows_socioeconomic  s1 L15  st=0.08 null_partition supp    red=+0.0030 ok=True
[steer] gemma  crows_socioeconomic  s1 L15  st=0.005 null_random    supp    red=+0.0008 ok=True
[steer] gemma  crows_socioeconomic  s1 L15  st=0.01 null_random    supp    red=+0.0004 ok=True
[steer] gemma  crows_socioeconomic  s1 L15  st=0.08 null_random    supp    red=-0.0055 ok=True
[steer] gemma  crows_socioeconomic  s1 L21  st=0.005 real           supp    red=-0.0017 ok=True
[steer] gemma  crows_socioeconomic  s1 L21  st=0.01 real           supp    red=+0.0010 ok=True
[steer] gemma  crows_socioeconomic  s1 L21  st=0.08 real           supp    red=+0.0126 ok=True
[steer] gemma  crows_socioeconomic  s1 L21  st=0.005 null_partition supp    red=-0.0008 ok=True
[steer] gemma  crows_socioeconomic  s1 L21  st=0.01 null_partition supp    red=-0.0022 ok=True
[steer] gemma  crows_socioeconomic  s1 L21  st=0.08 null_partition supp    red=+0.0000 ok=True
[steer] gemma  crows_socioeconomic  s1 L21  st=0.005 null_random    supp    red=-0.0025 ok=True
[steer] gemma  crows_socioeconomic  s1 L21  st=0.01 null_random    supp    red=-0.0017 ok=True
[steer] gemma  crows_socioeconomic  s1 L21  st=0.08 null_random    supp    red=-0.0008 ok=True
[steer] gemma  crows_socioeconomic  s2 L12  st=0.02 real           primary red=-0.0030 ok=True
[steer] gemma  crows_socioeconomic  s2 L12  st=0.04 real           primary red=-0.0046 ok=True
[steer] gemma  crows_socioeconomic  s2 L12  st=0.02 null_partition primary red=-0.0023 ok=True
[steer] gemma  crows_socioeconomic  s2 L12  st=0.04 null_partition primary red=-0.0006 ok=True
[steer] gemma  crows_socioeconomic  s2 L12  st=0.02 null_random    primary red=-0.0019 ok=True
[steer] gemma  crows_socioeconomic  s2 L12  st=0.04 null_random    primary red=-0.0003 ok=True
[steer] gemma  crows_socioeconomic  s2 L19  st=0.02 real           primary red=+0.0015 ok=True
[steer] gemma  crows_socioeconomic  s2 L19  st=0.04 real           primary red=+0.0015 ok=True
[steer] gemma  crows_socioeconomic  s2 L19  st=0.02 null_partition primary red=-0.0025 ok=True
[steer] gemma  crows_socioeconomic  s2 L19  st=0.04 null_partition primary red=-0.0015 ok=True
[steer] gemma  crows_socioeconomic  s2 L19  st=0.02 null_random    primary red=-0.0052 ok=True
[steer] gemma  crows_socioeconomic  s2 L19  st=0.04 null_random    primary red=-0.0078 ok=True
[steer] gemma  crows_socioeconomic  s2 L6   st=0.005 real           supp    red=-0.0010 ok=True
[steer] gemma  crows_socioeconomic  s2 L6   st=0.01 real           supp    red=-0.0023 ok=True
[steer] gemma  crows_socioeconomic  s2 L6   st=0.08 real           supp    red=-0.0062 ok=False
[steer] gemma  crows_socioeconomic  s2 L6   st=0.005 null_partition supp    red=-0.0013 ok=True
[steer] gemma  crows_socioeconomic  s2 L6   st=0.01 null_partition supp    red=-0.0025 ok=True
[steer] gemma  crows_socioeconomic  s2 L6   st=0.08 null_partition supp    red=-0.0032 ok=True
[steer] gemma  crows_socioeconomic  s2 L6   st=0.005 null_random    supp    red=+0.0001 ok=True
[steer] gemma  crows_socioeconomic  s2 L6   st=0.01 null_random    supp    red=-0.0020 ok=True
[steer] gemma  crows_socioeconomic  s2 L6   st=0.08 null_random    supp    red=-0.0048 ok=True
[steer] gemma  crows_socioeconomic  s2 L10  st=0.005 real           supp    red=-0.0017 ok=True
[steer] gemma  crows_socioeconomic  s2 L10  st=0.01 real           supp    red=-0.0010 ok=True
[steer] gemma  crows_socioeconomic  s2 L10  st=0.08 real           supp    red=+0.0010 ok=True
[steer] gemma  crows_socioeconomic  s2 L10  st=0.005 null_partition supp    red=-0.0005 ok=True
[steer] gemma  crows_socioeconomic  s2 L10  st=0.01 null_partition supp    red=-0.0018 ok=True
[steer] gemma  crows_socioeconomic  s2 L10  st=0.08 null_partition supp    red=-0.0011 ok=True
[steer] gemma  crows_socioeconomic  s2 L10  st=0.005 null_random    supp    red=-0.0027 ok=True
[steer] gemma  crows_socioeconomic  s2 L10  st=0.01 null_random    supp    red=-0.0016 ok=True
[steer] gemma  crows_socioeconomic  s2 L10  st=0.08 null_random    supp    red=+0.0020 ok=True
[steer] gemma  crows_socioeconomic  s2 L15  st=0.005 real           supp    red=-0.0026 ok=True
[steer] gemma  crows_socioeconomic  s2 L15  st=0.01 real           supp    red=-0.0041 ok=True
[steer] gemma  crows_socioeconomic  s2 L15  st=0.08 real           supp    red=-0.0047 ok=True
[steer] gemma  crows_socioeconomic  s2 L15  st=0.005 null_partition supp    red=-0.0006 ok=True
[steer] gemma  crows_socioeconomic  s2 L15  st=0.01 null_partition supp    red=-0.0028 ok=True
[steer] gemma  crows_socioeconomic  s2 L15  st=0.08 null_partition supp    red=-0.0016 ok=True
[steer] gemma  crows_socioeconomic  s2 L15  st=0.005 null_random    supp    red=-0.0023 ok=True
[steer] gemma  crows_socioeconomic  s2 L15  st=0.01 null_random    supp    red=-0.0046 ok=True
[steer] gemma  crows_socioeconomic  s2 L15  st=0.08 null_random    supp    red=-0.0104 ok=True
[steer] gemma  crows_socioeconomic  s2 L21  st=0.005 real           supp    red=-0.0020 ok=True
[steer] gemma  crows_socioeconomic  s2 L21  st=0.01 real           supp    red=+0.0009 ok=True
[steer] gemma  crows_socioeconomic  s2 L21  st=0.08 real           supp    red=+0.0117 ok=True
[steer] gemma  crows_socioeconomic  s2 L21  st=0.005 null_partition supp    red=-0.0022 ok=True
[steer] gemma  crows_socioeconomic  s2 L21  st=0.01 null_partition supp    red=-0.0021 ok=True
[steer] gemma  crows_socioeconomic  s2 L21  st=0.08 null_partition supp    red=+0.0030 ok=True
[steer] gemma  crows_socioeconomic  s2 L21  st=0.005 null_random    supp    red=-0.0019 ok=True
[steer] gemma  crows_socioeconomic  s2 L21  st=0.01 null_random    supp    red=-0.0036 ok=True
[steer] gemma  crows_socioeconomic  s2 L21  st=0.08 null_random    supp    red=+0.0066 ok=True
Loading weights:   0%|                                                       | 0/254 [00:00<?, ?it/s]Loading weights: 100%|███████████████████████████████████████████| 254/254 [00:00<00:00, 5757.98it/s]
[steer] llama  occ_gender           s0 L14  st=0.02 real           primary red=+0.6351 ok=False
[steer] llama  occ_gender           s0 L14  st=0.04 real           primary red=+0.6413 ok=False
[steer] llama  occ_gender           s0 L14  st=0.02 null_partition primary red=+0.0174 ok=False
[steer] llama  occ_gender           s0 L14  st=0.04 null_partition primary red=+0.0504 ok=False
[steer] llama  occ_gender           s0 L14  st=0.02 null_random    primary red=+0.0086 ok=False
[steer] llama  occ_gender           s0 L14  st=0.04 null_random    primary red=+0.0284 ok=False
[steer] llama  occ_gender           s0 L20  st=0.02 real           primary red=+0.1161 ok=False
[steer] llama  occ_gender           s0 L20  st=0.04 real           primary red=+0.3869 ok=False
[steer] llama  occ_gender           s0 L20  st=0.02 null_partition primary red=+0.0091 ok=False
[steer] llama  occ_gender           s0 L20  st=0.04 null_partition primary red=+0.0215 ok=False
[steer] llama  occ_gender           s0 L20  st=0.02 null_random    primary red=-0.0004 ok=False
[steer] llama  occ_gender           s0 L20  st=0.04 null_random    primary red=-0.0003 ok=False
[steer] llama  occ_gender           s0 L7   st=0.005 real           supp    red=+0.0172 ok=False
[steer] llama  occ_gender           s0 L7   st=0.01 real           supp    red=+0.1370 ok=False
[steer] llama  occ_gender           s0 L7   st=0.08 real           supp    red=+0.7592 ok=False
[steer] llama  occ_gender           s0 L7   st=0.005 null_partition supp    red=+0.0083 ok=False
[steer] llama  occ_gender           s0 L7   st=0.01 null_partition supp    red=+0.0143 ok=False
[steer] llama  occ_gender           s0 L7   st=0.08 null_partition supp    red=+0.1165 ok=False
[steer] llama  occ_gender           s0 L7   st=0.005 null_random    supp    red=+0.0035 ok=False
[steer] llama  occ_gender           s0 L7   st=0.01 null_random    supp    red=+0.0010 ok=False
[steer] llama  occ_gender           s0 L7   st=0.08 null_random    supp    red=+0.0361 ok=False
[steer] llama  occ_gender           s0 L11  st=0.005 real           supp    red=+0.0287 ok=False
[steer] llama  occ_gender           s0 L11  st=0.01 real           supp    red=+0.2069 ok=False
[steer] llama  occ_gender           s0 L11  st=0.08 real           supp    red=+0.7108 ok=False
[steer] llama  occ_gender           s0 L11  st=0.005 null_partition supp    red=+0.0034 ok=False
[steer] llama  occ_gender           s0 L11  st=0.01 null_partition supp    red=+0.0090 ok=False
[steer] llama  occ_gender           s0 L11  st=0.08 null_partition supp    red=+0.1124 ok=False
[steer] llama  occ_gender           s0 L11  st=0.005 null_random    supp    red=-0.0002 ok=False
[steer] llama  occ_gender           s0 L11  st=0.01 null_random    supp    red=-0.0052 ok=False
[steer] llama  occ_gender           s0 L11  st=0.08 null_random    supp    red=-0.0285 ok=False
[steer] llama  occ_gender           s0 L16  st=0.005 real           supp    red=+0.0136 ok=False
[steer] llama  occ_gender           s0 L16  st=0.01 real           supp    red=+0.1114 ok=False
[steer] llama  occ_gender           s0 L16  st=0.08 real           supp    red=+0.5764 ok=False
[steer] llama  occ_gender           s0 L16  st=0.005 null_partition supp    red=+0.0043 ok=False
[steer] llama  occ_gender           s0 L16  st=0.01 null_partition supp    red=+0.0053 ok=False
[steer] llama  occ_gender           s0 L16  st=0.08 null_partition supp    red=+0.0759 ok=False
[steer] llama  occ_gender           s0 L16  st=0.005 null_random    supp    red=+0.0027 ok=False
[steer] llama  occ_gender           s0 L16  st=0.01 null_random    supp    red=+0.0042 ok=False
[steer] llama  occ_gender           s0 L16  st=0.08 null_random    supp    red=+0.0519 ok=False
[steer] llama  occ_gender           s0 L23  st=0.005 real           supp    red=-0.0042 ok=False
[steer] llama  occ_gender           s0 L23  st=0.01 real           supp    red=+0.0050 ok=False
[steer] llama  occ_gender           s0 L23  st=0.08 real           supp    red=+0.6476 ok=False
[steer] llama  occ_gender           s0 L23  st=0.005 null_partition supp    red=+0.0014 ok=False
[steer] llama  occ_gender           s0 L23  st=0.01 null_partition supp    red=+0.0044 ok=False
[steer] llama  occ_gender           s0 L23  st=0.08 null_partition supp    red=+0.0536 ok=False
[steer] llama  occ_gender           s0 L23  st=0.005 null_random    supp    red=-0.0014 ok=False
[steer] llama  occ_gender           s0 L23  st=0.01 null_random    supp    red=-0.0011 ok=False
[steer] llama  occ_gender           s0 L23  st=0.08 null_random    supp    red=-0.0033 ok=False
[steer] llama  occ_gender           s1 L14  st=0.02 real           primary red=+0.6328 ok=False
[steer] llama  occ_gender           s1 L14  st=0.04 real           primary red=+0.6444 ok=False
[steer] llama  occ_gender           s1 L14  st=0.02 null_partition primary red=+0.0077 ok=False
[steer] llama  occ_gender           s1 L14  st=0.04 null_partition primary red=+0.0250 ok=False
[steer] llama  occ_gender           s1 L14  st=0.02 null_random    primary red=-0.0035 ok=False
[steer] llama  occ_gender           s1 L14  st=0.04 null_random    primary red=-0.0035 ok=False
[steer] llama  occ_gender           s1 L20  st=0.02 real           primary red=+0.1162 ok=False
[steer] llama  occ_gender           s1 L20  st=0.04 real           primary red=+0.3862 ok=False
[steer] llama  occ_gender           s1 L20  st=0.02 null_partition primary red=+0.0015 ok=False
[steer] llama  occ_gender           s1 L20  st=0.04 null_partition primary red=+0.0015 ok=False
[steer] llama  occ_gender           s1 L20  st=0.02 null_random    primary red=-0.0011 ok=False
[steer] llama  occ_gender           s1 L20  st=0.04 null_random    primary red=-0.0035 ok=False
[steer] llama  occ_gender           s1 L7   st=0.005 real           supp    red=+0.0172 ok=False
[steer] llama  occ_gender           s1 L7   st=0.01 real           supp    red=+0.1375 ok=False
[steer] llama  occ_gender           s1 L7   st=0.08 real           supp    red=+0.7589 ok=False
[steer] llama  occ_gender           s1 L7   st=0.005 null_partition supp    red=-0.0009 ok=False
[steer] llama  occ_gender           s1 L7   st=0.01 null_partition supp    red=+0.0011 ok=False
[steer] llama  occ_gender           s1 L7   st=0.08 null_partition supp    red=+0.0589 ok=False
[steer] llama  occ_gender           s1 L7   st=0.005 null_random    supp    red=+0.0030 ok=False
[steer] llama  occ_gender           s1 L7   st=0.01 null_random    supp    red=+0.0014 ok=False
[steer] llama  occ_gender           s1 L7   st=0.08 null_random    supp    red=+0.0461 ok=False
[steer] llama  occ_gender           s1 L11  st=0.005 real           supp    red=+0.0301 ok=False
[steer] llama  occ_gender           s1 L11  st=0.01 real           supp    red=+0.2044 ok=False
[steer] llama  occ_gender           s1 L11  st=0.08 real           supp    red=+0.7098 ok=False
[steer] llama  occ_gender           s1 L11  st=0.005 null_partition supp    red=-0.0003 ok=False
[steer] llama  occ_gender           s1 L11  st=0.01 null_partition supp    red=-0.0008 ok=False
[steer] llama  occ_gender           s1 L11  st=0.08 null_partition supp    red=+0.0625 ok=False
[steer] llama  occ_gender           s1 L11  st=0.005 null_random    supp    red=+0.0032 ok=False
[steer] llama  occ_gender           s1 L11  st=0.01 null_random    supp    red=+0.0030 ok=False
[steer] llama  occ_gender           s1 L11  st=0.08 null_random    supp    red=+0.0836 ok=False
[steer] llama  occ_gender           s1 L16  st=0.005 real           supp    red=+0.0141 ok=False
[steer] llama  occ_gender           s1 L16  st=0.01 real           supp    red=+0.1109 ok=False
[steer] llama  occ_gender           s1 L16  st=0.08 real           supp    red=+0.5710 ok=False
[steer] llama  occ_gender           s1 L16  st=0.005 null_partition supp    red=-0.0009 ok=False
[steer] llama  occ_gender           s1 L16  st=0.01 null_partition supp    red=+0.0018 ok=False
[steer] llama  occ_gender           s1 L16  st=0.08 null_partition supp    red=+0.0603 ok=False
[steer] llama  occ_gender           s1 L16  st=0.005 null_random    supp    red=-0.0023 ok=False
[steer] llama  occ_gender           s1 L16  st=0.01 null_random    supp    red=-0.0048 ok=False
[steer] llama  occ_gender           s1 L16  st=0.08 null_random    supp    red=-0.0001 ok=False
[steer] llama  occ_gender           s1 L23  st=0.005 real           supp    red=-0.0037 ok=False
[steer] llama  occ_gender           s1 L23  st=0.01 real           supp    red=+0.0087 ok=False
[steer] llama  occ_gender           s1 L23  st=0.08 real           supp    red=+0.6462 ok=False
[steer] llama  occ_gender           s1 L23  st=0.005 null_partition supp    red=+0.0010 ok=False
[steer] llama  occ_gender           s1 L23  st=0.01 null_partition supp    red=+0.0049 ok=False
[steer] llama  occ_gender           s1 L23  st=0.08 null_partition supp    red=+0.0210 ok=False
[steer] llama  occ_gender           s1 L23  st=0.005 null_random    supp    red=+0.0004 ok=False
[steer] llama  occ_gender           s1 L23  st=0.01 null_random    supp    red=-0.0004 ok=False
[steer] llama  occ_gender           s1 L23  st=0.08 null_random    supp    red=+0.0242 ok=False
[steer] llama  occ_gender           s2 L14  st=0.02 real           primary red=+0.6338 ok=False
[steer] llama  occ_gender           s2 L14  st=0.04 real           primary red=+0.6477 ok=False
[steer] llama  occ_gender           s2 L14  st=0.02 null_partition primary red=+0.0155 ok=False
[steer] llama  occ_gender           s2 L14  st=0.04 null_partition primary red=+0.0419 ok=False
[steer] llama  occ_gender           s2 L14  st=0.02 null_random    primary red=+0.0133 ok=False
[steer] llama  occ_gender           s2 L14  st=0.04 null_random    primary red=+0.0307 ok=False
[steer] llama  occ_gender           s2 L20  st=0.02 real           primary red=+0.1146 ok=False
[steer] llama  occ_gender           s2 L20  st=0.04 real           primary red=+0.3830 ok=False
[steer] llama  occ_gender           s2 L20  st=0.02 null_partition primary red=+0.0072 ok=False
[steer] llama  occ_gender           s2 L20  st=0.04 null_partition primary red=+0.0184 ok=False
[steer] llama  occ_gender           s2 L20  st=0.02 null_random    primary red=-0.0093 ok=False
[steer] llama  occ_gender           s2 L20  st=0.04 null_random    primary red=-0.0129 ok=False
[steer] llama  occ_gender           s2 L7   st=0.005 real           supp    red=+0.0175 ok=False
[steer] llama  occ_gender           s2 L7   st=0.01 real           supp    red=+0.1372 ok=False
[steer] llama  occ_gender           s2 L7   st=0.08 real           supp    red=+0.7583 ok=False
[steer] llama  occ_gender           s2 L7   st=0.005 null_partition supp    red=+0.0050 ok=False
[steer] llama  occ_gender           s2 L7   st=0.01 null_partition supp    red=+0.0074 ok=False
[steer] llama  occ_gender           s2 L7   st=0.08 null_partition supp    red=+0.0806 ok=False
[steer] llama  occ_gender           s2 L7   st=0.005 null_random    supp    red=+0.0031 ok=False
[steer] llama  occ_gender           s2 L7   st=0.01 null_random    supp    red=+0.0007 ok=False
[steer] llama  occ_gender           s2 L7   st=0.08 null_random    supp    red=+0.0318 ok=False
[steer] llama  occ_gender           s2 L11  st=0.005 real           supp    red=+0.0269 ok=False
[steer] llama  occ_gender           s2 L11  st=0.01 real           supp    red=+0.2079 ok=False
[steer] llama  occ_gender           s2 L11  st=0.08 real           supp    red=+0.7108 ok=False
[steer] llama  occ_gender           s2 L11  st=0.005 null_partition supp    red=+0.0043 ok=False
[steer] llama  occ_gender           s2 L11  st=0.01 null_partition supp    red=+0.0078 ok=False
[steer] llama  occ_gender           s2 L11  st=0.08 null_partition supp    red=+0.0936 ok=False
[steer] llama  occ_gender           s2 L11  st=0.005 null_random    supp    red=-0.0019 ok=False
[steer] llama  occ_gender           s2 L11  st=0.01 null_random    supp    red=-0.0036 ok=False
[steer] llama  occ_gender           s2 L11  st=0.08 null_random    supp    red=-0.0018 ok=False
[steer] llama  occ_gender           s2 L16  st=0.005 real           supp    red=+0.0121 ok=False
[steer] llama  occ_gender           s2 L16  st=0.01 real           supp    red=+0.1139 ok=False
[steer] llama  occ_gender           s2 L16  st=0.08 real           supp    red=+0.5703 ok=False
[steer] llama  occ_gender           s2 L16  st=0.005 null_partition supp    red=+0.0003 ok=False
[steer] llama  occ_gender           s2 L16  st=0.01 null_partition supp    red=+0.0086 ok=False
[steer] llama  occ_gender           s2 L16  st=0.08 null_partition supp    red=+0.0867 ok=False
[steer] llama  occ_gender           s2 L16  st=0.005 null_random    supp    red=+0.0008 ok=False
[steer] llama  occ_gender           s2 L16  st=0.01 null_random    supp    red=+0.0010 ok=False
[steer] llama  occ_gender           s2 L16  st=0.08 null_random    supp    red=+0.0327 ok=False
[steer] llama  occ_gender           s2 L23  st=0.005 real           supp    red=-0.0048 ok=False
[steer] llama  occ_gender           s2 L23  st=0.01 real           supp    red=+0.0063 ok=False
[steer] llama  occ_gender           s2 L23  st=0.08 real           supp    red=+0.6450 ok=False
[steer] llama  occ_gender           s2 L23  st=0.005 null_partition supp    red=+0.0014 ok=False
[steer] llama  occ_gender           s2 L23  st=0.01 null_partition supp    red=+0.0014 ok=False
[steer] llama  occ_gender           s2 L23  st=0.08 null_partition supp    red=+0.0529 ok=False
[steer] llama  occ_gender           s2 L23  st=0.005 null_random    supp    red=-0.0010 ok=False
[steer] llama  occ_gender           s2 L23  st=0.01 null_random    supp    red=-0.0011 ok=False
[steer] llama  occ_gender           s2 L23  st=0.08 null_random    supp    red=-0.0051 ok=False
[steer] llama  crows_socioeconomic  s0 L14  st=0.02 real           primary red=+0.0056 ok=True
[steer] llama  crows_socioeconomic  s0 L14  st=0.04 real           primary red=+0.0122 ok=True
[steer] llama  crows_socioeconomic  s0 L14  st=0.02 null_partition primary red=-0.0025 ok=True
[steer] llama  crows_socioeconomic  s0 L14  st=0.04 null_partition primary red=-0.0044 ok=True
[steer] llama  crows_socioeconomic  s0 L14  st=0.02 null_random    primary red=+0.0005 ok=True
[steer] llama  crows_socioeconomic  s0 L14  st=0.04 null_random    primary red=-0.0009 ok=True
[steer] llama  crows_socioeconomic  s0 L20  st=0.02 real           primary red=+0.0077 ok=True
[steer] llama  crows_socioeconomic  s0 L20  st=0.04 real           primary red=+0.0157 ok=True
[steer] llama  crows_socioeconomic  s0 L20  st=0.02 null_partition primary red=-0.0051 ok=True
[steer] llama  crows_socioeconomic  s0 L20  st=0.04 null_partition primary red=-0.0085 ok=True
[steer] llama  crows_socioeconomic  s0 L20  st=0.02 null_random    primary red=-0.0006 ok=True
[steer] llama  crows_socioeconomic  s0 L20  st=0.04 null_random    primary red=-0.0002 ok=True
[steer] llama  crows_socioeconomic  s0 L7   st=0.005 real           supp    red=+0.0005 ok=True
[steer] llama  crows_socioeconomic  s0 L7   st=0.01 real           supp    red=+0.0009 ok=True
[steer] llama  crows_socioeconomic  s0 L7   st=0.08 real           supp    red=+0.0179 ok=False
[steer] llama  crows_socioeconomic  s0 L7   st=0.005 null_partition supp    red=+0.0016 ok=True
[steer] llama  crows_socioeconomic  s0 L7   st=0.01 null_partition supp    red=-0.0010 ok=True
[steer] llama  crows_socioeconomic  s0 L7   st=0.08 null_partition supp    red=-0.0002 ok=True
[steer] llama  crows_socioeconomic  s0 L7   st=0.005 null_random    supp    red=-0.0015 ok=True
[steer] llama  crows_socioeconomic  s0 L7   st=0.01 null_random    supp    red=+0.0012 ok=True
[steer] llama  crows_socioeconomic  s0 L7   st=0.08 null_random    supp    red=+0.0173 ok=False
[steer] llama  crows_socioeconomic  s0 L11  st=0.005 real           supp    red=+0.0000 ok=True
[steer] llama  crows_socioeconomic  s0 L11  st=0.01 real           supp    red=+0.0011 ok=True
[steer] llama  crows_socioeconomic  s0 L11  st=0.08 real           supp    red=+0.0185 ok=True
[steer] llama  crows_socioeconomic  s0 L11  st=0.005 null_partition supp    red=-0.0004 ok=True
[steer] llama  crows_socioeconomic  s0 L11  st=0.01 null_partition supp    red=-0.0013 ok=True
[steer] llama  crows_socioeconomic  s0 L11  st=0.08 null_partition supp    red=-0.0031 ok=False
[steer] llama  crows_socioeconomic  s0 L11  st=0.005 null_random    supp    red=-0.0011 ok=True
[steer] llama  crows_socioeconomic  s0 L11  st=0.01 null_random    supp    red=-0.0003 ok=True
[steer] llama  crows_socioeconomic  s0 L11  st=0.08 null_random    supp    red=+0.0001 ok=True
[steer] llama  crows_socioeconomic  s0 L16  st=0.005 real           supp    red=+0.0009 ok=True
[steer] llama  crows_socioeconomic  s0 L16  st=0.01 real           supp    red=+0.0028 ok=True
[steer] llama  crows_socioeconomic  s0 L16  st=0.08 real           supp    red=+0.0256 ok=True
[steer] llama  crows_socioeconomic  s0 L16  st=0.005 null_partition supp    red=+0.0001 ok=True
[steer] llama  crows_socioeconomic  s0 L16  st=0.01 null_partition supp    red=-0.0017 ok=True
[steer] llama  crows_socioeconomic  s0 L16  st=0.08 null_partition supp    red=-0.0123 ok=False
[steer] llama  crows_socioeconomic  s0 L16  st=0.005 null_random    supp    red=-0.0004 ok=True
[steer] llama  crows_socioeconomic  s0 L16  st=0.01 null_random    supp    red=+0.0013 ok=True
[steer] llama  crows_socioeconomic  s0 L16  st=0.08 null_random    supp    red=+0.0097 ok=True
[steer] llama  crows_socioeconomic  s0 L23  st=0.005 real           supp    red=-0.0002 ok=True
[steer] llama  crows_socioeconomic  s0 L23  st=0.01 real           supp    red=-0.0002 ok=True
[steer] llama  crows_socioeconomic  s0 L23  st=0.08 real           supp    red=+0.0190 ok=True
[steer] llama  crows_socioeconomic  s0 L23  st=0.005 null_partition supp    red=-0.0014 ok=True
[steer] llama  crows_socioeconomic  s0 L23  st=0.01 null_partition supp    red=-0.0028 ok=True
[steer] llama  crows_socioeconomic  s0 L23  st=0.08 null_partition supp    red=-0.0117 ok=True
[steer] llama  crows_socioeconomic  s0 L23  st=0.005 null_random    supp    red=+0.0000 ok=True
[steer] llama  crows_socioeconomic  s0 L23  st=0.01 null_random    supp    red=+0.0006 ok=True
[steer] llama  crows_socioeconomic  s0 L23  st=0.08 null_random    supp    red=+0.0005 ok=True
[steer] llama  crows_socioeconomic  s1 L14  st=0.02 real           primary red=+0.0075 ok=True
[steer] llama  crows_socioeconomic  s1 L14  st=0.04 real           primary red=+0.0157 ok=True
[steer] llama  crows_socioeconomic  s1 L14  st=0.02 null_partition primary red=+0.0021 ok=True
[steer] llama  crows_socioeconomic  s1 L14  st=0.04 null_partition primary red=+0.0039 ok=True
[steer] llama  crows_socioeconomic  s1 L14  st=0.02 null_random    primary red=+0.0015 ok=True
[steer] llama  crows_socioeconomic  s1 L14  st=0.04 null_random    primary red=+0.0010 ok=True
[steer] llama  crows_socioeconomic  s1 L20  st=0.02 real           primary red=+0.0075 ok=True
[steer] llama  crows_socioeconomic  s1 L20  st=0.04 real           primary red=+0.0148 ok=True
[steer] llama  crows_socioeconomic  s1 L20  st=0.02 null_partition primary red=+0.0003 ok=True
[steer] llama  crows_socioeconomic  s1 L20  st=0.04 null_partition primary red=+0.0025 ok=True
[steer] llama  crows_socioeconomic  s1 L20  st=0.02 null_random    primary red=-0.0011 ok=True
[steer] llama  crows_socioeconomic  s1 L20  st=0.04 null_random    primary red=-0.0006 ok=True
[steer] llama  crows_socioeconomic  s1 L7   st=0.005 real           supp    red=+0.0013 ok=True
[steer] llama  crows_socioeconomic  s1 L7   st=0.01 real           supp    red=+0.0014 ok=True
[steer] llama  crows_socioeconomic  s1 L7   st=0.08 real           supp    red=+0.0170 ok=False
[steer] llama  crows_socioeconomic  s1 L7   st=0.005 null_partition supp    red=-0.0005 ok=True
[steer] llama  crows_socioeconomic  s1 L7   st=0.01 null_partition supp    red=-0.0014 ok=True
[steer] llama  crows_socioeconomic  s1 L7   st=0.08 null_partition supp    red=+0.0135 ok=False
[steer] llama  crows_socioeconomic  s1 L7   st=0.005 null_random    supp    red=+0.0015 ok=True
[steer] llama  crows_socioeconomic  s1 L7   st=0.01 null_random    supp    red=+0.0027 ok=True
[steer] llama  crows_socioeconomic  s1 L7   st=0.08 null_random    supp    red=+0.0295 ok=False
[steer] llama  crows_socioeconomic  s1 L11  st=0.005 real           supp    red=+0.0001 ok=True
[steer] llama  crows_socioeconomic  s1 L11  st=0.01 real           supp    red=+0.0018 ok=True
[steer] llama  crows_socioeconomic  s1 L11  st=0.08 real           supp    red=+0.0210 ok=False
[steer] llama  crows_socioeconomic  s1 L11  st=0.005 null_partition supp    red=+0.0009 ok=True
[steer] llama  crows_socioeconomic  s1 L11  st=0.01 null_partition supp    red=+0.0008 ok=True
[steer] llama  crows_socioeconomic  s1 L11  st=0.08 null_partition supp    red=+0.0174 ok=True
[steer] llama  crows_socioeconomic  s1 L11  st=0.005 null_random    supp    red=-0.0024 ok=True
[steer] llama  crows_socioeconomic  s1 L11  st=0.01 null_random    supp    red=-0.0034 ok=True
[steer] llama  crows_socioeconomic  s1 L11  st=0.08 null_random    supp    red=-0.0108 ok=False
[steer] llama  crows_socioeconomic  s1 L16  st=0.005 real           supp    red=+0.0015 ok=True
[steer] llama  crows_socioeconomic  s1 L16  st=0.01 real           supp    red=+0.0025 ok=True
[steer] llama  crows_socioeconomic  s1 L16  st=0.08 real           supp    red=+0.0250 ok=True
[steer] llama  crows_socioeconomic  s1 L16  st=0.005 null_partition supp    red=+0.0012 ok=True
[steer] llama  crows_socioeconomic  s1 L16  st=0.01 null_partition supp    red=-0.0010 ok=True
[steer] llama  crows_socioeconomic  s1 L16  st=0.08 null_partition supp    red=+0.0087 ok=True
[steer] llama  crows_socioeconomic  s1 L16  st=0.005 null_random    supp    red=+0.0006 ok=True
[steer] llama  crows_socioeconomic  s1 L16  st=0.01 null_random    supp    red=+0.0000 ok=True
[steer] llama  crows_socioeconomic  s1 L16  st=0.08 null_random    supp    red=-0.0011 ok=True
[steer] llama  crows_socioeconomic  s1 L23  st=0.005 real           supp    red=-0.0005 ok=True
[steer] llama  crows_socioeconomic  s1 L23  st=0.01 real           supp    red=-0.0001 ok=True
[steer] llama  crows_socioeconomic  s1 L23  st=0.08 real           supp    red=+0.0161 ok=True
[steer] llama  crows_socioeconomic  s1 L23  st=0.005 null_partition supp    red=-0.0009 ok=True
[steer] llama  crows_socioeconomic  s1 L23  st=0.01 null_partition supp    red=-0.0011 ok=True
[steer] llama  crows_socioeconomic  s1 L23  st=0.08 null_partition supp    red=+0.0034 ok=True
[steer] llama  crows_socioeconomic  s1 L23  st=0.005 null_random    supp    red=-0.0020 ok=True
[steer] llama  crows_socioeconomic  s1 L23  st=0.01 null_random    supp    red=+0.0002 ok=True
[steer] llama  crows_socioeconomic  s1 L23  st=0.08 null_random    supp    red=-0.0008 ok=True
[steer] llama  crows_socioeconomic  s2 L14  st=0.02 real           primary red=+0.0063 ok=True
[steer] llama  crows_socioeconomic  s2 L14  st=0.04 real           primary red=+0.0140 ok=True
[steer] llama  crows_socioeconomic  s2 L14  st=0.02 null_partition primary red=-0.0028 ok=True
[steer] llama  crows_socioeconomic  s2 L14  st=0.04 null_partition primary red=-0.0066 ok=True
[steer] llama  crows_socioeconomic  s2 L14  st=0.02 null_random    primary red=-0.0031 ok=True
[steer] llama  crows_socioeconomic  s2 L14  st=0.04 null_random    primary red=-0.0089 ok=True
[steer] llama  crows_socioeconomic  s2 L20  st=0.02 real           primary red=+0.0065 ok=True
[steer] llama  crows_socioeconomic  s2 L20  st=0.04 real           primary red=+0.0147 ok=True
[steer] llama  crows_socioeconomic  s2 L20  st=0.02 null_partition primary red=-0.0009 ok=True
[steer] llama  crows_socioeconomic  s2 L20  st=0.04 null_partition primary red=-0.0008 ok=True
[steer] llama  crows_socioeconomic  s2 L20  st=0.02 null_random    primary red=-0.0014 ok=True
[steer] llama  crows_socioeconomic  s2 L20  st=0.04 null_random    primary red=-0.0018 ok=True
[steer] llama  crows_socioeconomic  s2 L7   st=0.005 real           supp    red=-0.0000 ok=True
[steer] llama  crows_socioeconomic  s2 L7   st=0.01 real           supp    red=+0.0014 ok=True
[steer] llama  crows_socioeconomic  s2 L7   st=0.08 real           supp    red=+0.0166 ok=False
[steer] llama  crows_socioeconomic  s2 L7   st=0.005 null_partition supp    red=-0.0011 ok=True
[steer] llama  crows_socioeconomic  s2 L7   st=0.01 null_partition supp    red=-0.0018 ok=True
[steer] llama  crows_socioeconomic  s2 L7   st=0.08 null_partition supp    red=-0.0069 ok=False
[steer] llama  crows_socioeconomic  s2 L7   st=0.005 null_random    supp    red=+0.0018 ok=True
[steer] llama  crows_socioeconomic  s2 L7   st=0.01 null_random    supp    red=+0.0029 ok=True
[steer] llama  crows_socioeconomic  s2 L7   st=0.08 null_random    supp    red=+0.0286 ok=False
[steer] llama  crows_socioeconomic  s2 L11  st=0.005 real           supp    red=+0.0012 ok=True
[steer] llama  crows_socioeconomic  s2 L11  st=0.01 real           supp    red=+0.0024 ok=True
[steer] llama  crows_socioeconomic  s2 L11  st=0.08 real           supp    red=+0.0196 ok=False
[steer] llama  crows_socioeconomic  s2 L11  st=0.005 null_partition supp    red=-0.0011 ok=True
[steer] llama  crows_socioeconomic  s2 L11  st=0.01 null_partition supp    red=+0.0005 ok=True
[steer] llama  crows_socioeconomic  s2 L11  st=0.08 null_partition supp    red=-0.0034 ok=False
[steer] llama  crows_socioeconomic  s2 L11  st=0.005 null_random    supp    red=-0.0012 ok=True
[steer] llama  crows_socioeconomic  s2 L11  st=0.01 null_random    supp    red=-0.0015 ok=True
[steer] llama  crows_socioeconomic  s2 L11  st=0.08 null_random    supp    red=-0.0007 ok=True
[steer] llama  crows_socioeconomic  s2 L16  st=0.005 real           supp    red=+0.0022 ok=True
[steer] llama  crows_socioeconomic  s2 L16  st=0.01 real           supp    red=+0.0026 ok=True
[steer] llama  crows_socioeconomic  s2 L16  st=0.08 real           supp    red=+0.0293 ok=True
[steer] llama  crows_socioeconomic  s2 L16  st=0.005 null_partition supp    red=-0.0009 ok=True
[steer] llama  crows_socioeconomic  s2 L16  st=0.01 null_partition supp    red=-0.0001 ok=True
[steer] llama  crows_socioeconomic  s2 L16  st=0.08 null_partition supp    red=-0.0047 ok=False
[steer] llama  crows_socioeconomic  s2 L16  st=0.005 null_random    supp    red=-0.0022 ok=True
[steer] llama  crows_socioeconomic  s2 L16  st=0.01 null_random    supp    red=-0.0029 ok=True
[steer] llama  crows_socioeconomic  s2 L16  st=0.08 null_random    supp    red=-0.0071 ok=True
[steer] llama  crows_socioeconomic  s2 L23  st=0.005 real           supp    red=-0.0007 ok=True
[steer] llama  crows_socioeconomic  s2 L23  st=0.01 real           supp    red=+0.0013 ok=True
[steer] llama  crows_socioeconomic  s2 L23  st=0.08 real           supp    red=+0.0173 ok=True
[steer] llama  crows_socioeconomic  s2 L23  st=0.005 null_partition supp    red=+0.0005 ok=True
[steer] llama  crows_socioeconomic  s2 L23  st=0.01 null_partition supp    red=-0.0017 ok=True
[steer] llama  crows_socioeconomic  s2 L23  st=0.08 null_partition supp    red=+0.0012 ok=True
[steer] llama  crows_socioeconomic  s2 L23  st=0.005 null_random    supp    red=+0.0002 ok=True
[steer] llama  crows_socioeconomic  s2 L23  st=0.01 null_random    supp    red=-0.0020 ok=True
[steer] llama  crows_socioeconomic  s2 L23  st=0.08 null_random    supp    red=-0.0072 ok=True
[steer] ALL DONE
[v7 08-01 08:25:18]   -> 0 -> 1152
[v7 08-01 08:25:18]   BL-S complete at 1152 rows
[v7 08-01 08:25:18] queue done (BL-S)
[v7 08-02 15:37:38] BL-S steering baseline (gate)
[v7 08-02 15:37:38]   attempt 1 at 0 rows
Using the latest cached version of the dataset since cais/mmlu couldn't be found on the Hugging Face Hub (offline mode is enabled).
Found the latest cached dataset configuration 'all' at /home/jovyan/.cache/huggingface/datasets/cais___mmlu/all/0.0.0/c30699e8356da336a370243923dbaf21066bb9fe (last modified on Mon Jul 20 06:57:17 2026).
Using the latest cached version of the dataset since Salesforce/wikitext couldn't be found on the Hugging Face Hub (offline mode is enabled).
Found the latest cached dataset configuration 'wikitext-103-raw-v1' at /home/jovyan/.cache/huggingface/datasets/Salesforce___wikitext/wikitext-103-raw-v1/0.0.0/b08601e04326c79dfdd32d625aee71d232d685c3 (last modified on Mon Jul 20 06:52:28 2026).
Loading weights:   0%|                                                       | 0/434 [00:00<?, ?it/s]Loading weights: 100%|███████████████████████████████████████████| 434/434 [00:00<00:00, 5935.03it/s]
[steer] qwen   occ_gender           s0 L18  st=0.02 real           primary red=+0.2437 ok=True
[steer] qwen   occ_gender           s0 L18  st=0.04 real           primary red=+0.6066 ok=False
[steer] qwen   occ_gender           s0 L18  st=0.02 null_partition primary red=-0.0024 ok=True
[steer] qwen   occ_gender           s0 L18  st=0.04 null_partition primary red=-0.0071 ok=True
[steer] qwen   occ_gender           s0 L18  st=0.02 null_random    primary red=+0.0149 ok=True
[steer] qwen   occ_gender           s0 L18  st=0.04 null_random    primary red=+0.0248 ok=False
[steer] qwen   occ_gender           s0 L26  st=0.02 real           primary red=+0.3851 ok=True
[steer] qwen   occ_gender           s0 L26  st=0.04 real           primary red=+0.6367 ok=True
[steer] qwen   occ_gender           s0 L26  st=0.02 null_partition primary red=-0.0026 ok=True
[steer] qwen   occ_gender           s0 L26  st=0.04 null_partition primary red=-0.0037 ok=True
[steer] qwen   occ_gender           s0 L26  st=0.02 null_random    primary red=+0.0006 ok=True
[steer] qwen   occ_gender           s0 L26  st=0.04 null_random    primary red=+0.0051 ok=True
[steer] qwen   occ_gender           s0 L9   st=0.005 real           supp    red=-0.0302 ok=True
[steer] qwen   occ_gender           s0 L9   st=0.01 real           supp    red=-0.0402 ok=True
[steer] qwen   occ_gender           s0 L9   st=0.08 real           supp    red=+0.5265 ok=False
[steer] qwen   occ_gender           s0 L9   st=0.005 null_partition supp    red=+0.0032 ok=True
[steer] qwen   occ_gender           s0 L9   st=0.01 null_partition supp    red=+0.0007 ok=True
[steer] qwen   occ_gender           s0 L9   st=0.08 null_partition supp    red=-0.0067 ok=False
[steer] qwen   occ_gender           s0 L9   st=0.005 null_random    supp    red=-0.0031 ok=False
[steer] qwen   occ_gender           s0 L9   st=0.01 null_random    supp    red=+0.0025 ok=False
[steer] qwen   occ_gender           s0 L9   st=0.08 null_random    supp    red=+0.0423 ok=True
[steer] qwen   occ_gender           s0 L14  st=0.005 real           supp    red=-0.0164 ok=True
[steer] qwen   occ_gender           s0 L14  st=0.01 real           supp    red=+0.0148 ok=True
[steer] qwen   occ_gender           s0 L14  st=0.08 real           supp    red=+0.6358 ok=False
[steer] qwen   occ_gender           s0 L14  st=0.005 null_partition supp    red=-0.0002 ok=True
[steer] qwen   occ_gender           s0 L14  st=0.01 null_partition supp    red=-0.0058 ok=True
[steer] qwen   occ_gender           s0 L14  st=0.08 null_partition supp    red=-0.0109 ok=False
[steer] qwen   occ_gender           s0 L14  st=0.005 null_random    supp    red=-0.0063 ok=True
[steer] qwen   occ_gender           s0 L14  st=0.01 null_random    supp    red=-0.0079 ok=False
[steer] qwen   occ_gender           s0 L14  st=0.08 null_random    supp    red=-0.0290 ok=True
[steer] qwen   occ_gender           s0 L21  st=0.005 real           supp    red=-0.0253 ok=True
[steer] qwen   occ_gender           s0 L21  st=0.01 real           supp    red=+0.0385 ok=True
[steer] qwen   occ_gender           s0 L21  st=0.08 real           supp    red=+0.6478 ok=False
[steer] qwen   occ_gender           s0 L21  st=0.005 null_partition supp    red=-0.0009 ok=True
[steer] qwen   occ_gender           s0 L21  st=0.01 null_partition supp    red=+0.0006 ok=True
[steer] qwen   occ_gender           s0 L21  st=0.08 null_partition supp    red=-0.0135 ok=True
[steer] qwen   occ_gender           s0 L21  st=0.005 null_random    supp    red=+0.0048 ok=True
[steer] qwen   occ_gender           s0 L21  st=0.01 null_random    supp    red=+0.0030 ok=True
[steer] qwen   occ_gender           s0 L21  st=0.08 null_random    supp    red=+0.0410 ok=False
[steer] qwen   occ_gender           s0 L30  st=0.005 real           supp    red=-0.0059 ok=True
[steer] qwen   occ_gender           s0 L30  st=0.01 real           supp    red=-0.0103 ok=True
[steer] qwen   occ_gender           s0 L30  st=0.08 real           supp    red=+0.1854 ok=True
[steer] qwen   occ_gender           s0 L30  st=0.005 null_partition supp    red=+0.0040 ok=True
[steer] qwen   occ_gender           s0 L30  st=0.01 null_partition supp    red=+0.0005 ok=True
[steer] qwen   occ_gender           s0 L30  st=0.08 null_partition supp    red=+0.0140 ok=True
[steer] qwen   occ_gender           s0 L30  st=0.005 null_random    supp    red=-0.0011 ok=True
[steer] qwen   occ_gender           s0 L30  st=0.01 null_random    supp    red=-0.0021 ok=True
[steer] qwen   occ_gender           s0 L30  st=0.08 null_random    supp    red=-0.0129 ok=True
[steer] qwen   occ_gender           s1 L18  st=0.02 real           primary red=+0.2476 ok=True
[steer] qwen   occ_gender           s1 L18  st=0.04 real           primary red=+0.6117 ok=False
[steer] qwen   occ_gender           s1 L18  st=0.02 null_partition primary red=+0.0016 ok=False
[steer] qwen   occ_gender           s1 L18  st=0.04 null_partition primary red=-0.0007 ok=False
[steer] qwen   occ_gender           s1 L18  st=0.02 null_random    primary red=-0.0082 ok=True
[steer] qwen   occ_gender           s1 L18  st=0.04 null_random    primary red=-0.0018 ok=True
[steer] qwen   occ_gender           s1 L26  st=0.02 real           primary red=+0.3791 ok=True
[steer] qwen   occ_gender           s1 L26  st=0.04 real           primary red=+0.6352 ok=False
[steer] qwen   occ_gender           s1 L26  st=0.02 null_partition primary red=-0.0070 ok=True
[steer] qwen   occ_gender           s1 L26  st=0.04 null_partition primary red=-0.0109 ok=True
[steer] qwen   occ_gender           s1 L26  st=0.02 null_random    primary red=+0.0105 ok=True
[steer] qwen   occ_gender           s1 L26  st=0.04 null_random    primary red=+0.0076 ok=True
[steer] qwen   occ_gender           s1 L9   st=0.005 real           supp    red=-0.0255 ok=True
[steer] qwen   occ_gender           s1 L9   st=0.01 real           supp    red=-0.0336 ok=True
[steer] qwen   occ_gender           s1 L9   st=0.08 real           supp    red=+0.5320 ok=False
[steer] qwen   occ_gender           s1 L9   st=0.005 null_partition supp    red=-0.0041 ok=False
[steer] qwen   occ_gender           s1 L9   st=0.01 null_partition supp    red=-0.0052 ok=True
[steer] qwen   occ_gender           s1 L9   st=0.08 null_partition supp    red=-0.0100 ok=False
[steer] qwen   occ_gender           s1 L9   st=0.005 null_random    supp    red=-0.0027 ok=True
[steer] qwen   occ_gender           s1 L9   st=0.01 null_random    supp    red=-0.0060 ok=True
[steer] qwen   occ_gender           s1 L9   st=0.08 null_random    supp    red=-0.0265 ok=False
[steer] qwen   occ_gender           s1 L14  st=0.005 real           supp    red=-0.0159 ok=True
[steer] qwen   occ_gender           s1 L14  st=0.01 real           supp    red=+0.0182 ok=True
[steer] qwen   occ_gender           s1 L14  st=0.08 real           supp    red=+0.6348 ok=False
[steer] qwen   occ_gender           s1 L14  st=0.005 null_partition supp    red=-0.0004 ok=True
[steer] qwen   occ_gender           s1 L14  st=0.01 null_partition supp    red=-0.0004 ok=True
[steer] qwen   occ_gender           s1 L14  st=0.08 null_partition supp    red=+0.0048 ok=False
[steer] qwen   occ_gender           s1 L14  st=0.005 null_random    supp    red=-0.0026 ok=True
[steer] qwen   occ_gender           s1 L14  st=0.01 null_random    supp    red=-0.0020 ok=False
[steer] qwen   occ_gender           s1 L14  st=0.08 null_random    supp    red=-0.0062 ok=False
[steer] qwen   occ_gender           s1 L21  st=0.005 real           supp    red=-0.0208 ok=True
[steer] qwen   occ_gender           s1 L21  st=0.01 real           supp    red=+0.0363 ok=True
[steer] qwen   occ_gender           s1 L21  st=0.08 real           supp    red=+0.6476 ok=False
[steer] qwen   occ_gender           s1 L21  st=0.005 null_partition supp    red=-0.0013 ok=True
[steer] qwen   occ_gender           s1 L21  st=0.01 null_partition supp    red=+0.0033 ok=True
[steer] qwen   occ_gender           s1 L21  st=0.08 null_partition supp    red=-0.0052 ok=True
[steer] qwen   occ_gender           s1 L21  st=0.005 null_random    supp    red=+0.0054 ok=True
[steer] qwen   occ_gender           s1 L21  st=0.01 null_random    supp    red=+0.0037 ok=True
[steer] qwen   occ_gender           s1 L21  st=0.08 null_random    supp    red=-0.0022 ok=True
[steer] qwen   occ_gender           s1 L30  st=0.005 real           supp    red=-0.0062 ok=True
[steer] qwen   occ_gender           s1 L30  st=0.01 real           supp    red=-0.0078 ok=True
[steer] qwen   occ_gender           s1 L30  st=0.08 real           supp    red=+0.1888 ok=True
[steer] qwen   occ_gender           s1 L30  st=0.005 null_partition supp    red=-0.0002 ok=True
[steer] qwen   occ_gender           s1 L30  st=0.01 null_partition supp    red=-0.0019 ok=True
[steer] qwen   occ_gender           s1 L30  st=0.08 null_partition supp    red=-0.0012 ok=True
[steer] qwen   occ_gender           s1 L30  st=0.005 null_random    supp    red=-0.0014 ok=True
[steer] qwen   occ_gender           s1 L30  st=0.01 null_random    supp    red=-0.0011 ok=True
[steer] qwen   occ_gender           s1 L30  st=0.08 null_random    supp    red=-0.0015 ok=True
[steer] qwen   occ_gender           s2 L18  st=0.02 real           primary red=+0.2448 ok=True
[steer] qwen   occ_gender           s2 L18  st=0.04 real           primary red=+0.6104 ok=False
[steer] qwen   occ_gender           s2 L18  st=0.02 null_partition primary red=-0.0114 ok=True
[steer] qwen   occ_gender           s2 L18  st=0.04 null_partition primary red=-0.0179 ok=True
[steer] qwen   occ_gender           s2 L18  st=0.02 null_random    primary red=-0.0092 ok=True
[steer] qwen   occ_gender           s2 L18  st=0.04 null_random    primary red=-0.0184 ok=True
[steer] qwen   occ_gender           s2 L26  st=0.02 real           primary red=+0.3618 ok=True
[steer] qwen   occ_gender           s2 L26  st=0.04 real           primary red=+0.6330 ok=True
[steer] qwen   occ_gender           s2 L26  st=0.02 null_partition primary red=-0.0058 ok=True
[steer] qwen   occ_gender           s2 L26  st=0.04 null_partition primary red=-0.0099 ok=True
[steer] qwen   occ_gender           s2 L26  st=0.02 null_random    primary red=+0.0195 ok=True
[steer] qwen   occ_gender           s2 L26  st=0.04 null_random    primary red=+0.0477 ok=True
[steer] qwen   occ_gender           s2 L9   st=0.005 real           supp    red=-0.0285 ok=True
[steer] qwen   occ_gender           s2 L9   st=0.01 real           supp    red=-0.0405 ok=True
[steer] qwen   occ_gender           s2 L9   st=0.08 real           supp    red=+0.5372 ok=False
[steer] qwen   occ_gender           s2 L9   st=0.005 null_partition supp    red=+0.0015 ok=True
[steer] qwen   occ_gender           s2 L9   st=0.01 null_partition supp    red=-0.0036 ok=True
[steer] qwen   occ_gender           s2 L9   st=0.08 null_partition supp    red=-0.0073 ok=False
[steer] qwen   occ_gender           s2 L9   st=0.005 null_random    supp    red=+0.0012 ok=True
[steer] qwen   occ_gender           s2 L9   st=0.01 null_random    supp    red=-0.0000 ok=False
[steer] qwen   occ_gender           s2 L9   st=0.08 null_random    supp    red=-0.0028 ok=False
[steer] qwen   occ_gender           s2 L14  st=0.005 real           supp    red=-0.0162 ok=True
[steer] qwen   occ_gender           s2 L14  st=0.01 real           supp    red=+0.0215 ok=True
[steer] qwen   occ_gender           s2 L14  st=0.08 real           supp    red=+0.6289 ok=False
[steer] qwen   occ_gender           s2 L14  st=0.005 null_partition supp    red=-0.0033 ok=True
[steer] qwen   occ_gender           s2 L14  st=0.01 null_partition supp    red=-0.0044 ok=True
[steer] qwen   occ_gender           s2 L14  st=0.08 null_partition supp    red=-0.0329 ok=False
[steer] qwen   occ_gender           s2 L14  st=0.005 null_random    supp    red=-0.0012 ok=True
[steer] qwen   occ_gender           s2 L14  st=0.01 null_random    supp    red=-0.0037 ok=False
[steer] qwen   occ_gender           s2 L14  st=0.08 null_random    supp    red=+0.0142 ok=False
[steer] qwen   occ_gender           s2 L21  st=0.005 real           supp    red=-0.0239 ok=True
[steer] qwen   occ_gender           s2 L21  st=0.01 real           supp    red=+0.0370 ok=True
[steer] qwen   occ_gender           s2 L21  st=0.08 real           supp    red=+0.6475 ok=False
[steer] qwen   occ_gender           s2 L21  st=0.005 null_partition supp    red=-0.0013 ok=True
[steer] qwen   occ_gender           s2 L21  st=0.01 null_partition supp    red=+0.0014 ok=True
[steer] qwen   occ_gender           s2 L21  st=0.08 null_partition supp    red=+0.0226 ok=False
[steer] qwen   occ_gender           s2 L21  st=0.005 null_random    supp    red=-0.0024 ok=True
[steer] qwen   occ_gender           s2 L21  st=0.01 null_random    supp    red=-0.0027 ok=True
[steer] qwen   occ_gender           s2 L21  st=0.08 null_random    supp    red=-0.0372 ok=False
[steer] qwen   occ_gender           s2 L30  st=0.005 real           supp    red=-0.0049 ok=True
[steer] qwen   occ_gender           s2 L30  st=0.01 real           supp    red=-0.0043 ok=True
[steer] qwen   occ_gender           s2 L30  st=0.08 real           supp    red=+0.1858 ok=True
[steer] qwen   occ_gender           s2 L30  st=0.005 null_partition supp    red=+0.0008 ok=True
[steer] qwen   occ_gender           s2 L30  st=0.01 null_partition supp    red=+0.0039 ok=True
[steer] qwen   occ_gender           s2 L30  st=0.08 null_partition supp    red=+0.0166 ok=True
[steer] qwen   occ_gender           s2 L30  st=0.005 null_random    supp    red=+0.0024 ok=True
[steer] qwen   occ_gender           s2 L30  st=0.01 null_random    supp    red=+0.0020 ok=True
[steer] qwen   occ_gender           s2 L30  st=0.08 null_random    supp    red=+0.0030 ok=True
Using the latest cached version of the dataset since nyu-mll/crows_pairs couldn't be found on the Hugging Face Hub (offline mode is enabled).
Found the latest cached dataset configuration 'default' at /home/jovyan/.cache/huggingface/datasets/nyu-mll___crows_pairs/default/0.0.0/565159a0443df8dc8dba9855c7454e6afc907be4 (last modified on Mon Jul 20 07:00:06 2026).
[steer] qwen   crows_socioeconomic  s0 L18  st=0.02 real           primary red=-0.0029 ok=True
[steer] qwen   crows_socioeconomic  s0 L18  st=0.04 real           primary red=-0.0084 ok=True
[steer] qwen   crows_socioeconomic  s0 L18  st=0.02 null_partition primary red=+0.0036 ok=True
[steer] qwen   crows_socioeconomic  s0 L18  st=0.04 null_partition primary red=-0.0027 ok=True
[steer] qwen   crows_socioeconomic  s0 L18  st=0.02 null_random    primary red=-0.0010 ok=True
[steer] qwen   crows_socioeconomic  s0 L18  st=0.04 null_random    primary red=-0.0036 ok=True
[steer] qwen   crows_socioeconomic  s0 L26  st=0.02 real           primary red=+0.0056 ok=True
[steer] qwen   crows_socioeconomic  s0 L26  st=0.04 real           primary red=+0.0086 ok=True
[steer] qwen   crows_socioeconomic  s0 L26  st=0.02 null_partition primary red=+0.0029 ok=True
[steer] qwen   crows_socioeconomic  s0 L26  st=0.04 null_partition primary red=+0.0025 ok=True
[steer] qwen   crows_socioeconomic  s0 L26  st=0.02 null_random    primary red=+0.0035 ok=True
[steer] qwen   crows_socioeconomic  s0 L26  st=0.04 null_random    primary red=+0.0060 ok=True
[steer] qwen   crows_socioeconomic  s0 L9   st=0.005 real           supp    red=+0.0031 ok=True
[steer] qwen   crows_socioeconomic  s0 L9   st=0.01 real           supp    red=+0.0072 ok=True
[steer] qwen   crows_socioeconomic  s0 L9   st=0.08 real           supp    red=+0.0183 ok=False
[steer] qwen   crows_socioeconomic  s0 L9   st=0.005 null_partition supp    red=-0.0006 ok=True
[steer] qwen   crows_socioeconomic  s0 L9   st=0.01 null_partition supp    red=-0.0012 ok=True
[steer] qwen   crows_socioeconomic  s0 L9   st=0.08 null_partition supp    red=-0.0218 ok=True
[steer] qwen   crows_socioeconomic  s0 L9   st=0.005 null_random    supp    red=+0.0018 ok=True
[steer] qwen   crows_socioeconomic  s0 L9   st=0.01 null_random    supp    red=+0.0029 ok=True
[steer] qwen   crows_socioeconomic  s0 L9   st=0.08 null_random    supp    red=-0.0236 ok=True
[steer] qwen   crows_socioeconomic  s0 L14  st=0.005 real           supp    red=+0.0013 ok=True
[steer] qwen   crows_socioeconomic  s0 L14  st=0.01 real           supp    red=-0.0019 ok=True
[steer] qwen   crows_socioeconomic  s0 L14  st=0.08 real           supp    red=-0.0049 ok=True
[steer] qwen   crows_socioeconomic  s0 L14  st=0.005 null_partition supp    red=+0.0034 ok=True
[steer] qwen   crows_socioeconomic  s0 L14  st=0.01 null_partition supp    red=+0.0045 ok=True
[steer] qwen   crows_socioeconomic  s0 L14  st=0.08 null_partition supp    red=-0.0067 ok=True
[steer] qwen   crows_socioeconomic  s0 L14  st=0.005 null_random    supp    red=+0.0039 ok=False
[steer] qwen   crows_socioeconomic  s0 L14  st=0.01 null_random    supp    red=+0.0022 ok=True
[steer] qwen   crows_socioeconomic  s0 L14  st=0.08 null_random    supp    red=+0.0134 ok=True
[steer] qwen   crows_socioeconomic  s0 L21  st=0.005 real           supp    red=+0.0022 ok=True
[steer] qwen   crows_socioeconomic  s0 L21  st=0.01 real           supp    red=+0.0018 ok=True
[steer] qwen   crows_socioeconomic  s0 L21  st=0.08 real           supp    red=-0.0218 ok=False
[steer] qwen   crows_socioeconomic  s0 L21  st=0.005 null_partition supp    red=+0.0027 ok=True
[steer] qwen   crows_socioeconomic  s0 L21  st=0.01 null_partition supp    red=+0.0032 ok=True
[steer] qwen   crows_socioeconomic  s0 L21  st=0.08 null_partition supp    red=+0.0032 ok=True
[steer] qwen   crows_socioeconomic  s0 L21  st=0.005 null_random    supp    red=+0.0036 ok=True
[steer] qwen   crows_socioeconomic  s0 L21  st=0.01 null_random    supp    red=+0.0048 ok=True
[steer] qwen   crows_socioeconomic  s0 L21  st=0.08 null_random    supp    red=-0.0065 ok=False
[steer] qwen   crows_socioeconomic  s0 L30  st=0.005 real           supp    red=+0.0020 ok=True
[steer] qwen   crows_socioeconomic  s0 L30  st=0.01 real           supp    red=+0.0022 ok=True
[steer] qwen   crows_socioeconomic  s0 L30  st=0.08 real           supp    red=+0.0007 ok=True
[steer] qwen   crows_socioeconomic  s0 L30  st=0.005 null_partition supp    red=+0.0022 ok=True
[steer] qwen   crows_socioeconomic  s0 L30  st=0.01 null_partition supp    red=+0.0011 ok=True
[steer] qwen   crows_socioeconomic  s0 L30  st=0.08 null_partition supp    red=-0.0062 ok=True
[steer] qwen   crows_socioeconomic  s0 L30  st=0.005 null_random    supp    red=+0.0043 ok=True
[steer] qwen   crows_socioeconomic  s0 L30  st=0.01 null_random    supp    red=+0.0017 ok=True
[steer] qwen   crows_socioeconomic  s0 L30  st=0.08 null_random    supp    red=+0.0050 ok=True
[steer] qwen   crows_socioeconomic  s1 L18  st=0.02 real           primary red=+0.0015 ok=True
[steer] qwen   crows_socioeconomic  s1 L18  st=0.04 real           primary red=-0.0046 ok=True
[steer] qwen   crows_socioeconomic  s1 L18  st=0.02 null_partition primary red=+0.0060 ok=True
[steer] qwen   crows_socioeconomic  s1 L18  st=0.04 null_partition primary red=+0.0019 ok=True
[steer] qwen   crows_socioeconomic  s1 L18  st=0.02 null_random    primary red=+0.0088 ok=False
[steer] qwen   crows_socioeconomic  s1 L18  st=0.04 null_random    primary red=+0.0137 ok=True
[steer] qwen   crows_socioeconomic  s1 L26  st=0.02 real           primary red=+0.0059 ok=True
[steer] qwen   crows_socioeconomic  s1 L26  st=0.04 real           primary red=+0.0107 ok=True
[steer] qwen   crows_socioeconomic  s1 L26  st=0.02 null_partition primary red=+0.0061 ok=True
[steer] qwen   crows_socioeconomic  s1 L26  st=0.04 null_partition primary red=+0.0058 ok=True
[steer] qwen   crows_socioeconomic  s1 L26  st=0.02 null_random    primary red=-0.0030 ok=True
[steer] qwen   crows_socioeconomic  s1 L26  st=0.04 null_random    primary red=-0.0131 ok=True
[steer] qwen   crows_socioeconomic  s1 L9   st=0.005 real           supp    red=+0.0014 ok=True
[steer] qwen   crows_socioeconomic  s1 L9   st=0.01 real           supp    red=+0.0037 ok=True
[steer] qwen   crows_socioeconomic  s1 L9   st=0.08 real           supp    red=+0.0197 ok=False
[steer] qwen   crows_socioeconomic  s1 L9   st=0.005 null_partition supp    red=+0.0022 ok=True
[steer] qwen   crows_socioeconomic  s1 L9   st=0.01 null_partition supp    red=+0.0027 ok=True
[steer] qwen   crows_socioeconomic  s1 L9   st=0.08 null_partition supp    red=+0.0181 ok=False
[steer] qwen   crows_socioeconomic  s1 L9   st=0.005 null_random    supp    red=+0.0029 ok=True
[steer] qwen   crows_socioeconomic  s1 L9   st=0.01 null_random    supp    red=+0.0046 ok=True
[steer] qwen   crows_socioeconomic  s1 L9   st=0.08 null_random    supp    red=+0.0075 ok=True
[steer] qwen   crows_socioeconomic  s1 L14  st=0.005 real           supp    red=+0.0027 ok=True
[steer] qwen   crows_socioeconomic  s1 L14  st=0.01 real           supp    red=-0.0009 ok=True
[steer] qwen   crows_socioeconomic  s1 L14  st=0.08 real           supp    red=-0.0094 ok=True
[steer] qwen   crows_socioeconomic  s1 L14  st=0.005 null_partition supp    red=+0.0033 ok=True
[steer] qwen   crows_socioeconomic  s1 L14  st=0.01 null_partition supp    red=+0.0035 ok=True
[steer] qwen   crows_socioeconomic  s1 L14  st=0.08 null_partition supp    red=+0.0042 ok=False
[steer] qwen   crows_socioeconomic  s1 L14  st=0.005 null_random    supp    red=+0.0042 ok=True
[steer] qwen   crows_socioeconomic  s1 L14  st=0.01 null_random    supp    red=+0.0060 ok=True
[steer] qwen   crows_socioeconomic  s1 L14  st=0.08 null_random    supp    red=-0.0062 ok=False
[steer] qwen   crows_socioeconomic  s1 L21  st=0.005 real           supp    red=+0.0032 ok=True
[steer] qwen   crows_socioeconomic  s1 L21  st=0.01 real           supp    red=+0.0034 ok=True
[steer] qwen   crows_socioeconomic  s1 L21  st=0.08 real           supp    red=-0.0271 ok=False
[steer] qwen   crows_socioeconomic  s1 L21  st=0.005 null_partition supp    red=+0.0014 ok=True
[steer] qwen   crows_socioeconomic  s1 L21  st=0.01 null_partition supp    red=+0.0012 ok=True
[steer] qwen   crows_socioeconomic  s1 L21  st=0.08 null_partition supp    red=-0.0066 ok=True
[steer] qwen   crows_socioeconomic  s1 L21  st=0.005 null_random    supp    red=+0.0009 ok=True
[steer] qwen   crows_socioeconomic  s1 L21  st=0.01 null_random    supp    red=+0.0030 ok=True
[steer] qwen   crows_socioeconomic  s1 L21  st=0.08 null_random    supp    red=+0.0043 ok=True
[steer] qwen   crows_socioeconomic  s1 L30  st=0.005 real           supp    red=+0.0030 ok=True
[steer] qwen   crows_socioeconomic  s1 L30  st=0.01 real           supp    red=+0.0031 ok=True
[steer] qwen   crows_socioeconomic  s1 L30  st=0.08 real           supp    red=+0.0012 ok=True
[steer] qwen   crows_socioeconomic  s1 L30  st=0.005 null_partition supp    red=+0.0031 ok=True
[steer] qwen   crows_socioeconomic  s1 L30  st=0.01 null_partition supp    red=+0.0020 ok=True
[steer] qwen   crows_socioeconomic  s1 L30  st=0.08 null_partition supp    red=+0.0124 ok=True
[steer] qwen   crows_socioeconomic  s1 L30  st=0.005 null_random    supp    red=+0.0012 ok=True
[steer] qwen   crows_socioeconomic  s1 L30  st=0.01 null_random    supp    red=+0.0037 ok=True
[steer] qwen   crows_socioeconomic  s1 L30  st=0.08 null_random    supp    red=+0.0052 ok=True
[steer] qwen   crows_socioeconomic  s2 L18  st=0.02 real           primary red=-0.0012 ok=True
[steer] qwen   crows_socioeconomic  s2 L18  st=0.04 real           primary red=-0.0069 ok=True
[steer] qwen   crows_socioeconomic  s2 L18  st=0.02 null_partition primary red=+0.0022 ok=True
[steer] qwen   crows_socioeconomic  s2 L18  st=0.04 null_partition primary red=+0.0025 ok=False
[steer] qwen   crows_socioeconomic  s2 L18  st=0.02 null_random    primary red=+0.0023 ok=False
[steer] qwen   crows_socioeconomic  s2 L18  st=0.04 null_random    primary red=-0.0003 ok=False
[steer] qwen   crows_socioeconomic  s2 L26  st=0.02 real           primary red=+0.0083 ok=True
[steer] qwen   crows_socioeconomic  s2 L26  st=0.04 real           primary red=+0.0158 ok=True
[steer] qwen   crows_socioeconomic  s2 L26  st=0.02 null_partition primary red=+0.0015 ok=True
[steer] qwen   crows_socioeconomic  s2 L26  st=0.04 null_partition primary red=+0.0032 ok=True
[steer] qwen   crows_socioeconomic  s2 L26  st=0.02 null_random    primary red=+0.0024 ok=True
[steer] qwen   crows_socioeconomic  s2 L26  st=0.04 null_random    primary red=+0.0030 ok=False
[steer] qwen   crows_socioeconomic  s2 L9   st=0.005 real           supp    red=+0.0040 ok=True
[steer] qwen   crows_socioeconomic  s2 L9   st=0.01 real           supp    red=+0.0035 ok=True
[steer] qwen   crows_socioeconomic  s2 L9   st=0.08 real           supp    red=+0.0324 ok=False
[steer] qwen   crows_socioeconomic  s2 L9   st=0.005 null_partition supp    red=+0.0027 ok=True
[steer] qwen   crows_socioeconomic  s2 L9   st=0.01 null_partition supp    red=+0.0007 ok=True
[steer] qwen   crows_socioeconomic  s2 L9   st=0.08 null_partition supp    red=-0.0183 ok=True
[steer] qwen   crows_socioeconomic  s2 L9   st=0.005 null_random    supp    red=+0.0023 ok=False
[steer] qwen   crows_socioeconomic  s2 L9   st=0.01 null_random    supp    red=+0.0008 ok=False
[steer] qwen   crows_socioeconomic  s2 L9   st=0.08 null_random    supp    red=-0.0472 ok=True
[steer] qwen   crows_socioeconomic  s2 L14  st=0.005 real           supp    red=+0.0020 ok=True
[steer] qwen   crows_socioeconomic  s2 L14  st=0.01 real           supp    red=+0.0012 ok=True
[steer] qwen   crows_socioeconomic  s2 L14  st=0.08 real           supp    red=-0.0088 ok=True
[steer] qwen   crows_socioeconomic  s2 L14  st=0.005 null_partition supp    red=+0.0056 ok=True
[steer] qwen   crows_socioeconomic  s2 L14  st=0.01 null_partition supp    red=+0.0049 ok=True
[steer] qwen   crows_socioeconomic  s2 L14  st=0.08 null_partition supp    red=+0.0060 ok=False
[steer] qwen   crows_socioeconomic  s2 L14  st=0.005 null_random    supp    red=+0.0070 ok=True
[steer] qwen   crows_socioeconomic  s2 L14  st=0.01 null_random    supp    red=+0.0053 ok=True
[steer] qwen   crows_socioeconomic  s2 L14  st=0.08 null_random    supp    red=-0.0134 ok=False
[steer] qwen   crows_socioeconomic  s2 L21  st=0.005 real           supp    red=+0.0047 ok=True
[steer] qwen   crows_socioeconomic  s2 L21  st=0.01 real           supp    red=+0.0059 ok=True
[steer] qwen   crows_socioeconomic  s2 L21  st=0.08 real           supp    red=-0.0082 ok=False
[steer] qwen   crows_socioeconomic  s2 L21  st=0.005 null_partition supp    red=+0.0014 ok=True
[steer] qwen   crows_socioeconomic  s2 L21  st=0.01 null_partition supp    red=+0.0027 ok=True
[steer] qwen   crows_socioeconomic  s2 L21  st=0.08 null_partition supp    red=+0.0057 ok=True
[steer] qwen   crows_socioeconomic  s2 L21  st=0.005 null_random    supp    red=+0.0019 ok=True
[steer] qwen   crows_socioeconomic  s2 L21  st=0.01 null_random    supp    red=+0.0026 ok=True
[steer] qwen   crows_socioeconomic  s2 L21  st=0.08 null_random    supp    red=-0.0035 ok=False
[steer] qwen   crows_socioeconomic  s2 L30  st=0.005 real           supp    red=+0.0017 ok=True
[steer] qwen   crows_socioeconomic  s2 L30  st=0.01 real           supp    red=+0.0028 ok=True
[steer] qwen   crows_socioeconomic  s2 L30  st=0.08 real           supp    red=+0.0063 ok=True
[steer] qwen   crows_socioeconomic  s2 L30  st=0.005 null_partition supp    red=+0.0024 ok=True
[steer] qwen   crows_socioeconomic  s2 L30  st=0.01 null_partition supp    red=+0.0021 ok=True
[steer] qwen   crows_socioeconomic  s2 L30  st=0.08 null_partition supp    red=-0.0003 ok=True
[steer] qwen   crows_socioeconomic  s2 L30  st=0.005 null_random    supp    red=+0.0044 ok=True
[steer] qwen   crows_socioeconomic  s2 L30  st=0.01 null_random    supp    red=+0.0026 ok=True
[steer] qwen   crows_socioeconomic  s2 L30  st=0.08 null_random    supp    red=-0.0002 ok=True
[transformers] This model config has set a `rope_parameters['original_max_position_embeddings']` field, to be used together with `max_position_embeddings` to determine a scaling factor. Please set the `factor` field of `rope_parameters`with this ratio instead -- we recommend the use of this field over `original_max_position_embeddings`, as it is compatible with most model architectures.
Loading weights:   0%|                                                       | 0/195 [00:00<?, ?it/s]Loading weights: 100%|███████████████████████████████████████████| 195/195 [00:00<00:00, 6433.03it/s]
[steer] phi    occ_gender           s0 L16  st=0.02 real           primary red=+0.5919 ok=True
[steer] phi    occ_gender           s0 L16  st=0.04 real           primary red=+0.2816 ok=False
[steer] phi    occ_gender           s0 L16  st=0.02 null_partition primary red=+0.0199 ok=True
[steer] phi    occ_gender           s0 L16  st=0.04 null_partition primary red=+0.0566 ok=True
[steer] phi    occ_gender           s0 L16  st=0.02 null_random    primary red=+0.0138 ok=True
[steer] phi    occ_gender           s0 L16  st=0.04 null_random    primary red=+0.0381 ok=True
[steer] phi    occ_gender           s0 L23  st=0.02 real           primary red=+0.1369 ok=True
[steer] phi    occ_gender           s0 L23  st=0.04 real           primary red=+0.3905 ok=True
[steer] phi    occ_gender           s0 L23  st=0.02 null_partition primary red=-0.0014 ok=True
[steer] phi    occ_gender           s0 L23  st=0.04 null_partition primary red=+0.0130 ok=True
[steer] phi    occ_gender           s0 L23  st=0.02 null_random    primary red=-0.0070 ok=True
[steer] phi    occ_gender           s0 L23  st=0.04 null_random    primary red=-0.0062 ok=True
[steer] phi    occ_gender           s0 L8   st=0.005 real           supp    red=+0.0323 ok=True
[steer] phi    occ_gender           s0 L8   st=0.01 real           supp    red=+0.1618 ok=True
[steer] phi    occ_gender           s0 L8   st=0.08 real           supp    red=+0.7068 ok=False
[steer] phi    occ_gender           s0 L8   st=0.005 null_partition supp    red=-0.0036 ok=True
[steer] phi    occ_gender           s0 L8   st=0.01 null_partition supp    red=+0.0044 ok=True
[steer] phi    occ_gender           s0 L8   st=0.08 null_partition supp    red=+0.0580 ok=False
[steer] phi    occ_gender           s0 L8   st=0.005 null_random    supp    red=-0.0060 ok=True
[steer] phi    occ_gender           s0 L8   st=0.01 null_random    supp    red=-0.0018 ok=True
[steer] phi    occ_gender           s0 L8   st=0.08 null_random    supp    red=+0.1409 ok=False
[steer] phi    occ_gender           s0 L12  st=0.005 real           supp    red=+0.0361 ok=True
[steer] phi    occ_gender           s0 L12  st=0.01 real           supp    red=+0.1576 ok=True
[steer] phi    occ_gender           s0 L12  st=0.08 real           supp    red=+0.6674 ok=False
[steer] phi    occ_gender           s0 L12  st=0.005 null_partition supp    red=-0.0001 ok=True
[steer] phi    occ_gender           s0 L12  st=0.01 null_partition supp    red=+0.0022 ok=True
[steer] phi    occ_gender           s0 L12  st=0.08 null_partition supp    red=+0.0328 ok=True
[steer] phi    occ_gender           s0 L12  st=0.005 null_random    supp    red=-0.0050 ok=True
[steer] phi    occ_gender           s0 L12  st=0.01 null_random    supp    red=-0.0083 ok=True
[steer] phi    occ_gender           s0 L12  st=0.08 null_random    supp    red=-0.0302 ok=False
[steer] phi    occ_gender           s0 L19  st=0.005 real           supp    red=+0.0365 ok=True
[steer] phi    occ_gender           s0 L19  st=0.01 real           supp    red=+0.1267 ok=True
[steer] phi    occ_gender           s0 L19  st=0.08 real           supp    red=+0.7207 ok=False
[steer] phi    occ_gender           s0 L19  st=0.005 null_partition supp    red=-0.0032 ok=True
[steer] phi    occ_gender           s0 L19  st=0.01 null_partition supp    red=+0.0015 ok=True
[steer] phi    occ_gender           s0 L19  st=0.08 null_partition supp    red=+0.0492 ok=True
[steer] phi    occ_gender           s0 L19  st=0.005 null_random    supp    red=-0.0018 ok=True
[steer] phi    occ_gender           s0 L19  st=0.01 null_random    supp    red=+0.0018 ok=True
[steer] phi    occ_gender           s0 L19  st=0.08 null_random    supp    red=+0.0149 ok=True
[steer] phi    occ_gender           s0 L26  st=0.005 real           supp    red=+0.0012 ok=True
[steer] phi    occ_gender           s0 L26  st=0.01 real           supp    red=-0.0040 ok=True
[steer] phi    occ_gender           s0 L26  st=0.08 real           supp    red=+0.3641 ok=True
[steer] phi    occ_gender           s0 L26  st=0.005 null_partition supp    red=-0.0019 ok=True
[steer] phi    occ_gender           s0 L26  st=0.01 null_partition supp    red=-0.0043 ok=True
[steer] phi    occ_gender           s0 L26  st=0.08 null_partition supp    red=+0.0418 ok=True
[steer] phi    occ_gender           s0 L26  st=0.005 null_random    supp    red=+0.0031 ok=True
[steer] phi    occ_gender           s0 L26  st=0.01 null_random    supp    red=+0.0023 ok=True
[steer] phi    occ_gender           s0 L26  st=0.08 null_random    supp    red=+0.0269 ok=True
[steer] phi    occ_gender           s1 L16  st=0.02 real           primary red=+0.5222 ok=True
[steer] phi    occ_gender           s1 L16  st=0.04 real           primary red=+0.3550 ok=False
[steer] phi    occ_gender           s1 L16  st=0.02 null_partition primary red=-0.0042 ok=True
[steer] phi    occ_gender           s1 L16  st=0.04 null_partition primary red=-0.0006 ok=True
[steer] phi    occ_gender           s1 L16  st=0.02 null_random    primary red=+0.0178 ok=True
[steer] phi    occ_gender           s1 L16  st=0.04 null_random    primary red=+0.0493 ok=True
[steer] phi    occ_gender           s1 L23  st=0.02 real           primary red=+0.1398 ok=True
[steer] phi    occ_gender           s1 L23  st=0.04 real           primary red=+0.3851 ok=True
[steer] phi    occ_gender           s1 L23  st=0.02 null_partition primary red=-0.0108 ok=True
[steer] phi    occ_gender           s1 L23  st=0.04 null_partition primary red=-0.0051 ok=True
[steer] phi    occ_gender           s1 L23  st=0.02 null_random    primary red=-0.0025 ok=True
[steer] phi    occ_gender           s1 L23  st=0.04 null_random    primary red=-0.0140 ok=True
[steer] phi    occ_gender           s1 L8   st=0.005 real           supp    red=+0.0323 ok=True
[steer] phi    occ_gender           s1 L8   st=0.01 real           supp    red=+0.1610 ok=True
[steer] phi    occ_gender           s1 L8   st=0.08 real           supp    red=+0.6844 ok=False
[steer] phi    occ_gender           s1 L8   st=0.005 null_partition supp    red=-0.0037 ok=True
[steer] phi    occ_gender           s1 L8   st=0.01 null_partition supp    red=+0.0032 ok=True
[steer] phi    occ_gender           s1 L8   st=0.08 null_partition supp    red=+0.0008 ok=False
[steer] phi    occ_gender           s1 L8   st=0.005 null_random    supp    red=+0.0035 ok=True
[steer] phi    occ_gender           s1 L8   st=0.01 null_random    supp    red=+0.0166 ok=True
[steer] phi    occ_gender           s1 L8   st=0.08 null_random    supp    red=+0.2740 ok=False
[steer] phi    occ_gender           s1 L12  st=0.005 real           supp    red=+0.0346 ok=True
[steer] phi    occ_gender           s1 L12  st=0.01 real           supp    red=+0.1490 ok=True
[steer] phi    occ_gender           s1 L12  st=0.08 real           supp    red=+0.7020 ok=False
[steer] phi    occ_gender           s1 L12  st=0.005 null_partition supp    red=+0.0026 ok=True
[steer] phi    occ_gender           s1 L12  st=0.01 null_partition supp    red=+0.0048 ok=True
[steer] phi    occ_gender           s1 L12  st=0.08 null_partition supp    red=+0.0689 ok=False
[steer] phi    occ_gender           s1 L12  st=0.005 null_random    supp    red=-0.0079 ok=True
[steer] phi    occ_gender           s1 L12  st=0.01 null_random    supp    red=-0.0067 ok=True
[steer] phi    occ_gender           s1 L12  st=0.08 null_random    supp    red=+0.0524 ok=False
[steer] phi    occ_gender           s1 L19  st=0.005 real           supp    red=+0.0345 ok=True
[steer] phi    occ_gender           s1 L19  st=0.01 real           supp    red=+0.1243 ok=True
[steer] phi    occ_gender           s1 L19  st=0.08 real           supp    red=+0.7194 ok=False
[steer] phi    occ_gender           s1 L19  st=0.005 null_partition supp    red=-0.0046 ok=True
[steer] phi    occ_gender           s1 L19  st=0.01 null_partition supp    red=-0.0029 ok=True
[steer] phi    occ_gender           s1 L19  st=0.08 null_partition supp    red=-0.0104 ok=True
[steer] phi    occ_gender           s1 L19  st=0.005 null_random    supp    red=-0.0027 ok=True
[steer] phi    occ_gender           s1 L19  st=0.01 null_random    supp    red=+0.0010 ok=True
[steer] phi    occ_gender           s1 L19  st=0.08 null_random    supp    red=+0.0077 ok=True
[steer] phi    occ_gender           s1 L26  st=0.005 real           supp    red=-0.0073 ok=True
[steer] phi    occ_gender           s1 L26  st=0.01 real           supp    red=-0.0018 ok=True
[steer] phi    occ_gender           s1 L26  st=0.08 real           supp    red=+0.3884 ok=True
[steer] phi    occ_gender           s1 L26  st=0.005 null_partition supp    red=-0.0015 ok=True
[steer] phi    occ_gender           s1 L26  st=0.01 null_partition supp    red=-0.0026 ok=True
[steer] phi    occ_gender           s1 L26  st=0.08 null_partition supp    red=+0.0053 ok=True
[steer] phi    occ_gender           s1 L26  st=0.005 null_random    supp    red=-0.0010 ok=True
[steer] phi    occ_gender           s1 L26  st=0.01 null_random    supp    red=-0.0025 ok=True
[steer] phi    occ_gender           s1 L26  st=0.08 null_random    supp    red=-0.0056 ok=True
[steer] phi    occ_gender           s2 L16  st=0.02 real           primary red=+0.4708 ok=True
[steer] phi    occ_gender           s2 L16  st=0.04 real           primary red=+0.5019 ok=True
[steer] phi    occ_gender           s2 L16  st=0.02 null_partition primary red=+0.0107 ok=True
[steer] phi    occ_gender           s2 L16  st=0.04 null_partition primary red=+0.0125 ok=True
[steer] phi    occ_gender           s2 L16  st=0.02 null_random    primary red=+0.0039 ok=True
[steer] phi    occ_gender           s2 L16  st=0.04 null_random    primary red=+0.0003 ok=True
[steer] phi    occ_gender           s2 L23  st=0.02 real           primary red=+0.1250 ok=True
[steer] phi    occ_gender           s2 L23  st=0.04 real           primary red=+0.3572 ok=True
[steer] phi    occ_gender           s2 L23  st=0.02 null_partition primary red=-0.0004 ok=True
[steer] phi    occ_gender           s2 L23  st=0.04 null_partition primary red=+0.0138 ok=True
[steer] phi    occ_gender           s2 L23  st=0.02 null_random    primary red=+0.0121 ok=True
[steer] phi    occ_gender           s2 L23  st=0.04 null_random    primary red=+0.0143 ok=True
[steer] phi    occ_gender           s2 L8   st=0.005 real           supp    red=+0.0211 ok=True
[steer] phi    occ_gender           s2 L8   st=0.01 real           supp    red=+0.1371 ok=True
[steer] phi    occ_gender           s2 L8   st=0.08 real           supp    red=+0.7152 ok=False
[steer] phi    occ_gender           s2 L8   st=0.005 null_partition supp    red=+0.0005 ok=True
[steer] phi    occ_gender           s2 L8   st=0.01 null_partition supp    red=+0.0066 ok=True
[steer] phi    occ_gender           s2 L8   st=0.08 null_partition supp    red=+0.2986 ok=False
[steer] phi    occ_gender           s2 L8   st=0.005 null_random    supp    red=+0.0061 ok=True
[steer] phi    occ_gender           s2 L8   st=0.01 null_random    supp    red=-0.0034 ok=True
[steer] phi    occ_gender           s2 L8   st=0.08 null_random    supp    red=+0.3182 ok=False
[steer] phi    occ_gender           s2 L12  st=0.005 real           supp    red=+0.0299 ok=True
[steer] phi    occ_gender           s2 L12  st=0.01 real           supp    red=+0.1508 ok=True
[steer] phi    occ_gender           s2 L12  st=0.08 real           supp    red=+0.6979 ok=False
[steer] phi    occ_gender           s2 L12  st=0.005 null_partition supp    red=+0.0076 ok=True
[steer] phi    occ_gender           s2 L12  st=0.01 null_partition supp    red=+0.0060 ok=True
[steer] phi    occ_gender           s2 L12  st=0.08 null_partition supp    red=+0.1131 ok=False
[steer] phi    occ_gender           s2 L12  st=0.005 null_random    supp    red=+0.0014 ok=True
[steer] phi    occ_gender           s2 L12  st=0.01 null_random    supp    red=-0.0005 ok=True
[steer] phi    occ_gender           s2 L12  st=0.08 null_random    supp    red=+0.1201 ok=False
[steer] phi    occ_gender           s2 L19  st=0.005 real           supp    red=+0.0318 ok=True
[steer] phi    occ_gender           s2 L19  st=0.01 real           supp    red=+0.1052 ok=True
[steer] phi    occ_gender           s2 L19  st=0.08 real           supp    red=+0.7184 ok=False
[steer] phi    occ_gender           s2 L19  st=0.005 null_partition supp    red=-0.0023 ok=True
[steer] phi    occ_gender           s2 L19  st=0.01 null_partition supp    red=+0.0010 ok=True
[steer] phi    occ_gender           s2 L19  st=0.08 null_partition supp    red=+0.0504 ok=True
[steer] phi    occ_gender           s2 L19  st=0.005 null_random    supp    red=-0.0063 ok=True
[steer] phi    occ_gender           s2 L19  st=0.01 null_random    supp    red=-0.0097 ok=True
[steer] phi    occ_gender           s2 L19  st=0.08 null_random    supp    red=-0.0148 ok=True
[steer] phi    occ_gender           s2 L26  st=0.005 real           supp    red=-0.0090 ok=True
[steer] phi    occ_gender           s2 L26  st=0.01 real           supp    red=-0.0054 ok=True
[steer] phi    occ_gender           s2 L26  st=0.08 real           supp    red=+0.2548 ok=True
[steer] phi    occ_gender           s2 L26  st=0.005 null_partition supp    red=-0.0014 ok=True
[steer] phi    occ_gender           s2 L26  st=0.01 null_partition supp    red=+0.0013 ok=True
[steer] phi    occ_gender           s2 L26  st=0.08 null_partition supp    red=+0.0092 ok=True
[steer] phi    occ_gender           s2 L26  st=0.005 null_random    supp    red=-0.0034 ok=True
[steer] phi    occ_gender           s2 L26  st=0.01 null_random    supp    red=+0.0034 ok=True
[steer] phi    occ_gender           s2 L26  st=0.08 null_random    supp    red=+0.0309 ok=True
[steer] phi    crows_socioeconomic  s0 L16  st=0.02 real           primary red=+0.0085 ok=True
[steer] phi    crows_socioeconomic  s0 L16  st=0.04 real           primary red=+0.0227 ok=True
[steer] phi    crows_socioeconomic  s0 L16  st=0.02 null_partition primary red=+0.0005 ok=True
[steer] phi    crows_socioeconomic  s0 L16  st=0.04 null_partition primary red=-0.0019 ok=True
[steer] phi    crows_socioeconomic  s0 L16  st=0.02 null_random    primary red=+0.0092 ok=True
[steer] phi    crows_socioeconomic  s0 L16  st=0.04 null_random    primary red=+0.0179 ok=True
[steer] phi    crows_socioeconomic  s0 L23  st=0.02 real           primary red=+0.0213 ok=True
[steer] phi    crows_socioeconomic  s0 L23  st=0.04 real           primary red=+0.0341 ok=True
[steer] phi    crows_socioeconomic  s0 L23  st=0.02 null_partition primary red=-0.0044 ok=True
[steer] phi    crows_socioeconomic  s0 L23  st=0.04 null_partition primary red=-0.0002 ok=True
[steer] phi    crows_socioeconomic  s0 L23  st=0.02 null_random    primary red=+0.0002 ok=True
[steer] phi    crows_socioeconomic  s0 L23  st=0.04 null_random    primary red=-0.0037 ok=True
[steer] phi    crows_socioeconomic  s0 L8   st=0.005 real           supp    red=+0.0008 ok=True
[steer] phi    crows_socioeconomic  s0 L8   st=0.01 real           supp    red=+0.0029 ok=True
[steer] phi    crows_socioeconomic  s0 L8   st=0.08 real           supp    red=+0.0120 ok=False
[steer] phi    crows_socioeconomic  s0 L8   st=0.005 null_partition supp    red=+0.0004 ok=True
[steer] phi    crows_socioeconomic  s0 L8   st=0.01 null_partition supp    red=+0.0016 ok=True
[steer] phi    crows_socioeconomic  s0 L8   st=0.08 null_partition supp    red=+0.0113 ok=False
[steer] phi    crows_socioeconomic  s0 L8   st=0.005 null_random    supp    red=+0.0052 ok=True
[steer] phi    crows_socioeconomic  s0 L8   st=0.01 null_random    supp    red=+0.0021 ok=True
[steer] phi    crows_socioeconomic  s0 L8   st=0.08 null_random    supp    red=+0.0449 ok=False
[steer] phi    crows_socioeconomic  s0 L12  st=0.005 real           supp    red=+0.0033 ok=True
[steer] phi    crows_socioeconomic  s0 L12  st=0.01 real           supp    red=-0.0021 ok=True
[steer] phi    crows_socioeconomic  s0 L12  st=0.08 real           supp    red=+0.0307 ok=False
[steer] phi    crows_socioeconomic  s0 L12  st=0.005 null_partition supp    red=+0.0003 ok=True
[steer] phi    crows_socioeconomic  s0 L12  st=0.01 null_partition supp    red=+0.0024 ok=True
[steer] phi    crows_socioeconomic  s0 L12  st=0.08 null_partition supp    red=+0.0070 ok=True
[steer] phi    crows_socioeconomic  s0 L12  st=0.005 null_random    supp    red=+0.0016 ok=True
[steer] phi    crows_socioeconomic  s0 L12  st=0.01 null_random    supp    red=+0.0042 ok=True
[steer] phi    crows_socioeconomic  s0 L12  st=0.08 null_random    supp    red=+0.0051 ok=False
[steer] phi    crows_socioeconomic  s0 L19  st=0.005 real           supp    red=+0.0029 ok=True
[steer] phi    crows_socioeconomic  s0 L19  st=0.01 real           supp    red=+0.0068 ok=True
[steer] phi    crows_socioeconomic  s0 L19  st=0.08 real           supp    red=+0.0600 ok=True
[steer] phi    crows_socioeconomic  s0 L19  st=0.005 null_partition supp    red=+0.0040 ok=True
[steer] phi    crows_socioeconomic  s0 L19  st=0.01 null_partition supp    red=+0.0053 ok=True
[steer] phi    crows_socioeconomic  s0 L19  st=0.08 null_partition supp    red=+0.0046 ok=True
[steer] phi    crows_socioeconomic  s0 L19  st=0.005 null_random    supp    red=+0.0050 ok=True
[steer] phi    crows_socioeconomic  s0 L19  st=0.01 null_random    supp    red=+0.0051 ok=True
[steer] phi    crows_socioeconomic  s0 L19  st=0.08 null_random    supp    red=+0.0409 ok=True
[steer] phi    crows_socioeconomic  s0 L26  st=0.005 real           supp    red=+0.0068 ok=True
[steer] phi    crows_socioeconomic  s0 L26  st=0.01 real           supp    red=+0.0151 ok=True
[steer] phi    crows_socioeconomic  s0 L26  st=0.08 real           supp    red=+0.0849 ok=True
[steer] phi    crows_socioeconomic  s0 L26  st=0.005 null_partition supp    red=+0.0047 ok=True
[steer] phi    crows_socioeconomic  s0 L26  st=0.01 null_partition supp    red=-0.0038 ok=True
[steer] phi    crows_socioeconomic  s0 L26  st=0.08 null_partition supp    red=+0.0064 ok=True
[steer] phi    crows_socioeconomic  s0 L26  st=0.005 null_random    supp    red=+0.0044 ok=True
[steer] phi    crows_socioeconomic  s0 L26  st=0.01 null_random    supp    red=+0.0008 ok=True
[steer] phi    crows_socioeconomic  s0 L26  st=0.08 null_random    supp    red=+0.0170 ok=True
[steer] phi    crows_socioeconomic  s1 L16  st=0.02 real           primary red=+0.0114 ok=True
[steer] phi    crows_socioeconomic  s1 L16  st=0.04 real           primary red=+0.0181 ok=True
[steer] phi    crows_socioeconomic  s1 L16  st=0.02 null_partition primary red=+0.0006 ok=True
[steer] phi    crows_socioeconomic  s1 L16  st=0.04 null_partition primary red=+0.0014 ok=True
[steer] phi    crows_socioeconomic  s1 L16  st=0.02 null_random    primary red=+0.0006 ok=True
[steer] phi    crows_socioeconomic  s1 L16  st=0.04 null_random    primary red=+0.0047 ok=True
[steer] phi    crows_socioeconomic  s1 L23  st=0.02 real           primary red=+0.0133 ok=True
[steer] phi    crows_socioeconomic  s1 L23  st=0.04 real           primary red=+0.0246 ok=True
[steer] phi    crows_socioeconomic  s1 L23  st=0.02 null_partition primary red=+0.0005 ok=True
[steer] phi    crows_socioeconomic  s1 L23  st=0.04 null_partition primary red=-0.0129 ok=True
[steer] phi    crows_socioeconomic  s1 L23  st=0.02 null_random    primary red=+0.0046 ok=True
[steer] phi    crows_socioeconomic  s1 L23  st=0.04 null_random    primary red=+0.0121 ok=True
[steer] phi    crows_socioeconomic  s1 L8   st=0.005 real           supp    red=+0.0053 ok=True
[steer] phi    crows_socioeconomic  s1 L8   st=0.01 real           supp    red=+0.0050 ok=True
[steer] phi    crows_socioeconomic  s1 L8   st=0.08 real           supp    red=+0.0068 ok=False
[steer] phi    crows_socioeconomic  s1 L8   st=0.005 null_partition supp    red=+0.0028 ok=True
[steer] phi    crows_socioeconomic  s1 L8   st=0.01 null_partition supp    red=+0.0020 ok=True
[steer] phi    crows_socioeconomic  s1 L8   st=0.08 null_partition supp    red=+0.0022 ok=False
[steer] phi    crows_socioeconomic  s1 L8   st=0.005 null_random    supp    red=+0.0011 ok=True
[steer] phi    crows_socioeconomic  s1 L8   st=0.01 null_random    supp    red=-0.0035 ok=True
[steer] phi    crows_socioeconomic  s1 L8   st=0.08 null_random    supp    red=+0.0405 ok=False
[steer] phi    crows_socioeconomic  s1 L12  st=0.005 real           supp    red=+0.0026 ok=True
[steer] phi    crows_socioeconomic  s1 L12  st=0.01 real           supp    red=-0.0005 ok=True
[steer] phi    crows_socioeconomic  s1 L12  st=0.08 real           supp    red=+0.0175 ok=False
[steer] phi    crows_socioeconomic  s1 L12  st=0.005 null_partition supp    red=+0.0035 ok=True
[steer] phi    crows_socioeconomic  s1 L12  st=0.01 null_partition supp    red=+0.0043 ok=True
[steer] phi    crows_socioeconomic  s1 L12  st=0.08 null_partition supp    red=+0.0083 ok=True
[steer] phi    crows_socioeconomic  s1 L12  st=0.005 null_random    supp    red=+0.0026 ok=True
[steer] phi    crows_socioeconomic  s1 L12  st=0.01 null_random    supp    red=+0.0025 ok=True
[steer] phi    crows_socioeconomic  s1 L12  st=0.08 null_random    supp    red=+0.0036 ok=False
[steer] phi    crows_socioeconomic  s1 L19  st=0.005 real           supp    red=+0.0034 ok=True
[steer] phi    crows_socioeconomic  s1 L19  st=0.01 real           supp    red=+0.0048 ok=True
[steer] phi    crows_socioeconomic  s1 L19  st=0.08 real           supp    red=+0.0425 ok=True
[steer] phi    crows_socioeconomic  s1 L19  st=0.005 null_partition supp    red=+0.0017 ok=True
[steer] phi    crows_socioeconomic  s1 L19  st=0.01 null_partition supp    red=-0.0009 ok=True
[steer] phi    crows_socioeconomic  s1 L19  st=0.08 null_partition supp    red=-0.0016 ok=True
[steer] phi    crows_socioeconomic  s1 L19  st=0.005 null_random    supp    red=+0.0069 ok=True
[steer] phi    crows_socioeconomic  s1 L19  st=0.01 null_random    supp    red=+0.0060 ok=True
[steer] phi    crows_socioeconomic  s1 L19  st=0.08 null_random    supp    red=+0.0645 ok=True
[steer] phi    crows_socioeconomic  s1 L26  st=0.005 real           supp    red=+0.0018 ok=True
[steer] phi    crows_socioeconomic  s1 L26  st=0.01 real           supp    red=+0.0095 ok=True
[steer] phi    crows_socioeconomic  s1 L26  st=0.08 real           supp    red=+0.0646 ok=True
[steer] phi    crows_socioeconomic  s1 L26  st=0.005 null_partition supp    red=+0.0027 ok=True
[steer] phi    crows_socioeconomic  s1 L26  st=0.01 null_partition supp    red=+0.0009 ok=True
[steer] phi    crows_socioeconomic  s1 L26  st=0.08 null_partition supp    red=-0.0050 ok=True
[steer] phi    crows_socioeconomic  s1 L26  st=0.005 null_random    supp    red=-0.0067 ok=True
[steer] phi    crows_socioeconomic  s1 L26  st=0.01 null_random    supp    red=+0.0034 ok=True
[steer] phi    crows_socioeconomic  s1 L26  st=0.08 null_random    supp    red=+0.0175 ok=True
[steer] phi    crows_socioeconomic  s2 L16  st=0.02 real           primary red=+0.0038 ok=True
[steer] phi    crows_socioeconomic  s2 L16  st=0.04 real           primary red=+0.0075 ok=True
[steer] phi    crows_socioeconomic  s2 L16  st=0.02 null_partition primary red=-0.0019 ok=True
[steer] phi    crows_socioeconomic  s2 L16  st=0.04 null_partition primary red=+0.0031 ok=True
[steer] phi    crows_socioeconomic  s2 L16  st=0.02 null_random    primary red=-0.0038 ok=True
[steer] phi    crows_socioeconomic  s2 L16  st=0.04 null_random    primary red=-0.0109 ok=True
[steer] phi    crows_socioeconomic  s2 L23  st=0.02 real           primary red=+0.0189 ok=True
[steer] phi    crows_socioeconomic  s2 L23  st=0.04 real           primary red=+0.0288 ok=True
[steer] phi    crows_socioeconomic  s2 L23  st=0.02 null_partition primary red=-0.0013 ok=True
[steer] phi    crows_socioeconomic  s2 L23  st=0.04 null_partition primary red=+0.0098 ok=True
[steer] phi    crows_socioeconomic  s2 L23  st=0.02 null_random    primary red=-0.0096 ok=True
[steer] phi    crows_socioeconomic  s2 L23  st=0.04 null_random    primary red=-0.0146 ok=True
[steer] phi    crows_socioeconomic  s2 L8   st=0.005 real           supp    red=+0.0004 ok=True
[steer] phi    crows_socioeconomic  s2 L8   st=0.01 real           supp    red=+0.0059 ok=True
[steer] phi    crows_socioeconomic  s2 L8   st=0.08 real           supp    red=+0.0093 ok=False
[steer] phi    crows_socioeconomic  s2 L8   st=0.005 null_partition supp    red=-0.0026 ok=True
[steer] phi    crows_socioeconomic  s2 L8   st=0.01 null_partition supp    red=+0.0040 ok=False
[steer] phi    crows_socioeconomic  s2 L8   st=0.08 null_partition supp    red=+0.0174 ok=False
[steer] phi    crows_socioeconomic  s2 L8   st=0.005 null_random    supp    red=+0.0009 ok=True
[steer] phi    crows_socioeconomic  s2 L8   st=0.01 null_random    supp    red=+0.0044 ok=True
[steer] phi    crows_socioeconomic  s2 L8   st=0.08 null_random    supp    red=+0.0320 ok=False
[steer] phi    crows_socioeconomic  s2 L12  st=0.005 real           supp    red=+0.0014 ok=True
[steer] phi    crows_socioeconomic  s2 L12  st=0.01 real           supp    red=+0.0008 ok=True
[steer] phi    crows_socioeconomic  s2 L12  st=0.08 real           supp    red=+0.0308 ok=False
[steer] phi    crows_socioeconomic  s2 L12  st=0.005 null_partition supp    red=+0.0032 ok=True
[steer] phi    crows_socioeconomic  s2 L12  st=0.01 null_partition supp    red=+0.0032 ok=True
[steer] phi    crows_socioeconomic  s2 L12  st=0.08 null_partition supp    red=+0.0055 ok=False
[steer] phi    crows_socioeconomic  s2 L12  st=0.005 null_random    supp    red=+0.0038 ok=True
[steer] phi    crows_socioeconomic  s2 L12  st=0.01 null_random    supp    red=-0.0020 ok=True
[steer] phi    crows_socioeconomic  s2 L12  st=0.08 null_random    supp    red=-0.0096 ok=False
[steer] phi    crows_socioeconomic  s2 L19  st=0.005 real           supp    red=+0.0035 ok=True
[steer] phi    crows_socioeconomic  s2 L19  st=0.01 real           supp    red=+0.0041 ok=True
[steer] phi    crows_socioeconomic  s2 L19  st=0.08 real           supp    red=+0.0430 ok=True
[steer] phi    crows_socioeconomic  s2 L19  st=0.005 null_partition supp    red=+0.0025 ok=True
[steer] phi    crows_socioeconomic  s2 L19  st=0.01 null_partition supp    red=-0.0005 ok=True
[steer] phi    crows_socioeconomic  s2 L19  st=0.08 null_partition supp    red=+0.0101 ok=True
[steer] phi    crows_socioeconomic  s2 L19  st=0.005 null_random    supp    red=+0.0049 ok=True
[steer] phi    crows_socioeconomic  s2 L19  st=0.01 null_random    supp    red=-0.0034 ok=True
[steer] phi    crows_socioeconomic  s2 L19  st=0.08 null_random    supp    red=-0.0027 ok=True
[steer] phi    crows_socioeconomic  s2 L26  st=0.005 real           supp    red=+0.0066 ok=True
[steer] phi    crows_socioeconomic  s2 L26  st=0.01 real           supp    red=+0.0087 ok=True
[steer] phi    crows_socioeconomic  s2 L26  st=0.08 real           supp    red=+0.0719 ok=True
[steer] phi    crows_socioeconomic  s2 L26  st=0.005 null_partition supp    red=+0.0008 ok=True
[steer] phi    crows_socioeconomic  s2 L26  st=0.01 null_partition supp    red=+0.0029 ok=True
[steer] phi    crows_socioeconomic  s2 L26  st=0.08 null_partition supp    red=+0.0325 ok=True
[steer] phi    crows_socioeconomic  s2 L26  st=0.005 null_random    supp    red=+0.0055 ok=True
[steer] phi    crows_socioeconomic  s2 L26  st=0.01 null_random    supp    red=+0.0082 ok=True
[steer] phi    crows_socioeconomic  s2 L26  st=0.08 null_random    supp    red=+0.0368 ok=True
Loading weights:   0%|                                                       | 0/288 [00:00<?, ?it/s]Loading weights: 100%|███████████████████████████████████████████| 288/288 [00:00<00:00, 6688.78it/s]
[steer] gemma  occ_gender           s0 L12  st=0.02 real           primary red=+0.1237 ok=True
[steer] gemma  occ_gender           s0 L12  st=0.04 real           primary red=+0.5141 ok=True
[steer] gemma  occ_gender           s0 L12  st=0.02 null_partition primary red=+0.0100 ok=True
[steer] gemma  occ_gender           s0 L12  st=0.04 null_partition primary red=+0.0207 ok=True
[steer] gemma  occ_gender           s0 L12  st=0.02 null_random    primary red=-0.0038 ok=True
[steer] gemma  occ_gender           s0 L12  st=0.04 null_random    primary red=-0.0055 ok=True
[steer] gemma  occ_gender           s0 L19  st=0.02 real           primary red=+0.2674 ok=True
[steer] gemma  occ_gender           s0 L19  st=0.04 real           primary red=+0.6747 ok=True
[steer] gemma  occ_gender           s0 L19  st=0.02 null_partition primary red=+0.0109 ok=True
[steer] gemma  occ_gender           s0 L19  st=0.04 null_partition primary red=+0.0258 ok=True
[steer] gemma  occ_gender           s0 L19  st=0.02 null_random    primary red=-0.0031 ok=True
[steer] gemma  occ_gender           s0 L19  st=0.04 null_random    primary red=-0.0036 ok=True
[steer] gemma  occ_gender           s0 L6   st=0.005 real           supp    red=-0.0088 ok=True
[steer] gemma  occ_gender           s0 L6   st=0.01 real           supp    red=-0.0123 ok=True
[steer] gemma  occ_gender           s0 L6   st=0.08 real           supp    red=+0.6346 ok=True
[steer] gemma  occ_gender           s0 L6   st=0.005 null_partition supp    red=+0.0012 ok=True
[steer] gemma  occ_gender           s0 L6   st=0.01 null_partition supp    red=+0.0018 ok=True
[steer] gemma  occ_gender           s0 L6   st=0.08 null_partition supp    red=+0.0262 ok=True
[steer] gemma  occ_gender           s0 L6   st=0.005 null_random    supp    red=-0.0009 ok=True
[steer] gemma  occ_gender           s0 L6   st=0.01 null_random    supp    red=-0.0014 ok=True
[steer] gemma  occ_gender           s0 L6   st=0.08 null_random    supp    red=-0.0043 ok=True
[steer] gemma  occ_gender           s0 L10  st=0.005 real           supp    red=-0.0069 ok=True
[steer] gemma  occ_gender           s0 L10  st=0.01 real           supp    red=-0.0021 ok=True
[steer] gemma  occ_gender           s0 L10  st=0.08 real           supp    red=+0.7879 ok=True
[steer] gemma  occ_gender           s0 L10  st=0.005 null_partition supp    red=+0.0039 ok=True
[steer] gemma  occ_gender           s0 L10  st=0.01 null_partition supp    red=+0.0022 ok=True
[steer] gemma  occ_gender           s0 L10  st=0.08 null_partition supp    red=+0.0353 ok=False
[steer] gemma  occ_gender           s0 L10  st=0.005 null_random    supp    red=+0.0017 ok=True
[steer] gemma  occ_gender           s0 L10  st=0.01 null_random    supp    red=+0.0007 ok=True
[steer] gemma  occ_gender           s0 L10  st=0.08 null_random    supp    red=-0.0010 ok=True
[steer] gemma  occ_gender           s0 L15  st=0.005 real           supp    red=-0.0020 ok=True
[steer] gemma  occ_gender           s0 L15  st=0.01 real           supp    red=+0.0421 ok=True
[steer] gemma  occ_gender           s0 L15  st=0.08 real           supp    red=+0.8490 ok=True
[steer] gemma  occ_gender           s0 L15  st=0.005 null_partition supp    red=+0.0041 ok=True
[steer] gemma  occ_gender           s0 L15  st=0.01 null_partition supp    red=+0.0058 ok=True
[steer] gemma  occ_gender           s0 L15  st=0.08 null_partition supp    red=+0.0827 ok=True
[steer] gemma  occ_gender           s0 L15  st=0.005 null_random    supp    red=+0.0014 ok=True
[steer] gemma  occ_gender           s0 L15  st=0.01 null_random    supp    red=+0.0044 ok=True
[steer] gemma  occ_gender           s0 L15  st=0.08 null_random    supp    red=+0.0497 ok=True
[steer] gemma  occ_gender           s0 L21  st=0.005 real           supp    red=-0.0067 ok=True
[steer] gemma  occ_gender           s0 L21  st=0.01 real           supp    red=-0.0103 ok=True
[steer] gemma  occ_gender           s0 L21  st=0.08 real           supp    red=+0.3777 ok=True
[steer] gemma  occ_gender           s0 L21  st=0.005 null_partition supp    red=+0.0002 ok=True
[steer] gemma  occ_gender           s0 L21  st=0.01 null_partition supp    red=+0.0027 ok=True
[steer] gemma  occ_gender           s0 L21  st=0.08 null_partition supp    red=+0.0262 ok=True
[steer] gemma  occ_gender           s0 L21  st=0.005 null_random    supp    red=+0.0017 ok=True
[steer] gemma  occ_gender           s0 L21  st=0.01 null_random    supp    red=-0.0001 ok=True
[steer] gemma  occ_gender           s0 L21  st=0.08 null_random    supp    red=+0.0122 ok=True
[steer] gemma  occ_gender           s1 L12  st=0.02 real           primary red=+0.1248 ok=True
[steer] gemma  occ_gender           s1 L12  st=0.04 real           primary red=+0.5157 ok=True
[steer] gemma  occ_gender           s1 L12  st=0.02 null_partition primary red=+0.0007 ok=True
[steer] gemma  occ_gender           s1 L12  st=0.04 null_partition primary red=+0.0027 ok=False
[steer] gemma  occ_gender           s1 L12  st=0.02 null_random    primary red=+0.0011 ok=True
[steer] gemma  occ_gender           s1 L12  st=0.04 null_random    primary red=-0.0005 ok=True
[steer] gemma  occ_gender           s1 L19  st=0.02 real           primary red=+0.2768 ok=True
[steer] gemma  occ_gender           s1 L19  st=0.04 real           primary red=+0.6851 ok=True
[steer] gemma  occ_gender           s1 L19  st=0.02 null_partition primary red=+0.0019 ok=True
[steer] gemma  occ_gender           s1 L19  st=0.04 null_partition primary red=+0.0026 ok=True
[steer] gemma  occ_gender           s1 L19  st=0.02 null_random    primary red=+0.0029 ok=True
[steer] gemma  occ_gender           s1 L19  st=0.04 null_random    primary red=+0.0048 ok=True
[steer] gemma  occ_gender           s1 L6   st=0.005 real           supp    red=-0.0076 ok=True
[steer] gemma  occ_gender           s1 L6   st=0.01 real           supp    red=-0.0119 ok=True
[steer] gemma  occ_gender           s1 L6   st=0.08 real           supp    red=+0.6570 ok=True
[steer] gemma  occ_gender           s1 L6   st=0.005 null_partition supp    red=-0.0011 ok=True
[steer] gemma  occ_gender           s1 L6   st=0.01 null_partition supp    red=-0.0002 ok=True
[steer] gemma  occ_gender           s1 L6   st=0.08 null_partition supp    red=+0.0061 ok=True
[steer] gemma  occ_gender           s1 L6   st=0.005 null_random    supp    red=-0.0019 ok=True
[steer] gemma  occ_gender           s1 L6   st=0.01 null_random    supp    red=-0.0010 ok=True
[steer] gemma  occ_gender           s1 L6   st=0.08 null_random    supp    red=+0.0011 ok=True
[steer] gemma  occ_gender           s1 L10  st=0.005 real           supp    red=-0.0063 ok=True
[steer] gemma  occ_gender           s1 L10  st=0.01 real           supp    red=+0.0012 ok=True
[steer] gemma  occ_gender           s1 L10  st=0.08 real           supp    red=+0.8042 ok=True
[steer] gemma  occ_gender           s1 L10  st=0.005 null_partition supp    red=-0.0001 ok=True
[steer] gemma  occ_gender           s1 L10  st=0.01 null_partition supp    red=+0.0013 ok=True
[steer] gemma  occ_gender           s1 L10  st=0.08 null_partition supp    red=+0.0089 ok=False
[steer] gemma  occ_gender           s1 L10  st=0.005 null_random    supp    red=-0.0002 ok=True
[steer] gemma  occ_gender           s1 L10  st=0.01 null_random    supp    red=+0.0020 ok=True
[steer] gemma  occ_gender           s1 L10  st=0.08 null_random    supp    red=+0.0151 ok=True
[steer] gemma  occ_gender           s1 L15  st=0.005 real           supp    red=+0.0010 ok=True
[steer] gemma  occ_gender           s1 L15  st=0.01 real           supp    red=+0.0465 ok=True
[steer] gemma  occ_gender           s1 L15  st=0.08 real           supp    red=+0.8504 ok=True
[steer] gemma  occ_gender           s1 L15  st=0.005 null_partition supp    red=-0.0002 ok=True
[steer] gemma  occ_gender           s1 L15  st=0.01 null_partition supp    red=+0.0017 ok=True
[steer] gemma  occ_gender           s1 L15  st=0.08 null_partition supp    red=+0.0061 ok=True
[steer] gemma  occ_gender           s1 L15  st=0.005 null_random    supp    red=-0.0021 ok=True
[steer] gemma  occ_gender           s1 L15  st=0.01 null_random    supp    red=-0.0031 ok=True
[steer] gemma  occ_gender           s1 L15  st=0.08 null_random    supp    red=-0.0043 ok=True
[steer] gemma  occ_gender           s1 L21  st=0.005 real           supp    red=-0.0086 ok=True
[steer] gemma  occ_gender           s1 L21  st=0.01 real           supp    red=-0.0100 ok=True
[steer] gemma  occ_gender           s1 L21  st=0.08 real           supp    red=+0.3796 ok=True
[steer] gemma  occ_gender           s1 L21  st=0.005 null_partition supp    red=+0.0007 ok=True
[steer] gemma  occ_gender           s1 L21  st=0.01 null_partition supp    red=+0.0002 ok=True
[steer] gemma  occ_gender           s1 L21  st=0.08 null_partition supp    red=-0.0034 ok=True
[steer] gemma  occ_gender           s1 L21  st=0.005 null_random    supp    red=+0.0007 ok=True
[steer] gemma  occ_gender           s1 L21  st=0.01 null_random    supp    red=+0.0025 ok=True
[steer] gemma  occ_gender           s1 L21  st=0.08 null_random    supp    red=+0.0056 ok=True
[steer] gemma  occ_gender           s2 L12  st=0.02 real           primary red=+0.1218 ok=True
[steer] gemma  occ_gender           s2 L12  st=0.04 real           primary red=+0.5106 ok=True
[steer] gemma  occ_gender           s2 L12  st=0.02 null_partition primary red=+0.0089 ok=True
[steer] gemma  occ_gender           s2 L12  st=0.04 null_partition primary red=+0.0221 ok=True
[steer] gemma  occ_gender           s2 L12  st=0.02 null_random    primary red=+0.0056 ok=True
[steer] gemma  occ_gender           s2 L12  st=0.04 null_random    primary red=+0.0042 ok=True
[steer] gemma  occ_gender           s2 L19  st=0.02 real           primary red=+0.2762 ok=True
[steer] gemma  occ_gender           s2 L19  st=0.04 real           primary red=+0.6814 ok=True
[steer] gemma  occ_gender           s2 L19  st=0.02 null_partition primary red=+0.0138 ok=True
[steer] gemma  occ_gender           s2 L19  st=0.04 null_partition primary red=+0.0285 ok=True
[steer] gemma  occ_gender           s2 L19  st=0.02 null_random    primary red=-0.0038 ok=True
[steer] gemma  occ_gender           s2 L19  st=0.04 null_random    primary red=-0.0066 ok=True
[steer] gemma  occ_gender           s2 L6   st=0.005 real           supp    red=-0.0087 ok=True
[steer] gemma  occ_gender           s2 L6   st=0.01 real           supp    red=-0.0115 ok=True
[steer] gemma  occ_gender           s2 L6   st=0.08 real           supp    red=+0.6611 ok=True
[steer] gemma  occ_gender           s2 L6   st=0.005 null_partition supp    red=-0.0002 ok=True
[steer] gemma  occ_gender           s2 L6   st=0.01 null_partition supp    red=+0.0035 ok=True
[steer] gemma  occ_gender           s2 L6   st=0.08 null_partition supp    red=+0.0215 ok=True
[steer] gemma  occ_gender           s2 L6   st=0.005 null_random    supp    red=-0.0004 ok=True
[steer] gemma  occ_gender           s2 L6   st=0.01 null_random    supp    red=-0.0005 ok=True
[steer] gemma  occ_gender           s2 L6   st=0.08 null_random    supp    red=+0.0000 ok=True
[steer] gemma  occ_gender           s2 L10  st=0.005 real           supp    red=-0.0053 ok=True
[steer] gemma  occ_gender           s2 L10  st=0.01 real           supp    red=-0.0024 ok=True
[steer] gemma  occ_gender           s2 L10  st=0.08 real           supp    red=+0.7919 ok=True
[steer] gemma  occ_gender           s2 L10  st=0.005 null_partition supp    red=+0.0021 ok=True
[steer] gemma  occ_gender           s2 L10  st=0.01 null_partition supp    red=+0.0032 ok=True
[steer] gemma  occ_gender           s2 L10  st=0.08 null_partition supp    red=+0.0428 ok=True
[steer] gemma  occ_gender           s2 L10  st=0.005 null_random    supp    red=-0.0019 ok=True
[steer] gemma  occ_gender           s2 L10  st=0.01 null_random    supp    red=-0.0025 ok=True
[steer] gemma  occ_gender           s2 L10  st=0.08 null_random    supp    red=-0.0052 ok=False
[steer] gemma  occ_gender           s2 L15  st=0.005 real           supp    red=-0.0014 ok=True
[steer] gemma  occ_gender           s2 L15  st=0.01 real           supp    red=+0.0412 ok=True
[steer] gemma  occ_gender           s2 L15  st=0.08 real           supp    red=+0.8490 ok=True
[steer] gemma  occ_gender           s2 L15  st=0.005 null_partition supp    red=+0.0003 ok=True
[steer] gemma  occ_gender           s2 L15  st=0.01 null_partition supp    red=+0.0049 ok=True
[steer] gemma  occ_gender           s2 L15  st=0.08 null_partition supp    red=+0.1033 ok=True
[steer] gemma  occ_gender           s2 L15  st=0.005 null_random    supp    red=+0.0012 ok=True
[steer] gemma  occ_gender           s2 L15  st=0.01 null_random    supp    red=+0.0005 ok=True
[steer] gemma  occ_gender           s2 L15  st=0.08 null_random    supp    red=-0.0029 ok=True
[steer] gemma  occ_gender           s2 L21  st=0.005 real           supp    red=-0.0088 ok=True
[steer] gemma  occ_gender           s2 L21  st=0.01 real           supp    red=-0.0102 ok=True
[steer] gemma  occ_gender           s2 L21  st=0.08 real           supp    red=+0.3688 ok=True
[steer] gemma  occ_gender           s2 L21  st=0.005 null_partition supp    red=+0.0018 ok=True
[steer] gemma  occ_gender           s2 L21  st=0.01 null_partition supp    red=+0.0018 ok=True
[steer] gemma  occ_gender           s2 L21  st=0.08 null_partition supp    red=+0.0232 ok=True
[steer] gemma  occ_gender           s2 L21  st=0.005 null_random    supp    red=-0.0019 ok=True
[steer] gemma  occ_gender           s2 L21  st=0.01 null_random    supp    red=+0.0015 ok=True
[steer] gemma  occ_gender           s2 L21  st=0.08 null_random    supp    red=+0.0060 ok=True
[steer] gemma  crows_socioeconomic  s0 L12  st=0.02 real           primary red=-0.0036 ok=True
[steer] gemma  crows_socioeconomic  s0 L12  st=0.04 real           primary red=-0.0047 ok=True
[steer] gemma  crows_socioeconomic  s0 L12  st=0.02 null_partition primary red=-0.0018 ok=True
[steer] gemma  crows_socioeconomic  s0 L12  st=0.04 null_partition primary red=-0.0052 ok=True
[steer] gemma  crows_socioeconomic  s0 L12  st=0.02 null_random    primary red=-0.0000 ok=True
[steer] gemma  crows_socioeconomic  s0 L12  st=0.04 null_random    primary red=+0.0017 ok=True
[steer] gemma  crows_socioeconomic  s0 L19  st=0.02 real           primary red=-0.0025 ok=True
[steer] gemma  crows_socioeconomic  s0 L19  st=0.04 real           primary red=+0.0018 ok=True
[steer] gemma  crows_socioeconomic  s0 L19  st=0.02 null_partition primary red=-0.0046 ok=True
[steer] gemma  crows_socioeconomic  s0 L19  st=0.04 null_partition primary red=-0.0079 ok=True
[steer] gemma  crows_socioeconomic  s0 L19  st=0.02 null_random    primary red=-0.0009 ok=True
[steer] gemma  crows_socioeconomic  s0 L19  st=0.04 null_random    primary red=+0.0031 ok=True
[steer] gemma  crows_socioeconomic  s0 L6   st=0.005 real           supp    red=-0.0017 ok=True
[steer] gemma  crows_socioeconomic  s0 L6   st=0.01 real           supp    red=-0.0029 ok=True
[steer] gemma  crows_socioeconomic  s0 L6   st=0.08 real           supp    red=-0.0065 ok=False
[steer] gemma  crows_socioeconomic  s0 L6   st=0.005 null_partition supp    red=-0.0012 ok=True
[steer] gemma  crows_socioeconomic  s0 L6   st=0.01 null_partition supp    red=-0.0002 ok=True
[steer] gemma  crows_socioeconomic  s0 L6   st=0.08 null_partition supp    red=-0.0016 ok=True
[steer] gemma  crows_socioeconomic  s0 L6   st=0.005 null_random    supp    red=-0.0006 ok=True
[steer] gemma  crows_socioeconomic  s0 L6   st=0.01 null_random    supp    red=-0.0007 ok=True
[steer] gemma  crows_socioeconomic  s0 L6   st=0.08 null_random    supp    red=-0.0025 ok=True
[steer] gemma  crows_socioeconomic  s0 L10  st=0.005 real           supp    red=-0.0011 ok=True
[steer] gemma  crows_socioeconomic  s0 L10  st=0.01 real           supp    red=-0.0024 ok=True
[steer] gemma  crows_socioeconomic  s0 L10  st=0.08 real           supp    red=+0.0018 ok=True
[steer] gemma  crows_socioeconomic  s0 L10  st=0.005 null_partition supp    red=-0.0028 ok=True
[steer] gemma  crows_socioeconomic  s0 L10  st=0.01 null_partition supp    red=-0.0019 ok=True
[steer] gemma  crows_socioeconomic  s0 L10  st=0.08 null_partition supp    red=-0.0066 ok=True
[steer] gemma  crows_socioeconomic  s0 L10  st=0.005 null_random    supp    red=-0.0022 ok=True
[steer] gemma  crows_socioeconomic  s0 L10  st=0.01 null_random    supp    red=-0.0028 ok=True
[steer] gemma  crows_socioeconomic  s0 L10  st=0.08 null_random    supp    red=-0.0057 ok=True
[steer] gemma  crows_socioeconomic  s0 L15  st=0.005 real           supp    red=-0.0035 ok=True
[steer] gemma  crows_socioeconomic  s0 L15  st=0.01 real           supp    red=-0.0035 ok=True
[steer] gemma  crows_socioeconomic  s0 L15  st=0.08 real           supp    red=-0.0075 ok=True
[steer] gemma  crows_socioeconomic  s0 L15  st=0.005 null_partition supp    red=+0.0003 ok=True
[steer] gemma  crows_socioeconomic  s0 L15  st=0.01 null_partition supp    red=-0.0031 ok=True
[steer] gemma  crows_socioeconomic  s0 L15  st=0.08 null_partition supp    red=-0.0045 ok=True
[steer] gemma  crows_socioeconomic  s0 L15  st=0.005 null_random    supp    red=-0.0001 ok=True
[steer] gemma  crows_socioeconomic  s0 L15  st=0.01 null_random    supp    red=-0.0005 ok=True
[steer] gemma  crows_socioeconomic  s0 L15  st=0.08 null_random    supp    red=+0.0025 ok=False
[steer] gemma  crows_socioeconomic  s0 L21  st=0.005 real           supp    red=-0.0007 ok=True
[steer] gemma  crows_socioeconomic  s0 L21  st=0.01 real           supp    red=-0.0005 ok=True
[steer] gemma  crows_socioeconomic  s0 L21  st=0.08 real           supp    red=+0.0144 ok=True
[steer] gemma  crows_socioeconomic  s0 L21  st=0.005 null_partition supp    red=-0.0020 ok=True
[steer] gemma  crows_socioeconomic  s0 L21  st=0.01 null_partition supp    red=-0.0058 ok=True
[steer] gemma  crows_socioeconomic  s0 L21  st=0.08 null_partition supp    red=-0.0196 ok=True
[steer] gemma  crows_socioeconomic  s0 L21  st=0.005 null_random    supp    red=-0.0011 ok=True
[steer] gemma  crows_socioeconomic  s0 L21  st=0.01 null_random    supp    red=-0.0031 ok=True
[steer] gemma  crows_socioeconomic  s0 L21  st=0.08 null_random    supp    red=+0.0140 ok=True
[steer] gemma  crows_socioeconomic  s1 L12  st=0.02 real           primary red=-0.0034 ok=True
[steer] gemma  crows_socioeconomic  s1 L12  st=0.04 real           primary red=-0.0044 ok=True
[steer] gemma  crows_socioeconomic  s1 L12  st=0.02 null_partition primary red=-0.0030 ok=True
[steer] gemma  crows_socioeconomic  s1 L12  st=0.04 null_partition primary red=-0.0022 ok=True
[steer] gemma  crows_socioeconomic  s1 L12  st=0.02 null_random    primary red=-0.0008 ok=True
[steer] gemma  crows_socioeconomic  s1 L12  st=0.04 null_random    primary red=+0.0003 ok=True
[steer] gemma  crows_socioeconomic  s1 L19  st=0.02 real           primary red=-0.0014 ok=True
[steer] gemma  crows_socioeconomic  s1 L19  st=0.04 real           primary red=+0.0022 ok=True
[steer] gemma  crows_socioeconomic  s1 L19  st=0.02 null_partition primary red=-0.0024 ok=True
[steer] gemma  crows_socioeconomic  s1 L19  st=0.04 null_partition primary red=+0.0011 ok=True
[steer] gemma  crows_socioeconomic  s1 L19  st=0.02 null_random    primary red=-0.0043 ok=True
[steer] gemma  crows_socioeconomic  s1 L19  st=0.04 null_random    primary red=-0.0046 ok=True
[steer] gemma  crows_socioeconomic  s1 L6   st=0.005 real           supp    red=-0.0019 ok=True
[steer] gemma  crows_socioeconomic  s1 L6   st=0.01 real           supp    red=-0.0021 ok=True
[steer] gemma  crows_socioeconomic  s1 L6   st=0.08 real           supp    red=-0.0067 ok=False
[steer] gemma  crows_socioeconomic  s1 L6   st=0.005 null_partition supp    red=-0.0008 ok=True
[steer] gemma  crows_socioeconomic  s1 L6   st=0.01 null_partition supp    red=-0.0020 ok=True
[steer] gemma  crows_socioeconomic  s1 L6   st=0.08 null_partition supp    red=+0.0002 ok=False
[steer] gemma  crows_socioeconomic  s1 L6   st=0.005 null_random    supp    red=-0.0027 ok=True
[steer] gemma  crows_socioeconomic  s1 L6   st=0.01 null_random    supp    red=+0.0013 ok=True
[steer] gemma  crows_socioeconomic  s1 L6   st=0.08 null_random    supp    red=-0.0031 ok=True
[steer] gemma  crows_socioeconomic  s1 L10  st=0.005 real           supp    red=-0.0027 ok=True
[steer] gemma  crows_socioeconomic  s1 L10  st=0.01 real           supp    red=+0.0004 ok=True
[steer] gemma  crows_socioeconomic  s1 L10  st=0.08 real           supp    red=-0.0009 ok=True
[steer] gemma  crows_socioeconomic  s1 L10  st=0.005 null_partition supp    red=-0.0010 ok=True
[steer] gemma  crows_socioeconomic  s1 L10  st=0.01 null_partition supp    red=-0.0015 ok=True
[steer] gemma  crows_socioeconomic  s1 L10  st=0.08 null_partition supp    red=+0.0028 ok=True
[steer] gemma  crows_socioeconomic  s1 L10  st=0.005 null_random    supp    red=-0.0040 ok=True
[steer] gemma  crows_socioeconomic  s1 L10  st=0.01 null_random    supp    red=-0.0047 ok=True
[steer] gemma  crows_socioeconomic  s1 L10  st=0.08 null_random    supp    red=-0.0117 ok=False
[steer] gemma  crows_socioeconomic  s1 L15  st=0.005 real           supp    red=-0.0011 ok=True
[steer] gemma  crows_socioeconomic  s1 L15  st=0.01 real           supp    red=-0.0042 ok=True
[steer] gemma  crows_socioeconomic  s1 L15  st=0.08 real           supp    red=-0.0040 ok=True
[steer] gemma  crows_socioeconomic  s1 L15  st=0.005 null_partition supp    red=-0.0003 ok=True
[steer] gemma  crows_socioeconomic  s1 L15  st=0.01 null_partition supp    red=+0.0003 ok=True
[steer] gemma  crows_socioeconomic  s1 L15  st=0.08 null_partition supp    red=+0.0030 ok=True
[steer] gemma  crows_socioeconomic  s1 L15  st=0.005 null_random    supp    red=+0.0008 ok=True
[steer] gemma  crows_socioeconomic  s1 L15  st=0.01 null_random    supp    red=+0.0004 ok=True
[steer] gemma  crows_socioeconomic  s1 L15  st=0.08 null_random    supp    red=-0.0055 ok=True
[steer] gemma  crows_socioeconomic  s1 L21  st=0.005 real           supp    red=-0.0017 ok=True
[steer] gemma  crows_socioeconomic  s1 L21  st=0.01 real           supp    red=+0.0010 ok=True
[steer] gemma  crows_socioeconomic  s1 L21  st=0.08 real           supp    red=+0.0126 ok=True
[steer] gemma  crows_socioeconomic  s1 L21  st=0.005 null_partition supp    red=-0.0008 ok=True
[steer] gemma  crows_socioeconomic  s1 L21  st=0.01 null_partition supp    red=-0.0022 ok=True
[steer] gemma  crows_socioeconomic  s1 L21  st=0.08 null_partition supp    red=+0.0000 ok=True
[steer] gemma  crows_socioeconomic  s1 L21  st=0.005 null_random    supp    red=-0.0025 ok=True
[steer] gemma  crows_socioeconomic  s1 L21  st=0.01 null_random    supp    red=-0.0017 ok=True
[steer] gemma  crows_socioeconomic  s1 L21  st=0.08 null_random    supp    red=-0.0008 ok=True
[steer] gemma  crows_socioeconomic  s2 L12  st=0.02 real           primary red=-0.0030 ok=True
[steer] gemma  crows_socioeconomic  s2 L12  st=0.04 real           primary red=-0.0046 ok=True
[steer] gemma  crows_socioeconomic  s2 L12  st=0.02 null_partition primary red=-0.0023 ok=True
[steer] gemma  crows_socioeconomic  s2 L12  st=0.04 null_partition primary red=-0.0006 ok=True
[steer] gemma  crows_socioeconomic  s2 L12  st=0.02 null_random    primary red=-0.0019 ok=True
[steer] gemma  crows_socioeconomic  s2 L12  st=0.04 null_random    primary red=-0.0003 ok=True
[steer] gemma  crows_socioeconomic  s2 L19  st=0.02 real           primary red=+0.0015 ok=True
[steer] gemma  crows_socioeconomic  s2 L19  st=0.04 real           primary red=+0.0015 ok=True
[steer] gemma  crows_socioeconomic  s2 L19  st=0.02 null_partition primary red=-0.0025 ok=True
[steer] gemma  crows_socioeconomic  s2 L19  st=0.04 null_partition primary red=-0.0015 ok=True
[steer] gemma  crows_socioeconomic  s2 L19  st=0.02 null_random    primary red=-0.0052 ok=True
[steer] gemma  crows_socioeconomic  s2 L19  st=0.04 null_random    primary red=-0.0078 ok=True
[steer] gemma  crows_socioeconomic  s2 L6   st=0.005 real           supp    red=-0.0010 ok=True
[steer] gemma  crows_socioeconomic  s2 L6   st=0.01 real           supp    red=-0.0023 ok=True
[steer] gemma  crows_socioeconomic  s2 L6   st=0.08 real           supp    red=-0.0062 ok=False
[steer] gemma  crows_socioeconomic  s2 L6   st=0.005 null_partition supp    red=-0.0013 ok=True
[steer] gemma  crows_socioeconomic  s2 L6   st=0.01 null_partition supp    red=-0.0025 ok=True
[steer] gemma  crows_socioeconomic  s2 L6   st=0.08 null_partition supp    red=-0.0032 ok=True
[steer] gemma  crows_socioeconomic  s2 L6   st=0.005 null_random    supp    red=+0.0001 ok=True
[steer] gemma  crows_socioeconomic  s2 L6   st=0.01 null_random    supp    red=-0.0020 ok=True
[steer] gemma  crows_socioeconomic  s2 L6   st=0.08 null_random    supp    red=-0.0048 ok=True
[steer] gemma  crows_socioeconomic  s2 L10  st=0.005 real           supp    red=-0.0017 ok=True
[steer] gemma  crows_socioeconomic  s2 L10  st=0.01 real           supp    red=-0.0010 ok=True
[steer] gemma  crows_socioeconomic  s2 L10  st=0.08 real           supp    red=+0.0010 ok=True
[steer] gemma  crows_socioeconomic  s2 L10  st=0.005 null_partition supp    red=-0.0005 ok=True
[steer] gemma  crows_socioeconomic  s2 L10  st=0.01 null_partition supp    red=-0.0018 ok=True
[steer] gemma  crows_socioeconomic  s2 L10  st=0.08 null_partition supp    red=-0.0011 ok=True
[steer] gemma  crows_socioeconomic  s2 L10  st=0.005 null_random    supp    red=-0.0027 ok=True
[steer] gemma  crows_socioeconomic  s2 L10  st=0.01 null_random    supp    red=-0.0016 ok=True
[steer] gemma  crows_socioeconomic  s2 L10  st=0.08 null_random    supp    red=+0.0020 ok=True
[steer] gemma  crows_socioeconomic  s2 L15  st=0.005 real           supp    red=-0.0026 ok=True
[steer] gemma  crows_socioeconomic  s2 L15  st=0.01 real           supp    red=-0.0041 ok=True
[steer] gemma  crows_socioeconomic  s2 L15  st=0.08 real           supp    red=-0.0047 ok=True
[steer] gemma  crows_socioeconomic  s2 L15  st=0.005 null_partition supp    red=-0.0006 ok=True
[steer] gemma  crows_socioeconomic  s2 L15  st=0.01 null_partition supp    red=-0.0028 ok=True
[steer] gemma  crows_socioeconomic  s2 L15  st=0.08 null_partition supp    red=-0.0016 ok=True
[steer] gemma  crows_socioeconomic  s2 L15  st=0.005 null_random    supp    red=-0.0023 ok=True
[steer] gemma  crows_socioeconomic  s2 L15  st=0.01 null_random    supp    red=-0.0046 ok=True
[steer] gemma  crows_socioeconomic  s2 L15  st=0.08 null_random    supp    red=-0.0104 ok=True
[steer] gemma  crows_socioeconomic  s2 L21  st=0.005 real           supp    red=-0.0020 ok=True
[steer] gemma  crows_socioeconomic  s2 L21  st=0.01 real           supp    red=+0.0009 ok=True
[steer] gemma  crows_socioeconomic  s2 L21  st=0.08 real           supp    red=+0.0117 ok=True
[steer] gemma  crows_socioeconomic  s2 L21  st=0.005 null_partition supp    red=-0.0022 ok=True
[steer] gemma  crows_socioeconomic  s2 L21  st=0.01 null_partition supp    red=-0.0021 ok=True
[steer] gemma  crows_socioeconomic  s2 L21  st=0.08 null_partition supp    red=+0.0030 ok=True
[steer] gemma  crows_socioeconomic  s2 L21  st=0.005 null_random    supp    red=-0.0019 ok=True
[steer] gemma  crows_socioeconomic  s2 L21  st=0.01 null_random    supp    red=-0.0036 ok=True
[steer] gemma  crows_socioeconomic  s2 L21  st=0.08 null_random    supp    red=+0.0066 ok=True
Loading weights:   0%|                                                       | 0/254 [00:00<?, ?it/s]Loading weights: 100%|███████████████████████████████████████████| 254/254 [00:00<00:00, 5049.43it/s]
[steer] llama  occ_gender           s0 L14  st=0.02 real           primary red=+0.6351 ok=True
[steer] llama  occ_gender           s0 L14  st=0.04 real           primary red=+0.6413 ok=True
[steer] llama  occ_gender           s0 L14  st=0.02 null_partition primary red=+0.0174 ok=True
[steer] llama  occ_gender           s0 L14  st=0.04 null_partition primary red=+0.0504 ok=True
[steer] llama  occ_gender           s0 L14  st=0.02 null_random    primary red=+0.0086 ok=True
[steer] llama  occ_gender           s0 L14  st=0.04 null_random    primary red=+0.0284 ok=False
[steer] llama  occ_gender           s0 L20  st=0.02 real           primary red=+0.1161 ok=True
[steer] llama  occ_gender           s0 L20  st=0.04 real           primary red=+0.3869 ok=True
[steer] llama  occ_gender           s0 L20  st=0.02 null_partition primary red=+0.0091 ok=True
[steer] llama  occ_gender           s0 L20  st=0.04 null_partition primary red=+0.0215 ok=True
[steer] llama  occ_gender           s0 L20  st=0.02 null_random    primary red=-0.0004 ok=True
[steer] llama  occ_gender           s0 L20  st=0.04 null_random    primary red=-0.0003 ok=True
[steer] llama  occ_gender           s0 L7   st=0.005 real           supp    red=+0.0172 ok=False
[steer] llama  occ_gender           s0 L7   st=0.01 real           supp    red=+0.1370 ok=True
[steer] llama  occ_gender           s0 L7   st=0.08 real           supp    red=+0.7592 ok=False
[steer] llama  occ_gender           s0 L7   st=0.005 null_partition supp    red=+0.0083 ok=True
[steer] llama  occ_gender           s0 L7   st=0.01 null_partition supp    red=+0.0143 ok=True
[steer] llama  occ_gender           s0 L7   st=0.08 null_partition supp    red=+0.1165 ok=False
[steer] llama  occ_gender           s0 L7   st=0.005 null_random    supp    red=+0.0035 ok=True
[steer] llama  occ_gender           s0 L7   st=0.01 null_random    supp    red=+0.0010 ok=True
[steer] llama  occ_gender           s0 L7   st=0.08 null_random    supp    red=+0.0361 ok=False
[steer] llama  occ_gender           s0 L11  st=0.005 real           supp    red=+0.0287 ok=True
[steer] llama  occ_gender           s0 L11  st=0.01 real           supp    red=+0.2069 ok=True
[steer] llama  occ_gender           s0 L11  st=0.08 real           supp    red=+0.7108 ok=False
[steer] llama  occ_gender           s0 L11  st=0.005 null_partition supp    red=+0.0034 ok=True
[steer] llama  occ_gender           s0 L11  st=0.01 null_partition supp    red=+0.0090 ok=True
[steer] llama  occ_gender           s0 L11  st=0.08 null_partition supp    red=+0.1124 ok=False
[steer] llama  occ_gender           s0 L11  st=0.005 null_random    supp    red=-0.0002 ok=True
[steer] llama  occ_gender           s0 L11  st=0.01 null_random    supp    red=-0.0052 ok=True
[steer] llama  occ_gender           s0 L11  st=0.08 null_random    supp    red=-0.0285 ok=False
[steer] llama  occ_gender           s0 L16  st=0.005 real           supp    red=+0.0136 ok=True
[steer] llama  occ_gender           s0 L16  st=0.01 real           supp    red=+0.1114 ok=True
[steer] llama  occ_gender           s0 L16  st=0.08 real           supp    red=+0.5764 ok=False
[steer] llama  occ_gender           s0 L16  st=0.005 null_partition supp    red=+0.0043 ok=True
[steer] llama  occ_gender           s0 L16  st=0.01 null_partition supp    red=+0.0053 ok=True
[steer] llama  occ_gender           s0 L16  st=0.08 null_partition supp    red=+0.0759 ok=True
[steer] llama  occ_gender           s0 L16  st=0.005 null_random    supp    red=+0.0027 ok=True
[steer] llama  occ_gender           s0 L16  st=0.01 null_random    supp    red=+0.0042 ok=True
[steer] llama  occ_gender           s0 L16  st=0.08 null_random    supp    red=+0.0519 ok=True
[steer] llama  occ_gender           s0 L23  st=0.005 real           supp    red=-0.0042 ok=True
[steer] llama  occ_gender           s0 L23  st=0.01 real           supp    red=+0.0050 ok=True
[steer] llama  occ_gender           s0 L23  st=0.08 real           supp    red=+0.6476 ok=True
[steer] llama  occ_gender           s0 L23  st=0.005 null_partition supp    red=+0.0014 ok=True
[steer] llama  occ_gender           s0 L23  st=0.01 null_partition supp    red=+0.0044 ok=True
[steer] llama  occ_gender           s0 L23  st=0.08 null_partition supp    red=+0.0536 ok=True
[steer] llama  occ_gender           s0 L23  st=0.005 null_random    supp    red=-0.0014 ok=True
[steer] llama  occ_gender           s0 L23  st=0.01 null_random    supp    red=-0.0011 ok=True
[steer] llama  occ_gender           s0 L23  st=0.08 null_random    supp    red=-0.0033 ok=True
[steer] llama  occ_gender           s1 L14  st=0.02 real           primary red=+0.6328 ok=True
[steer] llama  occ_gender           s1 L14  st=0.04 real           primary red=+0.6444 ok=True
[steer] llama  occ_gender           s1 L14  st=0.02 null_partition primary red=+0.0077 ok=True
[steer] llama  occ_gender           s1 L14  st=0.04 null_partition primary red=+0.0250 ok=True
[steer] llama  occ_gender           s1 L14  st=0.02 null_random    primary red=-0.0035 ok=True
[steer] llama  occ_gender           s1 L14  st=0.04 null_random    primary red=-0.0035 ok=True
[steer] llama  occ_gender           s1 L20  st=0.02 real           primary red=+0.1162 ok=True
[steer] llama  occ_gender           s1 L20  st=0.04 real           primary red=+0.3862 ok=True
[steer] llama  occ_gender           s1 L20  st=0.02 null_partition primary red=+0.0015 ok=True
[steer] llama  occ_gender           s1 L20  st=0.04 null_partition primary red=+0.0015 ok=True
[steer] llama  occ_gender           s1 L20  st=0.02 null_random    primary red=-0.0011 ok=True
[steer] llama  occ_gender           s1 L20  st=0.04 null_random    primary red=-0.0035 ok=True
[steer] llama  occ_gender           s1 L7   st=0.005 real           supp    red=+0.0172 ok=True
[steer] llama  occ_gender           s1 L7   st=0.01 real           supp    red=+0.1375 ok=True
[steer] llama  occ_gender           s1 L7   st=0.08 real           supp    red=+0.7589 ok=False
[steer] llama  occ_gender           s1 L7   st=0.005 null_partition supp    red=-0.0009 ok=True
[steer] llama  occ_gender           s1 L7   st=0.01 null_partition supp    red=+0.0011 ok=True
[steer] llama  occ_gender           s1 L7   st=0.08 null_partition supp    red=+0.0589 ok=False
[steer] llama  occ_gender           s1 L7   st=0.005 null_random    supp    red=+0.0030 ok=True
[steer] llama  occ_gender           s1 L7   st=0.01 null_random    supp    red=+0.0014 ok=True
[steer] llama  occ_gender           s1 L7   st=0.08 null_random    supp    red=+0.0461 ok=False
[steer] llama  occ_gender           s1 L11  st=0.005 real           supp    red=+0.0301 ok=True
[steer] llama  occ_gender           s1 L11  st=0.01 real           supp    red=+0.2044 ok=True
[steer] llama  occ_gender           s1 L11  st=0.08 real           supp    red=+0.7098 ok=False
[steer] llama  occ_gender           s1 L11  st=0.005 null_partition supp    red=-0.0003 ok=True
[steer] llama  occ_gender           s1 L11  st=0.01 null_partition supp    red=-0.0008 ok=True
[steer] llama  occ_gender           s1 L11  st=0.08 null_partition supp    red=+0.0625 ok=False
[steer] llama  occ_gender           s1 L11  st=0.005 null_random    supp    red=+0.0032 ok=True
[steer] llama  occ_gender           s1 L11  st=0.01 null_random    supp    red=+0.0030 ok=True
[steer] llama  occ_gender           s1 L11  st=0.08 null_random    supp    red=+0.0836 ok=False
[steer] llama  occ_gender           s1 L16  st=0.005 real           supp    red=+0.0141 ok=False
[steer] llama  occ_gender           s1 L16  st=0.01 real           supp    red=+0.1109 ok=True
[steer] llama  occ_gender           s1 L16  st=0.08 real           supp    red=+0.5710 ok=False
[steer] llama  occ_gender           s1 L16  st=0.005 null_partition supp    red=-0.0009 ok=True
[steer] llama  occ_gender           s1 L16  st=0.01 null_partition supp    red=+0.0018 ok=True
[steer] llama  occ_gender           s1 L16  st=0.08 null_partition supp    red=+0.0603 ok=True
[steer] llama  occ_gender           s1 L16  st=0.005 null_random    supp    red=-0.0023 ok=True
[steer] llama  occ_gender           s1 L16  st=0.01 null_random    supp    red=-0.0048 ok=True
[steer] llama  occ_gender           s1 L16  st=0.08 null_random    supp    red=-0.0001 ok=True
[steer] llama  occ_gender           s1 L23  st=0.005 real           supp    red=-0.0037 ok=True
[steer] llama  occ_gender           s1 L23  st=0.01 real           supp    red=+0.0087 ok=True
[steer] llama  occ_gender           s1 L23  st=0.08 real           supp    red=+0.6462 ok=True
[steer] llama  occ_gender           s1 L23  st=0.005 null_partition supp    red=+0.0010 ok=True
[steer] llama  occ_gender           s1 L23  st=0.01 null_partition supp    red=+0.0049 ok=True
[steer] llama  occ_gender           s1 L23  st=0.08 null_partition supp    red=+0.0210 ok=True
[steer] llama  occ_gender           s1 L23  st=0.005 null_random    supp    red=+0.0004 ok=True
[steer] llama  occ_gender           s1 L23  st=0.01 null_random    supp    red=-0.0004 ok=True
[steer] llama  occ_gender           s1 L23  st=0.08 null_random    supp    red=+0.0242 ok=True
[steer] llama  occ_gender           s2 L14  st=0.02 real           primary red=+0.6338 ok=True
[steer] llama  occ_gender           s2 L14  st=0.04 real           primary red=+0.6477 ok=False
[steer] llama  occ_gender           s2 L14  st=0.02 null_partition primary red=+0.0155 ok=True
[steer] llama  occ_gender           s2 L14  st=0.04 null_partition primary red=+0.0419 ok=True
[steer] llama  occ_gender           s2 L14  st=0.02 null_random    primary red=+0.0133 ok=True
[steer] llama  occ_gender           s2 L14  st=0.04 null_random    primary red=+0.0307 ok=True
[steer] llama  occ_gender           s2 L20  st=0.02 real           primary red=+0.1146 ok=True
[steer] llama  occ_gender           s2 L20  st=0.04 real           primary red=+0.3830 ok=True
[steer] llama  occ_gender           s2 L20  st=0.02 null_partition primary red=+0.0072 ok=True
[steer] llama  occ_gender           s2 L20  st=0.04 null_partition primary red=+0.0184 ok=True
[steer] llama  occ_gender           s2 L20  st=0.02 null_random    primary red=-0.0093 ok=True
[steer] llama  occ_gender           s2 L20  st=0.04 null_random    primary red=-0.0129 ok=True
[steer] llama  occ_gender           s2 L7   st=0.005 real           supp    red=+0.0175 ok=False
[steer] llama  occ_gender           s2 L7   st=0.01 real           supp    red=+0.1372 ok=True
[steer] llama  occ_gender           s2 L7   st=0.08 real           supp    red=+0.7583 ok=False
[steer] llama  occ_gender           s2 L7   st=0.005 null_partition supp    red=+0.0050 ok=True
[steer] llama  occ_gender           s2 L7   st=0.01 null_partition supp    red=+0.0074 ok=True
[steer] llama  occ_gender           s2 L7   st=0.08 null_partition supp    red=+0.0806 ok=False
[steer] llama  occ_gender           s2 L7   st=0.005 null_random    supp    red=+0.0031 ok=True
[steer] llama  occ_gender           s2 L7   st=0.01 null_random    supp    red=+0.0007 ok=True
[steer] llama  occ_gender           s2 L7   st=0.08 null_random    supp    red=+0.0318 ok=False
[steer] llama  occ_gender           s2 L11  st=0.005 real           supp    red=+0.0269 ok=True
[steer] llama  occ_gender           s2 L11  st=0.01 real           supp    red=+0.2079 ok=True
[steer] llama  occ_gender           s2 L11  st=0.08 real           supp    red=+0.7108 ok=False
[steer] llama  occ_gender           s2 L11  st=0.005 null_partition supp    red=+0.0043 ok=True
[steer] llama  occ_gender           s2 L11  st=0.01 null_partition supp    red=+0.0078 ok=True
[steer] llama  occ_gender           s2 L11  st=0.08 null_partition supp    red=+0.0936 ok=False
[steer] llama  occ_gender           s2 L11  st=0.005 null_random    supp    red=-0.0019 ok=True
[steer] llama  occ_gender           s2 L11  st=0.01 null_random    supp    red=-0.0036 ok=True
[steer] llama  occ_gender           s2 L11  st=0.08 null_random    supp    red=-0.0018 ok=False
[steer] llama  occ_gender           s2 L16  st=0.005 real           supp    red=+0.0121 ok=True
[steer] llama  occ_gender           s2 L16  st=0.01 real           supp    red=+0.1139 ok=True
[steer] llama  occ_gender           s2 L16  st=0.08 real           supp    red=+0.5703 ok=False
[steer] llama  occ_gender           s2 L16  st=0.005 null_partition supp    red=+0.0003 ok=True
[steer] llama  occ_gender           s2 L16  st=0.01 null_partition supp    red=+0.0086 ok=True
[steer] llama  occ_gender           s2 L16  st=0.08 null_partition supp    red=+0.0867 ok=True
[steer] llama  occ_gender           s2 L16  st=0.005 null_random    supp    red=+0.0008 ok=True
[steer] llama  occ_gender           s2 L16  st=0.01 null_random    supp    red=+0.0010 ok=True
[steer] llama  occ_gender           s2 L16  st=0.08 null_random    supp    red=+0.0327 ok=True
[steer] llama  occ_gender           s2 L23  st=0.005 real           supp    red=-0.0048 ok=True
[steer] llama  occ_gender           s2 L23  st=0.01 real           supp    red=+0.0063 ok=True
[steer] llama  occ_gender           s2 L23  st=0.08 real           supp    red=+0.6450 ok=False
[steer] llama  occ_gender           s2 L23  st=0.005 null_partition supp    red=+0.0014 ok=True
[steer] llama  occ_gender           s2 L23  st=0.01 null_partition supp    red=+0.0014 ok=True
[steer] llama  occ_gender           s2 L23  st=0.08 null_partition supp    red=+0.0529 ok=True
[steer] llama  occ_gender           s2 L23  st=0.005 null_random    supp    red=-0.0010 ok=True
[steer] llama  occ_gender           s2 L23  st=0.01 null_random    supp    red=-0.0011 ok=True
[steer] llama  occ_gender           s2 L23  st=0.08 null_random    supp    red=-0.0051 ok=True
[steer] llama  crows_socioeconomic  s0 L14  st=0.02 real           primary red=+0.0056 ok=True
[steer] llama  crows_socioeconomic  s0 L14  st=0.04 real           primary red=+0.0122 ok=True
[steer] llama  crows_socioeconomic  s0 L14  st=0.02 null_partition primary red=-0.0025 ok=True
[steer] llama  crows_socioeconomic  s0 L14  st=0.04 null_partition primary red=-0.0044 ok=True
[steer] llama  crows_socioeconomic  s0 L14  st=0.02 null_random    primary red=+0.0005 ok=True
[steer] llama  crows_socioeconomic  s0 L14  st=0.04 null_random    primary red=-0.0009 ok=True
[steer] llama  crows_socioeconomic  s0 L20  st=0.02 real           primary red=+0.0077 ok=True
[steer] llama  crows_socioeconomic  s0 L20  st=0.04 real           primary red=+0.0157 ok=True
[steer] llama  crows_socioeconomic  s0 L20  st=0.02 null_partition primary red=-0.0051 ok=True
[steer] llama  crows_socioeconomic  s0 L20  st=0.04 null_partition primary red=-0.0085 ok=True
[steer] llama  crows_socioeconomic  s0 L20  st=0.02 null_random    primary red=-0.0006 ok=True
[steer] llama  crows_socioeconomic  s0 L20  st=0.04 null_random    primary red=-0.0002 ok=False
[steer] llama  crows_socioeconomic  s0 L7   st=0.005 real           supp    red=+0.0005 ok=False
[steer] llama  crows_socioeconomic  s0 L7   st=0.01 real           supp    red=+0.0009 ok=True
[steer] llama  crows_socioeconomic  s0 L7   st=0.08 real           supp    red=+0.0179 ok=False
[steer] llama  crows_socioeconomic  s0 L7   st=0.005 null_partition supp    red=+0.0016 ok=True
[steer] llama  crows_socioeconomic  s0 L7   st=0.01 null_partition supp    red=-0.0010 ok=True
[steer] llama  crows_socioeconomic  s0 L7   st=0.08 null_partition supp    red=-0.0002 ok=False
[steer] llama  crows_socioeconomic  s0 L7   st=0.005 null_random    supp    red=-0.0015 ok=True
[steer] llama  crows_socioeconomic  s0 L7   st=0.01 null_random    supp    red=+0.0012 ok=True
[steer] llama  crows_socioeconomic  s0 L7   st=0.08 null_random    supp    red=+0.0173 ok=False
[steer] llama  crows_socioeconomic  s0 L11  st=0.005 real           supp    red=+0.0000 ok=True
[steer] llama  crows_socioeconomic  s0 L11  st=0.01 real           supp    red=+0.0011 ok=True
[steer] llama  crows_socioeconomic  s0 L11  st=0.08 real           supp    red=+0.0185 ok=True
[steer] llama  crows_socioeconomic  s0 L11  st=0.005 null_partition supp    red=-0.0004 ok=True
[steer] llama  crows_socioeconomic  s0 L11  st=0.01 null_partition supp    red=-0.0013 ok=True
[steer] llama  crows_socioeconomic  s0 L11  st=0.08 null_partition supp    red=-0.0031 ok=False
[steer] llama  crows_socioeconomic  s0 L11  st=0.005 null_random    supp    red=-0.0011 ok=True
[steer] llama  crows_socioeconomic  s0 L11  st=0.01 null_random    supp    red=-0.0003 ok=True
[steer] llama  crows_socioeconomic  s0 L11  st=0.08 null_random    supp    red=+0.0001 ok=True
[steer] llama  crows_socioeconomic  s0 L16  st=0.005 real           supp    red=+0.0009 ok=True
[steer] llama  crows_socioeconomic  s0 L16  st=0.01 real           supp    red=+0.0028 ok=True
[steer] llama  crows_socioeconomic  s0 L16  st=0.08 real           supp    red=+0.0256 ok=True
[steer] llama  crows_socioeconomic  s0 L16  st=0.005 null_partition supp    red=+0.0001 ok=True
[steer] llama  crows_socioeconomic  s0 L16  st=0.01 null_partition supp    red=-0.0017 ok=True
[steer] llama  crows_socioeconomic  s0 L16  st=0.08 null_partition supp    red=-0.0123 ok=False
[steer] llama  crows_socioeconomic  s0 L16  st=0.005 null_random    supp    red=-0.0004 ok=True
[steer] llama  crows_socioeconomic  s0 L16  st=0.01 null_random    supp    red=+0.0013 ok=True
[steer] llama  crows_socioeconomic  s0 L16  st=0.08 null_random    supp    red=+0.0097 ok=True
[steer] llama  crows_socioeconomic  s0 L23  st=0.005 real           supp    red=-0.0002 ok=True
[steer] llama  crows_socioeconomic  s0 L23  st=0.01 real           supp    red=-0.0002 ok=True
[steer] llama  crows_socioeconomic  s0 L23  st=0.08 real           supp    red=+0.0190 ok=True
[steer] llama  crows_socioeconomic  s0 L23  st=0.005 null_partition supp    red=-0.0014 ok=True
[steer] llama  crows_socioeconomic  s0 L23  st=0.01 null_partition supp    red=-0.0028 ok=True
[steer] llama  crows_socioeconomic  s0 L23  st=0.08 null_partition supp    red=-0.0117 ok=True
[steer] llama  crows_socioeconomic  s0 L23  st=0.005 null_random    supp    red=+0.0000 ok=True
[steer] llama  crows_socioeconomic  s0 L23  st=0.01 null_random    supp    red=+0.0006 ok=True
[steer] llama  crows_socioeconomic  s0 L23  st=0.08 null_random    supp    red=+0.0005 ok=True
[steer] llama  crows_socioeconomic  s1 L14  st=0.02 real           primary red=+0.0075 ok=True
[steer] llama  crows_socioeconomic  s1 L14  st=0.04 real           primary red=+0.0157 ok=True
[steer] llama  crows_socioeconomic  s1 L14  st=0.02 null_partition primary red=+0.0021 ok=True
[steer] llama  crows_socioeconomic  s1 L14  st=0.04 null_partition primary red=+0.0039 ok=True
[steer] llama  crows_socioeconomic  s1 L14  st=0.02 null_random    primary red=+0.0015 ok=True
[steer] llama  crows_socioeconomic  s1 L14  st=0.04 null_random    primary red=+0.0010 ok=True
[steer] llama  crows_socioeconomic  s1 L20  st=0.02 real           primary red=+0.0075 ok=True
[steer] llama  crows_socioeconomic  s1 L20  st=0.04 real           primary red=+0.0148 ok=True
[steer] llama  crows_socioeconomic  s1 L20  st=0.02 null_partition primary red=+0.0003 ok=True
[steer] llama  crows_socioeconomic  s1 L20  st=0.04 null_partition primary red=+0.0025 ok=True
[steer] llama  crows_socioeconomic  s1 L20  st=0.02 null_random    primary red=-0.0011 ok=True
[steer] llama  crows_socioeconomic  s1 L20  st=0.04 null_random    primary red=-0.0006 ok=True
[steer] llama  crows_socioeconomic  s1 L7   st=0.005 real           supp    red=+0.0013 ok=True
[steer] llama  crows_socioeconomic  s1 L7   st=0.01 real           supp    red=+0.0014 ok=True
[steer] llama  crows_socioeconomic  s1 L7   st=0.08 real           supp    red=+0.0170 ok=False
[steer] llama  crows_socioeconomic  s1 L7   st=0.005 null_partition supp    red=-0.0005 ok=True
[steer] llama  crows_socioeconomic  s1 L7   st=0.01 null_partition supp    red=-0.0014 ok=True
[steer] llama  crows_socioeconomic  s1 L7   st=0.08 null_partition supp    red=+0.0135 ok=False
[steer] llama  crows_socioeconomic  s1 L7   st=0.005 null_random    supp    red=+0.0015 ok=True
[steer] llama  crows_socioeconomic  s1 L7   st=0.01 null_random    supp    red=+0.0027 ok=True
[steer] llama  crows_socioeconomic  s1 L7   st=0.08 null_random    supp    red=+0.0295 ok=False
[steer] llama  crows_socioeconomic  s1 L11  st=0.005 real           supp    red=+0.0001 ok=True
[steer] llama  crows_socioeconomic  s1 L11  st=0.01 real           supp    red=+0.0018 ok=True
[steer] llama  crows_socioeconomic  s1 L11  st=0.08 real           supp    red=+0.0210 ok=False
[steer] llama  crows_socioeconomic  s1 L11  st=0.005 null_partition supp    red=+0.0009 ok=True
[steer] llama  crows_socioeconomic  s1 L11  st=0.01 null_partition supp    red=+0.0008 ok=True
[steer] llama  crows_socioeconomic  s1 L11  st=0.08 null_partition supp    red=+0.0174 ok=False
[steer] llama  crows_socioeconomic  s1 L11  st=0.005 null_random    supp    red=-0.0024 ok=True
[steer] llama  crows_socioeconomic  s1 L11  st=0.01 null_random    supp    red=-0.0034 ok=True
[steer] llama  crows_socioeconomic  s1 L11  st=0.08 null_random    supp    red=-0.0108 ok=False
[steer] llama  crows_socioeconomic  s1 L16  st=0.005 real           supp    red=+0.0015 ok=True
[steer] llama  crows_socioeconomic  s1 L16  st=0.01 real           supp    red=+0.0025 ok=True
[steer] llama  crows_socioeconomic  s1 L16  st=0.08 real           supp    red=+0.0250 ok=True
[steer] llama  crows_socioeconomic  s1 L16  st=0.005 null_partition supp    red=+0.0012 ok=True
[steer] llama  crows_socioeconomic  s1 L16  st=0.01 null_partition supp    red=-0.0010 ok=True
[steer] llama  crows_socioeconomic  s1 L16  st=0.08 null_partition supp    red=+0.0087 ok=True
[steer] llama  crows_socioeconomic  s1 L16  st=0.005 null_random    supp    red=+0.0006 ok=True
[steer] llama  crows_socioeconomic  s1 L16  st=0.01 null_random    supp    red=+0.0000 ok=True
[steer] llama  crows_socioeconomic  s1 L16  st=0.08 null_random    supp    red=-0.0011 ok=False
[steer] llama  crows_socioeconomic  s1 L23  st=0.005 real           supp    red=-0.0005 ok=True
[steer] llama  crows_socioeconomic  s1 L23  st=0.01 real           supp    red=-0.0001 ok=True
[steer] llama  crows_socioeconomic  s1 L23  st=0.08 real           supp    red=+0.0161 ok=True
[steer] llama  crows_socioeconomic  s1 L23  st=0.005 null_partition supp    red=-0.0009 ok=True
[steer] llama  crows_socioeconomic  s1 L23  st=0.01 null_partition supp    red=-0.0011 ok=True
[steer] llama  crows_socioeconomic  s1 L23  st=0.08 null_partition supp    red=+0.0034 ok=True
[steer] llama  crows_socioeconomic  s1 L23  st=0.005 null_random    supp    red=-0.0020 ok=True
[steer] llama  crows_socioeconomic  s1 L23  st=0.01 null_random    supp    red=+0.0002 ok=True
[steer] llama  crows_socioeconomic  s1 L23  st=0.08 null_random    supp    red=-0.0008 ok=True
[steer] llama  crows_socioeconomic  s2 L14  st=0.02 real           primary red=+0.0063 ok=True
[steer] llama  crows_socioeconomic  s2 L14  st=0.04 real           primary red=+0.0140 ok=True
[steer] llama  crows_socioeconomic  s2 L14  st=0.02 null_partition primary red=-0.0028 ok=True
[steer] llama  crows_socioeconomic  s2 L14  st=0.04 null_partition primary red=-0.0066 ok=True
[steer] llama  crows_socioeconomic  s2 L14  st=0.02 null_random    primary red=-0.0031 ok=True
[steer] llama  crows_socioeconomic  s2 L14  st=0.04 null_random    primary red=-0.0089 ok=True
[steer] llama  crows_socioeconomic  s2 L20  st=0.02 real           primary red=+0.0065 ok=True
[steer] llama  crows_socioeconomic  s2 L20  st=0.04 real           primary red=+0.0147 ok=True
[steer] llama  crows_socioeconomic  s2 L20  st=0.02 null_partition primary red=-0.0009 ok=True
[steer] llama  crows_socioeconomic  s2 L20  st=0.04 null_partition primary red=-0.0008 ok=True
[steer] llama  crows_socioeconomic  s2 L20  st=0.02 null_random    primary red=-0.0014 ok=True
[steer] llama  crows_socioeconomic  s2 L20  st=0.04 null_random    primary red=-0.0018 ok=True
[steer] llama  crows_socioeconomic  s2 L7   st=0.005 real           supp    red=-0.0000 ok=True
[steer] llama  crows_socioeconomic  s2 L7   st=0.01 real           supp    red=+0.0014 ok=True
[steer] llama  crows_socioeconomic  s2 L7   st=0.08 real           supp    red=+0.0166 ok=False
[steer] llama  crows_socioeconomic  s2 L7   st=0.005 null_partition supp    red=-0.0011 ok=True
[steer] llama  crows_socioeconomic  s2 L7   st=0.01 null_partition supp    red=-0.0018 ok=True
[steer] llama  crows_socioeconomic  s2 L7   st=0.08 null_partition supp    red=-0.0069 ok=False
[steer] llama  crows_socioeconomic  s2 L7   st=0.005 null_random    supp    red=+0.0018 ok=True
[steer] llama  crows_socioeconomic  s2 L7   st=0.01 null_random    supp    red=+0.0029 ok=True
[steer] llama  crows_socioeconomic  s2 L7   st=0.08 null_random    supp    red=+0.0286 ok=False
[steer] llama  crows_socioeconomic  s2 L11  st=0.005 real           supp    red=+0.0012 ok=True
[steer] llama  crows_socioeconomic  s2 L11  st=0.01 real           supp    red=+0.0024 ok=True
[steer] llama  crows_socioeconomic  s2 L11  st=0.08 real           supp    red=+0.0196 ok=False
[steer] llama  crows_socioeconomic  s2 L11  st=0.005 null_partition supp    red=-0.0011 ok=True
[steer] llama  crows_socioeconomic  s2 L11  st=0.01 null_partition supp    red=+0.0005 ok=False
[steer] llama  crows_socioeconomic  s2 L11  st=0.08 null_partition supp    red=-0.0034 ok=False
[steer] llama  crows_socioeconomic  s2 L11  st=0.005 null_random    supp    red=-0.0012 ok=True
[steer] llama  crows_socioeconomic  s2 L11  st=0.01 null_random    supp    red=-0.0015 ok=True
[steer] llama  crows_socioeconomic  s2 L11  st=0.08 null_random    supp    red=-0.0007 ok=True
[steer] llama  crows_socioeconomic  s2 L16  st=0.005 real           supp    red=+0.0022 ok=True
[steer] llama  crows_socioeconomic  s2 L16  st=0.01 real           supp    red=+0.0026 ok=True
[steer] llama  crows_socioeconomic  s2 L16  st=0.08 real           supp    red=+0.0293 ok=True
[steer] llama  crows_socioeconomic  s2 L16  st=0.005 null_partition supp    red=-0.0009 ok=False
[steer] llama  crows_socioeconomic  s2 L16  st=0.01 null_partition supp    red=-0.0001 ok=True
[steer] llama  crows_socioeconomic  s2 L16  st=0.08 null_partition supp    red=-0.0047 ok=False
[steer] llama  crows_socioeconomic  s2 L16  st=0.005 null_random    supp    red=-0.0022 ok=True
[steer] llama  crows_socioeconomic  s2 L16  st=0.01 null_random    supp    red=-0.0029 ok=True
[steer] llama  crows_socioeconomic  s2 L16  st=0.08 null_random    supp    red=-0.0071 ok=True
[steer] llama  crows_socioeconomic  s2 L23  st=0.005 real           supp    red=-0.0007 ok=True
[steer] llama  crows_socioeconomic  s2 L23  st=0.01 real           supp    red=+0.0013 ok=True
[steer] llama  crows_socioeconomic  s2 L23  st=0.08 real           supp    red=+0.0173 ok=True
[steer] llama  crows_socioeconomic  s2 L23  st=0.005 null_partition supp    red=+0.0005 ok=True
[steer] llama  crows_socioeconomic  s2 L23  st=0.01 null_partition supp    red=-0.0017 ok=True
[steer] llama  crows_socioeconomic  s2 L23  st=0.08 null_partition supp    red=+0.0012 ok=True
[steer] llama  crows_socioeconomic  s2 L23  st=0.005 null_random    supp    red=+0.0002 ok=True
[steer] llama  crows_socioeconomic  s2 L23  st=0.01 null_random    supp    red=-0.0020 ok=True
[steer] llama  crows_socioeconomic  s2 L23  st=0.08 null_random    supp    red=-0.0072 ok=True
[steer] ALL DONE
[v7 08-02 17:59:59]   -> 0 -> 1152
[v7 08-02 17:59:59]   BL-S complete at 1152 rows
[v7 08-02 17:59:59] queue done (BL-S)
