/usr/bin/python3: can't open file '/content/colab_t2t4.py': [Errno 2] No such file or directory
Failed to load /usr/local/lib/python3.12/dist-packages/torchao/_C_mxfp8.cpython-310-x86_64-linux-gnu.so: Could not load this library: /usr/local/lib/python3.12/dist-packages/torchao/_C_mxfp8.cpython-310-x86_64-linux-gnu.so
Failed to load /usr/local/lib/python3.12/dist-packages/torchao/_C_cutlass_90a.abi3.so: Could not load this library: /usr/local/lib/python3.12/dist-packages/torchao/_C_cutlass_90a.abi3.so
Note: Environment variable`HF_TOKEN` is set and is the current active token independently from the token you've just configured.
[auth] HF login OK
ALL DONE
[auth] no HF_TOKEN in env — gated models (gemma/llama) will fail
[v1] targets=['qwen', 'olmo', 'falcon'] axes=['occ_gender', 'crows_socioeconomic'] seeds=[0]
[v1-elicit] load qwen_large (Qwen/Qwen2.5-14B-Instruct)
Warning: You are sending unauthenticated requests to the HF Hub. Please set a HF_TOKEN to enable higher rate limits and faster downloads.

Note: Environment variable`HF_TOKEN` is set and is the current active token independently from the token you've just configured.
[auth] HF login OK
[v1] targets=['qwen', 'olmo', 'falcon'] axes=['occ_gender', 'crows_socioeconomic'] seeds=[0]
[v1-elicit] load qwen_large (Qwen/Qwen2.5-14B-Instruct)

Fetching 8 files:   0%|          | 0/8 [00:00<?, ?it/s]
Fetching 8 files:  12%|█▎        | 1/8 [01:02<07:17, 62.53s/it]
Fetching 8 files:  25%|██▌       | 2/8 [01:17<03:27, 34.61s/it]
Fetching 8 files:  50%|█████     | 4/8 [01:18<00:52, 13.10s/it]
Fetching 8 files:  88%|████████▊ | 7/8 [01:18<00:05,  5.65s/it]
Fetching 8 files: 100%|██████████| 8/8 [01:18<00:00,  9.81s/it]

Loading weights:   0%|          | 0/579 [00:00<?, ?it/s]
Loading weights:  68%|██████▊   | 391/579 [00:00<00:00, 3905.12it/s]
Loading weights: 100%|██████████| 579/579 [00:00<00:00, 3939.18it/s]
[v1-elicit] qwen_large       occ_gender             s0 gap=+0.326
[v1-elicit] qwen_large       crows_socioeconomic    s0 gap=+0.198
[v1-elicit] load falcon (tiiuae/Falcon3-7B-Instruct)

Fetching 4 files:   0%|          | 0/4 [00:00<?, ?it/s]
Fetching 4 files:  25%|██▌       | 1/4 [00:34<01:43, 34.39s/it]
Fetching 4 files:  50%|█████     | 2/4 [00:35<00:29, 14.97s/it]
Fetching 4 files: 100%|██████████| 4/4 [00:35<00:00,  8.94s/it]

Loading weights:   0%|          | 0/255 [00:00<?, ?it/s]
Loading weights: 100%|██████████| 255/255 [00:00<00:00, 4690.32it/s]
[v1-elicit] falcon           occ_gender             s0 gap=+0.167
[v1-elicit] falcon           crows_socioeconomic    s0 gap=+0.093
[v1-elicit] load olmo_large (allenai/OLMo-2-1124-13B-Instruct)

Fetching 6 files:   0%|          | 0/6 [00:00<?, ?it/s]
Fetching 6 files:  17%|█▋        | 1/6 [01:09<05:47, 69.55s/it]
Fetching 6 files: 100%|██████████| 6/6 [01:09<00:00, 11.59s/it]

Loading weights:   0%|          | 0/443 [00:00<?, ?it/s]
Loading weights:  90%|████████▉ | 397/443 [00:00<00:00, 3960.96it/s]
Loading weights: 100%|██████████| 443/443 [00:00<00:00, 3830.92it/s]
[v1-elicit] olmo_large       occ_gender             s0 gap=+0.410
[v1-elicit] olmo_large       crows_socioeconomic    s0 gap=+0.151
[v1-elicit] load falcon_large (tiiuae/Falcon3-10B-Instruct)

Fetching 5 files:   0%|          | 0/5 [00:00<?, ?it/s]
Fetching 5 files:  20%|██        | 1/5 [00:50<03:21, 50.39s/it]
Fetching 5 files: 100%|██████████| 5/5 [00:50<00:00, 10.10s/it]

Loading weights:   0%|          | 0/363 [00:00<?, ?it/s]
Loading weights: 100%|██████████| 363/363 [00:00<00:00, 4392.84it/s]
[v1-elicit] falcon_large     occ_gender             s0 gap=+0.396
[v1-elicit] falcon_large     crows_socioeconomic    s0 gap=+0.116

Fetching 4 files:   0%|          | 0/4 [00:00<?, ?it/s]
Fetching 4 files:  25%|██▌       | 1/4 [00:36<01:49, 36.58s/it]
Fetching 4 files: 100%|██████████| 4/4 [00:36<00:00,  9.14s/it]

Loading weights:   0%|          | 0/339 [00:00<?, ?it/s]
Loading weights: 100%|██████████| 339/339 [00:00<00:00, 3782.19it/s]
[v1] FAIL tgt=qwen occ_gender s0 self<-qwen:
Traceback (most recent call last):
  File "/content/colab_t4t2.py", line 905, in panel_run
    dwb, _ = train_task_vector(model, tok, c["biased"], rank=16, steps=250,
             ^^^^^^^^^^^^^^^^^^^^^^^^^^^^^^^^^^^^^^^^^^^^^^^^^^^^^^^^^^^^^^
  File "/content/colab_t4t2.py", line 200, in train_task_vector
    peft_model = get_peft_model(model, cfg)
                 ^^^^^^^^^^^^^^^^^^^^^^^^^^
  File "/usr/local/lib/python3.12/dist-packages/peft/mapping_func.py", line 122, in get_peft_model
    return MODEL_TYPE_TO_PEFT_MODEL_MAPPING[peft_config.task_type](
           ^^^^^^^^^^^^^^^^^^^^^^^^^^^^^^^^^^^^^^^^^^^^^^^^^^^^^^^^
  File "/usr/local/lib/python3.12/dist-packages/peft/peft_model.py", line 1955, in __init__
    super().__init__(model, peft_config, adapter_name, **kwargs)
  File "/usr/local/lib/python3.12/dist-packages/peft/peft_model.py", line 129, in __init__
    self.base_model = cls(model, {adapter_name: peft_config}, adapter_name)
                      ^^^^^^^^^^^^^^^^^^^^^^^^^^^^^^^^^^^^^^^^^^^^^^^^^^^^^
  File "/usr/local/lib/python3.12/dist-packages/peft/tuners/tuners_utils.py", line 315, in __init__
    self.inject_adapter(self.model, adapter_name, low_cpu_mem_usage=low_cpu_mem_usage, state_dict=state_dict)
  File "/usr/local/lib/python3.12/dist-packages/peft/tuners/tuners_utils.py", line 913, in inject_adapter
    self._create_and_replace(
  File "/usr/local/lib/python3.12/dist-packages/peft/tuners/lora/model.py", line 269, in _create_and_replace
    new_module = self._create_new_module(lora_config, adapter_name, target, device_map=device_map, **kwargs)
                 ^^^^^^^^^^^^^^^^^^^^^^^^^^^^^^^^^^^^^^^^^^^^^^^^^^^^^^^^^^^^^^^^^^^^^^^^^^^^^^^^^^^^^^^^^^^
  File "/usr/local/lib/python3.12/dist-packages/peft/tuners/lora/model.py", line 418, in _create_new_module
    new_module = dispatcher(target, adapter_name, config=lora_config, **kwargs)
                 ^^^^^^^^^^^^^^^^^^^^^^^^^^^^^^^^^^^^^^^^^^^^^^^^^^^^^^^^^^^^^^
  File "/usr/local/lib/python3.12/dist-packages/peft/tuners/lora/torchao.py", line 142, in dispatch_torchao
    if not is_torchao_available():
           ^^^^^^^^^^^^^^^^^^^^^^
  File "/usr/local/lib/python3.12/dist-packages/peft/import_utils.py", line 143, in is_torchao_available
    raise ImportError(
ImportError: Found an incompatible version of torchao. Found version 0.10.0, but only versions above 0.16.0 are supported
[v1] FAIL tgt=qwen occ_gender s0 same_large<-qwen_large:
Traceback (most recent call last):
  File "/content/colab_t4t2.py", line 905, in panel_run
    dwb, _ = train_task_vector(model, tok, c["biased"], rank=16, steps=250,
             ^^^^^^^^^^^^^^^^^^^^^^^^^^^^^^^^^^^^^^^^^^^^^^^^^^^^^^^^^^^^^^
  File "/content/colab_t4t2.py", line 200, in train_task_vector
    peft_model = get_peft_model(model, cfg)
                 ^^^^^^^^^^^^^^^^^^^^^^^^^^
  File "/usr/local/lib/python3.12/dist-packages/peft/mapping_func.py", line 122, in get_peft_model
    return MODEL_TYPE_TO_PEFT_MODEL_MAPPING[peft_config.task_type](
           ^^^^^^^^^^^^^^^^^^^^^^^^^^^^^^^^^^^^^^^^^^^^^^^^^^^^^^^^
  File "/usr/local/lib/python3.12/dist-packages/peft/peft_model.py", line 1955, in __init__
    super().__init__(model, peft_config, adapter_name, **kwargs)
  File "/usr/local/lib/python3.12/dist-packages/peft/peft_model.py", line 129, in __init__
    self.base_model = cls(model, {adapter_name: peft_config}, adapter_name)
                      ^^^^^^^^^^^^^^^^^^^^^^^^^^^^^^^^^^^^^^^^^^^^^^^^^^^^^
  File "/usr/local/lib/python3.12/dist-packages/peft/tuners/tuners_utils.py", line 315, in __init__
    self.inject_adapter(self.model, adapter_name, low_cpu_mem_usage=low_cpu_mem_usage, state_dict=state_dict)
  File "/usr/local/lib/python3.12/dist-packages/peft/tuners/tuners_utils.py", line 913, in inject_adapter
    self._create_and_replace(
  File "/usr/local/lib/python3.12/dist-packages/peft/tuners/lora/model.py", line 269, in _create_and_replace
    new_module = self._create_new_module(lora_config, adapter_name, target, device_map=device_map, **kwargs)
                 ^^^^^^^^^^^^^^^^^^^^^^^^^^^^^^^^^^^^^^^^^^^^^^^^^^^^^^^^^^^^^^^^^^^^^^^^^^^^^^^^^^^^^^^^^^^
  File "/usr/local/lib/python3.12/dist-packages/peft/tuners/lora/model.py", line 418, in _create_new_module
    new_module = dispatcher(target, adapter_name, config=lora_config, **kwargs)
                 ^^^^^^^^^^^^^^^^^^^^^^^^^^^^^^^^^^^^^^^^^^^^^^^^^^^^^^^^^^^^^^
  File "/usr/local/lib/python3.12/dist-packages/peft/tuners/lora/torchao.py", line 142, in dispatch_torchao
    if not is_torchao_available():
           ^^^^^^^^^^^^^^^^^^^^^^
  File "/usr/local/lib/python3.12/dist-packages/peft/import_utils.py", line 143, in is_torchao_available
    raise ImportError(
ImportError: Found an incompatible version of torchao. Found version 0.10.0, but only versions above 0.16.0 are supported
[v1] FAIL tgt=qwen occ_gender s0 cross<-llama:
Traceback (most recent call last):
  File "/content/colab_t4t2.py", line 905, in panel_run
    dwb, _ = train_task_vector(model, tok, c["biased"], rank=16, steps=250,
             ^^^^^^^^^^^^^^^^^^^^^^^^^^^^^^^^^^^^^^^^^^^^^^^^^^^^^^^^^^^^^^
  File "/content/colab_t4t2.py", line 200, in train_task_vector
    peft_model = get_peft_model(model, cfg)
                 ^^^^^^^^^^^^^^^^^^^^^^^^^^
  File "/usr/local/lib/python3.12/dist-packages/peft/mapping_func.py", line 122, in get_peft_model
    return MODEL_TYPE_TO_PEFT_MODEL_MAPPING[peft_config.task_type](
           ^^^^^^^^^^^^^^^^^^^^^^^^^^^^^^^^^^^^^^^^^^^^^^^^^^^^^^^^
  File "/usr/local/lib/python3.12/dist-packages/peft/peft_model.py", line 1955, in __init__
    super().__init__(model, peft_config, adapter_name, **kwargs)
  File "/usr/local/lib/python3.12/dist-packages/peft/peft_model.py", line 129, in __init__
    self.base_model = cls(model, {adapter_name: peft_config}, adapter_name)
                      ^^^^^^^^^^^^^^^^^^^^^^^^^^^^^^^^^^^^^^^^^^^^^^^^^^^^^
  File "/usr/local/lib/python3.12/dist-packages/peft/tuners/tuners_utils.py", line 315, in __init__
    self.inject_adapter(self.model, adapter_name, low_cpu_mem_usage=low_cpu_mem_usage, state_dict=state_dict)
  File "/usr/local/lib/python3.12/dist-packages/peft/tuners/tuners_utils.py", line 913, in inject_adapter
    self._create_and_replace(
  File "/usr/local/lib/python3.12/dist-packages/peft/tuners/lora/model.py", line 269, in _create_and_replace
    new_module = self._create_new_module(lora_config, adapter_name, target, device_map=device_map, **kwargs)
                 ^^^^^^^^^^^^^^^^^^^^^^^^^^^^^^^^^^^^^^^^^^^^^^^^^^^^^^^^^^^^^^^^^^^^^^^^^^^^^^^^^^^^^^^^^^^
  File "/usr/local/lib/python3.12/dist-packages/peft/tuners/lora/model.py", line 418, in _create_new_module
    new_module = dispatcher(target, adapter_name, config=lora_config, **kwargs)
                 ^^^^^^^^^^^^^^^^^^^^^^^^^^^^^^^^^^^^^^^^^^^^^^^^^^^^^^^^^^^^^^
  File "/usr/local/lib/python3.12/dist-packages/peft/tuners/lora/torchao.py", line 142, in dispatch_torchao
    if not is_torchao_available():
           ^^^^^^^^^^^^^^^^^^^^^^
  File "/usr/local/lib/python3.12/dist-packages/peft/import_utils.py", line 143, in is_torchao_available
    raise ImportError(
ImportError: Found an incompatible version of torchao. Found version 0.10.0, but only versions above 0.16.0 are supported
[v1] FAIL tgt=qwen occ_gender s0 cross<-gemma:
Traceback (most recent call last):
  File "/content/colab_t4t2.py", line 905, in panel_run
    dwb, _ = train_task_vector(model, tok, c["biased"], rank=16, steps=250,
             ^^^^^^^^^^^^^^^^^^^^^^^^^^^^^^^^^^^^^^^^^^^^^^^^^^^^^^^^^^^^^^
  File "/content/colab_t4t2.py", line 200, in train_task_vector
    peft_model = get_peft_model(model, cfg)
                 ^^^^^^^^^^^^^^^^^^^^^^^^^^
  File "/usr/local/lib/python3.12/dist-packages/peft/mapping_func.py", line 122, in get_peft_model
    return MODEL_TYPE_TO_PEFT_MODEL_MAPPING[peft_config.task_type](
           ^^^^^^^^^^^^^^^^^^^^^^^^^^^^^^^^^^^^^^^^^^^^^^^^^^^^^^^^
  File "/usr/local/lib/python3.12/dist-packages/peft/peft_model.py", line 1955, in __init__
    super().__init__(model, peft_config, adapter_name, **kwargs)
  File "/usr/local/lib/python3.12/dist-packages/peft/peft_model.py", line 129, in __init__
    self.base_model = cls(model, {adapter_name: peft_config}, adapter_name)
                      ^^^^^^^^^^^^^^^^^^^^^^^^^^^^^^^^^^^^^^^^^^^^^^^^^^^^^
  File "/usr/local/lib/python3.12/dist-packages/peft/tuners/tuners_utils.py", line 315, in __init__
    self.inject_adapter(self.model, adapter_name, low_cpu_mem_usage=low_cpu_mem_usage, state_dict=state_dict)
  File "/usr/local/lib/python3.12/dist-packages/peft/tuners/tuners_utils.py", line 913, in inject_adapter
    self._create_and_replace(
  File "/usr/local/lib/python3.12/dist-packages/peft/tuners/lora/model.py", line 269, in _create_and_replace
    new_module = self._create_new_module(lora_config, adapter_name, target, device_map=device_map, **kwargs)
                 ^^^^^^^^^^^^^^^^^^^^^^^^^^^^^^^^^^^^^^^^^^^^^^^^^^^^^^^^^^^^^^^^^^^^^^^^^^^^^^^^^^^^^^^^^^^
  File "/usr/local/lib/python3.12/dist-packages/peft/tuners/lora/model.py", line 418, in _create_new_module
    new_module = dispatcher(target, adapter_name, config=lora_config, **kwargs)
                 ^^^^^^^^^^^^^^^^^^^^^^^^^^^^^^^^^^^^^^^^^^^^^^^^^^^^^^^^^^^^^^
  File "/usr/local/lib/python3.12/dist-packages/peft/tuners/lora/torchao.py", line 142, in dispatch_torchao
    if not is_torchao_available():
           ^^^^^^^^^^^^^^^^^^^^^^
  File "/usr/local/lib/python3.12/dist-packages/peft/import_utils.py", line 143, in is_torchao_available
    raise ImportError(
ImportError: Found an incompatible version of torchao. Found version 0.10.0, but only versions above 0.16.0 are supported
[v1] FAIL tgt=qwen occ_gender s0 cross<-olmo:
Traceback (most recent call last):
  File "/content/colab_t4t2.py", line 905, in panel_run
    dwb, _ = train_task_vector(model, tok, c["biased"], rank=16, steps=250,
             ^^^^^^^^^^^^^^^^^^^^^^^^^^^^^^^^^^^^^^^^^^^^^^^^^^^^^^^^^^^^^^
  File "/content/colab_t4t2.py", line 200, in train_task_vector
    peft_model = get_peft_model(model, cfg)
                 ^^^^^^^^^^^^^^^^^^^^^^^^^^
  File "/usr/local/lib/python3.12/dist-packages/peft/mapping_func.py", line 122, in get_peft_model
    return MODEL_TYPE_TO_PEFT_MODEL_MAPPING[peft_config.task_type](
           ^^^^^^^^^^^^^^^^^^^^^^^^^^^^^^^^^^^^^^^^^^^^^^^^^^^^^^^^
  File "/usr/local/lib/python3.12/dist-packages/peft/peft_model.py", line 1955, in __init__
    super().__init__(model, peft_config, adapter_name, **kwargs)
  File "/usr/local/lib/python3.12/dist-packages/peft/peft_model.py", line 129, in __init__
    self.base_model = cls(model, {adapter_name: peft_config}, adapter_name)
                      ^^^^^^^^^^^^^^^^^^^^^^^^^^^^^^^^^^^^^^^^^^^^^^^^^^^^^
  File "/usr/local/lib/python3.12/dist-packages/peft/tuners/tuners_utils.py", line 315, in __init__
    self.inject_adapter(self.model, adapter_name, low_cpu_mem_usage=low_cpu_mem_usage, state_dict=state_dict)
  File "/usr/local/lib/python3.12/dist-packages/peft/tuners/tuners_utils.py", line 913, in inject_adapter
    self._create_and_replace(
  File "/usr/local/lib/python3.12/dist-packages/peft/tuners/lora/model.py", line 269, in _create_and_replace
    new_module = self._create_new_module(lora_config, adapter_name, target, device_map=device_map, **kwargs)
                 ^^^^^^^^^^^^^^^^^^^^^^^^^^^^^^^^^^^^^^^^^^^^^^^^^^^^^^^^^^^^^^^^^^^^^^^^^^^^^^^^^^^^^^^^^^^
  File "/usr/local/lib/python3.12/dist-packages/peft/tuners/lora/model.py", line 418, in _create_new_module
    new_module = dispatcher(target, adapter_name, config=lora_config, **kwargs)
                 ^^^^^^^^^^^^^^^^^^^^^^^^^^^^^^^^^^^^^^^^^^^^^^^^^^^^^^^^^^^^^^
  File "/usr/local/lib/python3.12/dist-packages/peft/tuners/lora/torchao.py", line 142, in dispatch_torchao
    if not is_torchao_available():
           ^^^^^^^^^^^^^^^^^^^^^^
  File "/usr/local/lib/python3.12/dist-packages/peft/import_utils.py", line 143, in is_torchao_available
    raise ImportError(
ImportError: Found an incompatible version of torchao. Found version 0.10.0, but only versions above 0.16.0 are supported
[v1] FAIL tgt=qwen occ_gender s0 cross<-granite:
Traceback (most recent call last):
  File "/content/colab_t4t2.py", line 905, in panel_run
    dwb, _ = train_task_vector(model, tok, c["biased"], rank=16, steps=250,
             ^^^^^^^^^^^^^^^^^^^^^^^^^^^^^^^^^^^^^^^^^^^^^^^^^^^^^^^^^^^^^^
  File "/content/colab_t4t2.py", line 200, in train_task_vector
    peft_model = get_peft_model(model, cfg)
                 ^^^^^^^^^^^^^^^^^^^^^^^^^^
  File "/usr/local/lib/python3.12/dist-packages/peft/mapping_func.py", line 122, in get_peft_model
    return MODEL_TYPE_TO_PEFT_MODEL_MAPPING[peft_config.task_type](
           ^^^^^^^^^^^^^^^^^^^^^^^^^^^^^^^^^^^^^^^^^^^^^^^^^^^^^^^^
  File "/usr/local/lib/python3.12/dist-packages/peft/peft_model.py", line 1955, in __init__
    super().__init__(model, peft_config, adapter_name, **kwargs)
  File "/usr/local/lib/python3.12/dist-packages/peft/peft_model.py", line 129, in __init__
    self.base_model = cls(model, {adapter_name: peft_config}, adapter_name)
                      ^^^^^^^^^^^^^^^^^^^^^^^^^^^^^^^^^^^^^^^^^^^^^^^^^^^^^
  File "/usr/local/lib/python3.12/dist-packages/peft/tuners/tuners_utils.py", line 315, in __init__
    self.inject_adapter(self.model, adapter_name, low_cpu_mem_usage=low_cpu_mem_usage, state_dict=state_dict)
  File "/usr/local/lib/python3.12/dist-packages/peft/tuners/tuners_utils.py", line 913, in inject_adapter
    self._create_and_replace(
  File "/usr/local/lib/python3.12/dist-packages/peft/tuners/lora/model.py", line 269, in _create_and_replace
    new_module = self._create_new_module(lora_config, adapter_name, target, device_map=device_map, **kwargs)
                 ^^^^^^^^^^^^^^^^^^^^^^^^^^^^^^^^^^^^^^^^^^^^^^^^^^^^^^^^^^^^^^^^^^^^^^^^^^^^^^^^^^^^^^^^^^^
  File "/usr/local/lib/python3.12/dist-packages/peft/tuners/lora/model.py", line 418, in _create_new_module
    new_module = dispatcher(target, adapter_name, config=lora_config, **kwargs)
                 ^^^^^^^^^^^^^^^^^^^^^^^^^^^^^^^^^^^^^^^^^^^^^^^^^^^^^^^^^^^^^^
  File "/usr/local/lib/python3.12/dist-packages/peft/tuners/lora/torchao.py", line 142, in dispatch_torchao
    if not is_torchao_available():
           ^^^^^^^^^^^^^^^^^^^^^^
  File "/usr/local/lib/python3.12/dist-packages/peft/import_utils.py", line 143, in is_torchao_available
    raise ImportError(
ImportError: Found an incompatible version of torchao. Found version 0.10.0, but only versions above 0.16.0 are supported
[v1] FAIL tgt=qwen occ_gender s0 cross<-falcon:
Traceback (most recent call last):
  File "/content/colab_t4t2.py", line 905, in panel_run
    dwb, _ = train_task_vector(model, tok, c["biased"], rank=16, steps=250,
             ^^^^^^^^^^^^^^^^^^^^^^^^^^^^^^^^^^^^^^^^^^^^^^^^^^^^^^^^^^^^^^
  File "/content/colab_t4t2.py", line 200, in train_task_vector
    peft_model = get_peft_model(model, cfg)
                 ^^^^^^^^^^^^^^^^^^^^^^^^^^
  File "/usr/local/lib/python3.12/dist-packages/peft/mapping_func.py", line 122, in get_peft_model
    return MODEL_TYPE_TO_PEFT_MODEL_MAPPING[peft_config.task_type](
           ^^^^^^^^^^^^^^^^^^^^^^^^^^^^^^^^^^^^^^^^^^^^^^^^^^^^^^^^
  File "/usr/local/lib/python3.12/dist-packages/peft/peft_model.py", line 1955, in __init__
    super().__init__(model, peft_config, adapter_name, **kwargs)
  File "/usr/local/lib/python3.12/dist-packages/peft/peft_model.py", line 129, in __init__
    self.base_model = cls(model, {adapter_name: peft_config}, adapter_name)
                      ^^^^^^^^^^^^^^^^^^^^^^^^^^^^^^^^^^^^^^^^^^^^^^^^^^^^^
  File "/usr/local/lib/python3.12/dist-packages/peft/tuners/tuners_utils.py", line 315, in __init__
    self.inject_adapter(self.model, adapter_name, low_cpu_mem_usage=low_cpu_mem_usage, state_dict=state_dict)
  File "/usr/local/lib/python3.12/dist-packages/peft/tuners/tuners_utils.py", line 913, in inject_adapter
    self._create_and_replace(
  File "/usr/local/lib/python3.12/dist-packages/peft/tuners/lora/model.py", line 269, in _create_and_replace
    new_module = self._create_new_module(lora_config, adapter_name, target, device_map=device_map, **kwargs)
                 ^^^^^^^^^^^^^^^^^^^^^^^^^^^^^^^^^^^^^^^^^^^^^^^^^^^^^^^^^^^^^^^^^^^^^^^^^^^^^^^^^^^^^^^^^^^
  File "/usr/local/lib/python3.12/dist-packages/peft/tuners/lora/model.py", line 418, in _create_new_module
    new_module = dispatcher(target, adapter_name, config=lora_config, **kwargs)
                 ^^^^^^^^^^^^^^^^^^^^^^^^^^^^^^^^^^^^^^^^^^^^^^^^^^^^^^^^^^^^^^
  File "/usr/local/lib/python3.12/dist-packages/peft/tuners/lora/torchao.py", line 142, in dispatch_torchao
    if not is_torchao_available():
           ^^^^^^^^^^^^^^^^^^^^^^
  File "/usr/local/lib/python3.12/dist-packages/peft/import_utils.py", line 143, in is_torchao_available
    raise ImportError(
ImportError: Found an incompatible version of torchao. Found version 0.10.0, but only versions above 0.16.0 are supported
[v1] FAIL tgt=qwen crows_socioeconomic s0 self<-qwen:
Traceback (most recent call last):
  File "/content/colab_t4t2.py", line 905, in panel_run
    dwb, _ = train_task_vector(model, tok, c["biased"], rank=16, steps=250,
             ^^^^^^^^^^^^^^^^^^^^^^^^^^^^^^^^^^^^^^^^^^^^^^^^^^^^^^^^^^^^^^
  File "/content/colab_t4t2.py", line 200, in train_task_vector
    peft_model = get_peft_model(model, cfg)
                 ^^^^^^^^^^^^^^^^^^^^^^^^^^
  File "/usr/local/lib/python3.12/dist-packages/peft/mapping_func.py", line 122, in get_peft_model
    return MODEL_TYPE_TO_PEFT_MODEL_MAPPING[peft_config.task_type](
           ^^^^^^^^^^^^^^^^^^^^^^^^^^^^^^^^^^^^^^^^^^^^^^^^^^^^^^^^
  File "/usr/local/lib/python3.12/dist-packages/peft/peft_model.py", line 1955, in __init__
    super().__init__(model, peft_config, adapter_name, **kwargs)
  File "/usr/local/lib/python3.12/dist-packages/peft/peft_model.py", line 129, in __init__
    self.base_model = cls(model, {adapter_name: peft_config}, adapter_name)
                      ^^^^^^^^^^^^^^^^^^^^^^^^^^^^^^^^^^^^^^^^^^^^^^^^^^^^^
  File "/usr/local/lib/python3.12/dist-packages/peft/tuners/tuners_utils.py", line 315, in __init__
    self.inject_adapter(self.model, adapter_name, low_cpu_mem_usage=low_cpu_mem_usage, state_dict=state_dict)
  File "/usr/local/lib/python3.12/dist-packages/peft/tuners/tuners_utils.py", line 913, in inject_adapter
    self._create_and_replace(
  File "/usr/local/lib/python3.12/dist-packages/peft/tuners/lora/model.py", line 269, in _create_and_replace
    new_module = self._create_new_module(lora_config, adapter_name, target, device_map=device_map, **kwargs)
                 ^^^^^^^^^^^^^^^^^^^^^^^^^^^^^^^^^^^^^^^^^^^^^^^^^^^^^^^^^^^^^^^^^^^^^^^^^^^^^^^^^^^^^^^^^^^
  File "/usr/local/lib/python3.12/dist-packages/peft/tuners/lora/model.py", line 418, in _create_new_module
    new_module = dispatcher(target, adapter_name, config=lora_config, **kwargs)
                 ^^^^^^^^^^^^^^^^^^^^^^^^^^^^^^^^^^^^^^^^^^^^^^^^^^^^^^^^^^^^^^
  File "/usr/local/lib/python3.12/dist-packages/peft/tuners/lora/torchao.py", line 142, in dispatch_torchao
    if not is_torchao_available():
           ^^^^^^^^^^^^^^^^^^^^^^
  File "/usr/local/lib/python3.12/dist-packages/peft/import_utils.py", line 143, in is_torchao_available
    raise ImportError(
ImportError: Found an incompatible version of torchao. Found version 0.10.0, but only versions above 0.16.0 are supported
[v1] FAIL tgt=qwen crows_socioeconomic s0 same_large<-qwen_large:
Traceback (most recent call last):
  File "/content/colab_t4t2.py", line 905, in panel_run
    dwb, _ = train_task_vector(model, tok, c["biased"], rank=16, steps=250,
             ^^^^^^^^^^^^^^^^^^^^^^^^^^^^^^^^^^^^^^^^^^^^^^^^^^^^^^^^^^^^^^
  File "/content/colab_t4t2.py", line 200, in train_task_vector
    peft_model = get_peft_model(model, cfg)
                 ^^^^^^^^^^^^^^^^^^^^^^^^^^
  File "/usr/local/lib/python3.12/dist-packages/peft/mapping_func.py", line 122, in get_peft_model
    return MODEL_TYPE_TO_PEFT_MODEL_MAPPING[peft_config.task_type](
           ^^^^^^^^^^^^^^^^^^^^^^^^^^^^^^^^^^^^^^^^^^^^^^^^^^^^^^^^
  File "/usr/local/lib/python3.12/dist-packages/peft/peft_model.py", line 1955, in __init__
    super().__init__(model, peft_config, adapter_name, **kwargs)
  File "/usr/local/lib/python3.12/dist-packages/peft/peft_model.py", line 129, in __init__
    self.base_model = cls(model, {adapter_name: peft_config}, adapter_name)
                      ^^^^^^^^^^^^^^^^^^^^^^^^^^^^^^^^^^^^^^^^^^^^^^^^^^^^^
  File "/usr/local/lib/python3.12/dist-packages/peft/tuners/tuners_utils.py", line 315, in __init__
    self.inject_adapter(self.model, adapter_name, low_cpu_mem_usage=low_cpu_mem_usage, state_dict=state_dict)
  File "/usr/local/lib/python3.12/dist-packages/peft/tuners/tuners_utils.py", line 913, in inject_adapter
    self._create_and_replace(
  File "/usr/local/lib/python3.12/dist-packages/peft/tuners/lora/model.py", line 269, in _create_and_replace
    new_module = self._create_new_module(lora_config, adapter_name, target, device_map=device_map, **kwargs)
                 ^^^^^^^^^^^^^^^^^^^^^^^^^^^^^^^^^^^^^^^^^^^^^^^^^^^^^^^^^^^^^^^^^^^^^^^^^^^^^^^^^^^^^^^^^^^
  File "/usr/local/lib/python3.12/dist-packages/peft/tuners/lora/model.py", line 418, in _create_new_module
    new_module = dispatcher(target, adapter_name, config=lora_config, **kwargs)
                 ^^^^^^^^^^^^^^^^^^^^^^^^^^^^^^^^^^^^^^^^^^^^^^^^^^^^^^^^^^^^^^
  File "/usr/local/lib/python3.12/dist-packages/peft/tuners/lora/torchao.py", line 142, in dispatch_torchao
    if not is_torchao_available():
           ^^^^^^^^^^^^^^^^^^^^^^
  File "/usr/local/lib/python3.12/dist-packages/peft/import_utils.py", line 143, in is_torchao_available
    raise ImportError(
ImportError: Found an incompatible version of torchao. Found version 0.10.0, but only versions above 0.16.0 are supported
[v1] FAIL tgt=qwen crows_socioeconomic s0 cross<-llama:
Traceback (most recent call last):
  File "/content/colab_t4t2.py", line 905, in panel_run
    dwb, _ = train_task_vector(model, tok, c["biased"], rank=16, steps=250,
             ^^^^^^^^^^^^^^^^^^^^^^^^^^^^^^^^^^^^^^^^^^^^^^^^^^^^^^^^^^^^^^
  File "/content/colab_t4t2.py", line 200, in train_task_vector
    peft_model = get_peft_model(model, cfg)
                 ^^^^^^^^^^^^^^^^^^^^^^^^^^
  File "/usr/local/lib/python3.12/dist-packages/peft/mapping_func.py", line 122, in get_peft_model
    return MODEL_TYPE_TO_PEFT_MODEL_MAPPING[peft_config.task_type](
           ^^^^^^^^^^^^^^^^^^^^^^^^^^^^^^^^^^^^^^^^^^^^^^^^^^^^^^^^
  File "/usr/local/lib/python3.12/dist-packages/peft/peft_model.py", line 1955, in __init__
    super().__init__(model, peft_config, adapter_name, **kwargs)
  File "/usr/local/lib/python3.12/dist-packages/peft/peft_model.py", line 129, in __init__
    self.base_model = cls(model, {adapter_name: peft_config}, adapter_name)
                      ^^^^^^^^^^^^^^^^^^^^^^^^^^^^^^^^^^^^^^^^^^^^^^^^^^^^^
  File "/usr/local/lib/python3.12/dist-packages/peft/tuners/tuners_utils.py", line 315, in __init__
    self.inject_adapter(self.model, adapter_name, low_cpu_mem_usage=low_cpu_mem_usage, state_dict=state_dict)
  File "/usr/local/lib/python3.12/dist-packages/peft/tuners/tuners_utils.py", line 913, in inject_adapter
    self._create_and_replace(
  File "/usr/local/lib/python3.12/dist-packages/peft/tuners/lora/model.py", line 269, in _create_and_replace
    new_module = self._create_new_module(lora_config, adapter_name, target, device_map=device_map, **kwargs)
                 ^^^^^^^^^^^^^^^^^^^^^^^^^^^^^^^^^^^^^^^^^^^^^^^^^^^^^^^^^^^^^^^^^^^^^^^^^^^^^^^^^^^^^^^^^^^
  File "/usr/local/lib/python3.12/dist-packages/peft/tuners/lora/model.py", line 418, in _create_new_module
    new_module = dispatcher(target, adapter_name, config=lora_config, **kwargs)
                 ^^^^^^^^^^^^^^^^^^^^^^^^^^^^^^^^^^^^^^^^^^^^^^^^^^^^^^^^^^^^^^
  File "/usr/local/lib/python3.12/dist-packages/peft/tuners/lora/torchao.py", line 142, in dispatch_torchao
    if not is_torchao_available():
           ^^^^^^^^^^^^^^^^^^^^^^
  File "/usr/local/lib/python3.12/dist-packages/peft/import_utils.py", line 143, in is_torchao_available
    raise ImportError(
ImportError: Found an incompatible version of torchao. Found version 0.10.0, but only versions above 0.16.0 are supported
[v1] FAIL tgt=qwen crows_socioeconomic s0 cross<-gemma:
Traceback (most recent call last):
  File "/content/colab_t4t2.py", line 905, in panel_run
    dwb, _ = train_task_vector(model, tok, c["biased"], rank=16, steps=250,
             ^^^^^^^^^^^^^^^^^^^^^^^^^^^^^^^^^^^^^^^^^^^^^^^^^^^^^^^^^^^^^^
  File "/content/colab_t4t2.py", line 200, in train_task_vector
    peft_model = get_peft_model(model, cfg)
                 ^^^^^^^^^^^^^^^^^^^^^^^^^^
  File "/usr/local/lib/python3.12/dist-packages/peft/mapping_func.py", line 122, in get_peft_model
    return MODEL_TYPE_TO_PEFT_MODEL_MAPPING[peft_config.task_type](
           ^^^^^^^^^^^^^^^^^^^^^^^^^^^^^^^^^^^^^^^^^^^^^^^^^^^^^^^^
  File "/usr/local/lib/python3.12/dist-packages/peft/peft_model.py", line 1955, in __init__
    super().__init__(model, peft_config, adapter_name, **kwargs)
  File "/usr/local/lib/python3.12/dist-packages/peft/peft_model.py", line 129, in __init__
    self.base_model = cls(model, {adapter_name: peft_config}, adapter_name)
                      ^^^^^^^^^^^^^^^^^^^^^^^^^^^^^^^^^^^^^^^^^^^^^^^^^^^^^
  File "/usr/local/lib/python3.12/dist-packages/peft/tuners/tuners_utils.py", line 315, in __init__
    self.inject_adapter(self.model, adapter_name, low_cpu_mem_usage=low_cpu_mem_usage, state_dict=state_dict)
  File "/usr/local/lib/python3.12/dist-packages/peft/tuners/tuners_utils.py", line 913, in inject_adapter
    self._create_and_replace(
  File "/usr/local/lib/python3.12/dist-packages/peft/tuners/lora/model.py", line 269, in _create_and_replace
    new_module = self._create_new_module(lora_config, adapter_name, target, device_map=device_map, **kwargs)
                 ^^^^^^^^^^^^^^^^^^^^^^^^^^^^^^^^^^^^^^^^^^^^^^^^^^^^^^^^^^^^^^^^^^^^^^^^^^^^^^^^^^^^^^^^^^^
  File "/usr/local/lib/python3.12/dist-packages/peft/tuners/lora/model.py", line 418, in _create_new_module
    new_module = dispatcher(target, adapter_name, config=lora_config, **kwargs)
                 ^^^^^^^^^^^^^^^^^^^^^^^^^^^^^^^^^^^^^^^^^^^^^^^^^^^^^^^^^^^^^^
  File "/usr/local/lib/python3.12/dist-packages/peft/tuners/lora/torchao.py", line 142, in dispatch_torchao
    if not is_torchao_available():
           ^^^^^^^^^^^^^^^^^^^^^^
  File "/usr/local/lib/python3.12/dist-packages/peft/import_utils.py", line 143, in is_torchao_available
    raise ImportError(
ImportError: Found an incompatible version of torchao. Found version 0.10.0, but only versions above 0.16.0 are supported
[v1] FAIL tgt=qwen crows_socioeconomic s0 cross<-olmo:
Traceback (most recent call last):
  File "/content/colab_t4t2.py", line 905, in panel_run
    dwb, _ = train_task_vector(model, tok, c["biased"], rank=16, steps=250,
             ^^^^^^^^^^^^^^^^^^^^^^^^^^^^^^^^^^^^^^^^^^^^^^^^^^^^^^^^^^^^^^
  File "/content/colab_t4t2.py", line 200, in train_task_vector
    peft_model = get_peft_model(model, cfg)
                 ^^^^^^^^^^^^^^^^^^^^^^^^^^
  File "/usr/local/lib/python3.12/dist-packages/peft/mapping_func.py", line 122, in get_peft_model
    return MODEL_TYPE_TO_PEFT_MODEL_MAPPING[peft_config.task_type](
           ^^^^^^^^^^^^^^^^^^^^^^^^^^^^^^^^^^^^^^^^^^^^^^^^^^^^^^^^
  File "/usr/local/lib/python3.12/dist-packages/peft/peft_model.py", line 1955, in __init__
    super().__init__(model, peft_config, adapter_name, **kwargs)
  File "/usr/local/lib/python3.12/dist-packages/peft/peft_model.py", line 129, in __init__
    self.base_model = cls(model, {adapter_name: peft_config}, adapter_name)
                      ^^^^^^^^^^^^^^^^^^^^^^^^^^^^^^^^^^^^^^^^^^^^^^^^^^^^^
  File "/usr/local/lib/python3.12/dist-packages/peft/tuners/tuners_utils.py", line 315, in __init__
    self.inject_adapter(self.model, adapter_name, low_cpu_mem_usage=low_cpu_mem_usage, state_dict=state_dict)
  File "/usr/local/lib/python3.12/dist-packages/peft/tuners/tuners_utils.py", line 913, in inject_adapter
    self._create_and_replace(
  File "/usr/local/lib/python3.12/dist-packages/peft/tuners/lora/model.py", line 269, in _create_and_replace
    new_module = self._create_new_module(lora_config, adapter_name, target, device_map=device_map, **kwargs)
                 ^^^^^^^^^^^^^^^^^^^^^^^^^^^^^^^^^^^^^^^^^^^^^^^^^^^^^^^^^^^^^^^^^^^^^^^^^^^^^^^^^^^^^^^^^^^
  File "/usr/local/lib/python3.12/dist-packages/peft/tuners/lora/model.py", line 418, in _create_new_module
    new_module = dispatcher(target, adapter_name, config=lora_config, **kwargs)
                 ^^^^^^^^^^^^^^^^^^^^^^^^^^^^^^^^^^^^^^^^^^^^^^^^^^^^^^^^^^^^^^
  File "/usr/local/lib/python3.12/dist-packages/peft/tuners/lora/torchao.py", line 142, in dispatch_torchao
    if not is_torchao_available():
           ^^^^^^^^^^^^^^^^^^^^^^
  File "/usr/local/lib/python3.12/dist-packages/peft/import_utils.py", line 143, in is_torchao_available
    raise ImportError(
ImportError: Found an incompatible version of torchao. Found version 0.10.0, but only versions above 0.16.0 are supported
[v1] FAIL tgt=qwen crows_socioeconomic s0 cross<-granite:
Traceback (most recent call last):
  File "/content/colab_t4t2.py", line 905, in panel_run
    dwb, _ = train_task_vector(model, tok, c["biased"], rank=16, steps=250,
             ^^^^^^^^^^^^^^^^^^^^^^^^^^^^^^^^^^^^^^^^^^^^^^^^^^^^^^^^^^^^^^
  File "/content/colab_t4t2.py", line 200, in train_task_vector
    peft_model = get_peft_model(model, cfg)
                 ^^^^^^^^^^^^^^^^^^^^^^^^^^
  File "/usr/local/lib/python3.12/dist-packages/peft/mapping_func.py", line 122, in get_peft_model
    return MODEL_TYPE_TO_PEFT_MODEL_MAPPING[peft_config.task_type](
           ^^^^^^^^^^^^^^^^^^^^^^^^^^^^^^^^^^^^^^^^^^^^^^^^^^^^^^^^
  File "/usr/local/lib/python3.12/dist-packages/peft/peft_model.py", line 1955, in __init__
    super().__init__(model, peft_config, adapter_name, **kwargs)
  File "/usr/local/lib/python3.12/dist-packages/peft/peft_model.py", line 129, in __init__
    self.base_model = cls(model, {adapter_name: peft_config}, adapter_name)
                      ^^^^^^^^^^^^^^^^^^^^^^^^^^^^^^^^^^^^^^^^^^^^^^^^^^^^^
  File "/usr/local/lib/python3.12/dist-packages/peft/tuners/tuners_utils.py", line 315, in __init__
    self.inject_adapter(self.model, adapter_name, low_cpu_mem_usage=low_cpu_mem_usage, state_dict=state_dict)
  File "/usr/local/lib/python3.12/dist-packages/peft/tuners/tuners_utils.py", line 913, in inject_adapter
    self._create_and_replace(
  File "/usr/local/lib/python3.12/dist-packages/peft/tuners/lora/model.py", line 269, in _create_and_replace
    new_module = self._create_new_module(lora_config, adapter_name, target, device_map=device_map, **kwargs)
                 ^^^^^^^^^^^^^^^^^^^^^^^^^^^^^^^^^^^^^^^^^^^^^^^^^^^^^^^^^^^^^^^^^^^^^^^^^^^^^^^^^^^^^^^^^^^
  File "/usr/local/lib/python3.12/dist-packages/peft/tuners/lora/model.py", line 418, in _create_new_module
    new_module = dispatcher(target, adapter_name, config=lora_config, **kwargs)
                 ^^^^^^^^^^^^^^^^^^^^^^^^^^^^^^^^^^^^^^^^^^^^^^^^^^^^^^^^^^^^^^
  File "/usr/local/lib/python3.12/dist-packages/peft/tuners/lora/torchao.py", line 142, in dispatch_torchao
    if not is_torchao_available():
           ^^^^^^^^^^^^^^^^^^^^^^
  File "/usr/local/lib/python3.12/dist-packages/peft/import_utils.py", line 143, in is_torchao_available
    raise ImportError(
ImportError: Found an incompatible version of torchao. Found version 0.10.0, but only versions above 0.16.0 are supported
[v1] FAIL tgt=qwen crows_socioeconomic s0 cross<-falcon:
Traceback (most recent call last):
  File "/content/colab_t4t2.py", line 905, in panel_run
    dwb, _ = train_task_vector(model, tok, c["biased"], rank=16, steps=250,
             ^^^^^^^^^^^^^^^^^^^^^^^^^^^^^^^^^^^^^^^^^^^^^^^^^^^^^^^^^^^^^^
  File "/content/colab_t4t2.py", line 200, in train_task_vector
    peft_model = get_peft_model(model, cfg)
                 ^^^^^^^^^^^^^^^^^^^^^^^^^^
  File "/usr/local/lib/python3.12/dist-packages/peft/mapping_func.py", line 122, in get_peft_model
    return MODEL_TYPE_TO_PEFT_MODEL_MAPPING[peft_config.task_type](
           ^^^^^^^^^^^^^^^^^^^^^^^^^^^^^^^^^^^^^^^^^^^^^^^^^^^^^^^^
  File "/usr/local/lib/python3.12/dist-packages/peft/peft_model.py", line 1955, in __init__
    super().__init__(model, peft_config, adapter_name, **kwargs)
  File "/usr/local/lib/python3.12/dist-packages/peft/peft_model.py", line 129, in __init__
    self.base_model = cls(model, {adapter_name: peft_config}, adapter_name)
                      ^^^^^^^^^^^^^^^^^^^^^^^^^^^^^^^^^^^^^^^^^^^^^^^^^^^^^
  File "/usr/local/lib/python3.12/dist-packages/peft/tuners/tuners_utils.py", line 315, in __init__
    self.inject_adapter(self.model, adapter_name, low_cpu_mem_usage=low_cpu_mem_usage, state_dict=state_dict)
  File "/usr/local/lib/python3.12/dist-packages/peft/tuners/tuners_utils.py", line 913, in inject_adapter
    self._create_and_replace(
  File "/usr/local/lib/python3.12/dist-packages/peft/tuners/lora/model.py", line 269, in _create_and_replace
    new_module = self._create_new_module(lora_config, adapter_name, target, device_map=device_map, **kwargs)
                 ^^^^^^^^^^^^^^^^^^^^^^^^^^^^^^^^^^^^^^^^^^^^^^^^^^^^^^^^^^^^^^^^^^^^^^^^^^^^^^^^^^^^^^^^^^^
  File "/usr/local/lib/python3.12/dist-packages/peft/tuners/lora/model.py", line 418, in _create_new_module
    new_module = dispatcher(target, adapter_name, config=lora_config, **kwargs)
                 ^^^^^^^^^^^^^^^^^^^^^^^^^^^^^^^^^^^^^^^^^^^^^^^^^^^^^^^^^^^^^^
  File "/usr/local/lib/python3.12/dist-packages/peft/tuners/lora/torchao.py", line 142, in dispatch_torchao
    if not is_torchao_available():
           ^^^^^^^^^^^^^^^^^^^^^^
  File "/usr/local/lib/python3.12/dist-packages/peft/import_utils.py", line 143, in is_torchao_available
    raise ImportError(
ImportError: Found an incompatible version of torchao. Found version 0.10.0, but only versions above 0.16.0 are supported

Fetching 3 files:   0%|          | 0/3 [00:00<?, ?it/s]
Fetching 3 files:  33%|███▎      | 1/3 [00:42<01:24, 42.27s/it]
Fetching 3 files: 100%|██████████| 3/3 [00:42<00:00, 14.09s/it]

Loading weights:   0%|          | 0/355 [00:00<?, ?it/s]
Loading weights: 100%|██████████| 355/355 [00:00<00:00, 3710.57it/s]
[v1] FAIL tgt=olmo occ_gender s0 self<-olmo:
Traceback (most recent call last):
  File "/content/colab_t4t2.py", line 905, in panel_run
    dwb, _ = train_task_vector(model, tok, c["biased"], rank=16, steps=250,
             ^^^^^^^^^^^^^^^^^^^^^^^^^^^^^^^^^^^^^^^^^^^^^^^^^^^^^^^^^^^^^^
  File "/content/colab_t4t2.py", line 200, in train_task_vector
    peft_model = get_peft_model(model, cfg)
                 ^^^^^^^^^^^^^^^^^^^^^^^^^^
  File "/usr/local/lib/python3.12/dist-packages/peft/mapping_func.py", line 122, in get_peft_model
    return MODEL_TYPE_TO_PEFT_MODEL_MAPPING[peft_config.task_type](
           ^^^^^^^^^^^^^^^^^^^^^^^^^^^^^^^^^^^^^^^^^^^^^^^^^^^^^^^^
  File "/usr/local/lib/python3.12/dist-packages/peft/peft_model.py", line 1955, in __init__
    super().__init__(model, peft_config, adapter_name, **kwargs)
  File "/usr/local/lib/python3.12/dist-packages/peft/peft_model.py", line 129, in __init__
    self.base_model = cls(model, {adapter_name: peft_config}, adapter_name)
                      ^^^^^^^^^^^^^^^^^^^^^^^^^^^^^^^^^^^^^^^^^^^^^^^^^^^^^
  File "/usr/local/lib/python3.12/dist-packages/peft/tuners/tuners_utils.py", line 315, in __init__
    self.inject_adapter(self.model, adapter_name, low_cpu_mem_usage=low_cpu_mem_usage, state_dict=state_dict)
  File "/usr/local/lib/python3.12/dist-packages/peft/tuners/tuners_utils.py", line 913, in inject_adapter
    self._create_and_replace(
  File "/usr/local/lib/python3.12/dist-packages/peft/tuners/lora/model.py", line 269, in _create_and_replace
    new_module = self._create_new_module(lora_config, adapter_name, target, device_map=device_map, **kwargs)
                 ^^^^^^^^^^^^^^^^^^^^^^^^^^^^^^^^^^^^^^^^^^^^^^^^^^^^^^^^^^^^^^^^^^^^^^^^^^^^^^^^^^^^^^^^^^^
  File "/usr/local/lib/python3.12/dist-packages/peft/tuners/lora/model.py", line 418, in _create_new_module
    new_module = dispatcher(target, adapter_name, config=lora_config, **kwargs)
                 ^^^^^^^^^^^^^^^^^^^^^^^^^^^^^^^^^^^^^^^^^^^^^^^^^^^^^^^^^^^^^^
  File "/usr/local/lib/python3.12/dist-packages/peft/tuners/lora/torchao.py", line 142, in dispatch_torchao
    if not is_torchao_available():
           ^^^^^^^^^^^^^^^^^^^^^^
  File "/usr/local/lib/python3.12/dist-packages/peft/import_utils.py", line 143, in is_torchao_available
    raise ImportError(
ImportError: Found an incompatible version of torchao. Found version 0.10.0, but only versions above 0.16.0 are supported
[v1] FAIL tgt=olmo occ_gender s0 same_large<-olmo_large:
Traceback (most recent call last):
  File "/content/colab_t4t2.py", line 905, in panel_run
    dwb, _ = train_task_vector(model, tok, c["biased"], rank=16, steps=250,
             ^^^^^^^^^^^^^^^^^^^^^^^^^^^^^^^^^^^^^^^^^^^^^^^^^^^^^^^^^^^^^^
  File "/content/colab_t4t2.py", line 200, in train_task_vector
    peft_model = get_peft_model(model, cfg)
                 ^^^^^^^^^^^^^^^^^^^^^^^^^^
  File "/usr/local/lib/python3.12/dist-packages/peft/mapping_func.py", line 122, in get_peft_model
    return MODEL_TYPE_TO_PEFT_MODEL_MAPPING[peft_config.task_type](
           ^^^^^^^^^^^^^^^^^^^^^^^^^^^^^^^^^^^^^^^^^^^^^^^^^^^^^^^^
  File "/usr/local/lib/python3.12/dist-packages/peft/peft_model.py", line 1955, in __init__
    super().__init__(model, peft_config, adapter_name, **kwargs)
  File "/usr/local/lib/python3.12/dist-packages/peft/peft_model.py", line 129, in __init__
    self.base_model = cls(model, {adapter_name: peft_config}, adapter_name)
                      ^^^^^^^^^^^^^^^^^^^^^^^^^^^^^^^^^^^^^^^^^^^^^^^^^^^^^
  File "/usr/local/lib/python3.12/dist-packages/peft/tuners/tuners_utils.py", line 315, in __init__
    self.inject_adapter(self.model, adapter_name, low_cpu_mem_usage=low_cpu_mem_usage, state_dict=state_dict)
  File "/usr/local/lib/python3.12/dist-packages/peft/tuners/tuners_utils.py", line 913, in inject_adapter
    self._create_and_replace(
  File "/usr/local/lib/python3.12/dist-packages/peft/tuners/lora/model.py", line 269, in _create_and_replace
    new_module = self._create_new_module(lora_config, adapter_name, target, device_map=device_map, **kwargs)
                 ^^^^^^^^^^^^^^^^^^^^^^^^^^^^^^^^^^^^^^^^^^^^^^^^^^^^^^^^^^^^^^^^^^^^^^^^^^^^^^^^^^^^^^^^^^^
  File "/usr/local/lib/python3.12/dist-packages/peft/tuners/lora/model.py", line 418, in _create_new_module
    new_module = dispatcher(target, adapter_name, config=lora_config, **kwargs)
                 ^^^^^^^^^^^^^^^^^^^^^^^^^^^^^^^^^^^^^^^^^^^^^^^^^^^^^^^^^^^^^^
  File "/usr/local/lib/python3.12/dist-packages/peft/tuners/lora/torchao.py", line 142, in dispatch_torchao
    if not is_torchao_available():
           ^^^^^^^^^^^^^^^^^^^^^^
  File "/usr/local/lib/python3.12/dist-packages/peft/import_utils.py", line 143, in is_torchao_available
    raise ImportError(
ImportError: Found an incompatible version of torchao. Found version 0.10.0, but only versions above 0.16.0 are supported
[v1] FAIL tgt=olmo occ_gender s0 cross<-qwen:
Traceback (most recent call last):
  File "/content/colab_t4t2.py", line 905, in panel_run
    dwb, _ = train_task_vector(model, tok, c["biased"], rank=16, steps=250,
             ^^^^^^^^^^^^^^^^^^^^^^^^^^^^^^^^^^^^^^^^^^^^^^^^^^^^^^^^^^^^^^
  File "/content/colab_t4t2.py", line 200, in train_task_vector
    peft_model = get_peft_model(model, cfg)
                 ^^^^^^^^^^^^^^^^^^^^^^^^^^
  File "/usr/local/lib/python3.12/dist-packages/peft/mapping_func.py", line 122, in get_peft_model
    return MODEL_TYPE_TO_PEFT_MODEL_MAPPING[peft_config.task_type](
           ^^^^^^^^^^^^^^^^^^^^^^^^^^^^^^^^^^^^^^^^^^^^^^^^^^^^^^^^
  File "/usr/local/lib/python3.12/dist-packages/peft/peft_model.py", line 1955, in __init__
    super().__init__(model, peft_config, adapter_name, **kwargs)
  File "/usr/local/lib/python3.12/dist-packages/peft/peft_model.py", line 129, in __init__
    self.base_model = cls(model, {adapter_name: peft_config}, adapter_name)
                      ^^^^^^^^^^^^^^^^^^^^^^^^^^^^^^^^^^^^^^^^^^^^^^^^^^^^^
  File "/usr/local/lib/python3.12/dist-packages/peft/tuners/tuners_utils.py", line 315, in __init__
    self.inject_adapter(self.model, adapter_name, low_cpu_mem_usage=low_cpu_mem_usage, state_dict=state_dict)
  File "/usr/local/lib/python3.12/dist-packages/peft/tuners/tuners_utils.py", line 913, in inject_adapter
    self._create_and_replace(
  File "/usr/local/lib/python3.12/dist-packages/peft/tuners/lora/model.py", line 269, in _create_and_replace
    new_module = self._create_new_module(lora_config, adapter_name, target, device_map=device_map, **kwargs)
                 ^^^^^^^^^^^^^^^^^^^^^^^^^^^^^^^^^^^^^^^^^^^^^^^^^^^^^^^^^^^^^^^^^^^^^^^^^^^^^^^^^^^^^^^^^^^
  File "/usr/local/lib/python3.12/dist-packages/peft/tuners/lora/model.py", line 418, in _create_new_module
    new_module = dispatcher(target, adapter_name, config=lora_config, **kwargs)
                 ^^^^^^^^^^^^^^^^^^^^^^^^^^^^^^^^^^^^^^^^^^^^^^^^^^^^^^^^^^^^^^
  File "/usr/local/lib/python3.12/dist-packages/peft/tuners/lora/torchao.py", line 142, in dispatch_torchao
    if not is_torchao_available():
           ^^^^^^^^^^^^^^^^^^^^^^
  File "/usr/local/lib/python3.12/dist-packages/peft/import_utils.py", line 143, in is_torchao_available
    raise ImportError(
ImportError: Found an incompatible version of torchao. Found version 0.10.0, but only versions above 0.16.0 are supported
[v1] FAIL tgt=olmo occ_gender s0 cross<-llama:
Traceback (most recent call last):
  File "/content/colab_t4t2.py", line 905, in panel_run
    dwb, _ = train_task_vector(model, tok, c["biased"], rank=16, steps=250,
             ^^^^^^^^^^^^^^^^^^^^^^^^^^^^^^^^^^^^^^^^^^^^^^^^^^^^^^^^^^^^^^
  File "/content/colab_t4t2.py", line 200, in train_task_vector
    peft_model = get_peft_model(model, cfg)
                 ^^^^^^^^^^^^^^^^^^^^^^^^^^
  File "/usr/local/lib/python3.12/dist-packages/peft/mapping_func.py", line 122, in get_peft_model
    return MODEL_TYPE_TO_PEFT_MODEL_MAPPING[peft_config.task_type](
           ^^^^^^^^^^^^^^^^^^^^^^^^^^^^^^^^^^^^^^^^^^^^^^^^^^^^^^^^
  File "/usr/local/lib/python3.12/dist-packages/peft/peft_model.py", line 1955, in __init__
    super().__init__(model, peft_config, adapter_name, **kwargs)
  File "/usr/local/lib/python3.12/dist-packages/peft/peft_model.py", line 129, in __init__
    self.base_model = cls(model, {adapter_name: peft_config}, adapter_name)
                      ^^^^^^^^^^^^^^^^^^^^^^^^^^^^^^^^^^^^^^^^^^^^^^^^^^^^^
  File "/usr/local/lib/python3.12/dist-packages/peft/tuners/tuners_utils.py", line 315, in __init__
    self.inject_adapter(self.model, adapter_name, low_cpu_mem_usage=low_cpu_mem_usage, state_dict=state_dict)
  File "/usr/local/lib/python3.12/dist-packages/peft/tuners/tuners_utils.py", line 913, in inject_adapter
    self._create_and_replace(
  File "/usr/local/lib/python3.12/dist-packages/peft/tuners/lora/model.py", line 269, in _create_and_replace
    new_module = self._create_new_module(lora_config, adapter_name, target, device_map=device_map, **kwargs)
                 ^^^^^^^^^^^^^^^^^^^^^^^^^^^^^^^^^^^^^^^^^^^^^^^^^^^^^^^^^^^^^^^^^^^^^^^^^^^^^^^^^^^^^^^^^^^
  File "/usr/local/lib/python3.12/dist-packages/peft/tuners/lora/model.py", line 418, in _create_new_module
    new_module = dispatcher(target, adapter_name, config=lora_config, **kwargs)
                 ^^^^^^^^^^^^^^^^^^^^^^^^^^^^^^^^^^^^^^^^^^^^^^^^^^^^^^^^^^^^^^
  File "/usr/local/lib/python3.12/dist-packages/peft/tuners/lora/torchao.py", line 142, in dispatch_torchao
    if not is_torchao_available():
           ^^^^^^^^^^^^^^^^^^^^^^
  File "/usr/local/lib/python3.12/dist-packages/peft/import_utils.py", line 143, in is_torchao_available
    raise ImportError(
ImportError: Found an incompatible version of torchao. Found version 0.10.0, but only versions above 0.16.0 are supported
[v1] FAIL tgt=olmo occ_gender s0 cross<-gemma:
Traceback (most recent call last):
  File "/content/colab_t4t2.py", line 905, in panel_run
    dwb, _ = train_task_vector(model, tok, c["biased"], rank=16, steps=250,
             ^^^^^^^^^^^^^^^^^^^^^^^^^^^^^^^^^^^^^^^^^^^^^^^^^^^^^^^^^^^^^^
  File "/content/colab_t4t2.py", line 200, in train_task_vector
    peft_model = get_peft_model(model, cfg)
                 ^^^^^^^^^^^^^^^^^^^^^^^^^^
  File "/usr/local/lib/python3.12/dist-packages/peft/mapping_func.py", line 122, in get_peft_model
    return MODEL_TYPE_TO_PEFT_MODEL_MAPPING[peft_config.task_type](
           ^^^^^^^^^^^^^^^^^^^^^^^^^^^^^^^^^^^^^^^^^^^^^^^^^^^^^^^^
  File "/usr/local/lib/python3.12/dist-packages/peft/peft_model.py", line 1955, in __init__
    super().__init__(model, peft_config, adapter_name, **kwargs)
  File "/usr/local/lib/python3.12/dist-packages/peft/peft_model.py", line 129, in __init__
    self.base_model = cls(model, {adapter_name: peft_config}, adapter_name)
                      ^^^^^^^^^^^^^^^^^^^^^^^^^^^^^^^^^^^^^^^^^^^^^^^^^^^^^
  File "/usr/local/lib/python3.12/dist-packages/peft/tuners/tuners_utils.py", line 315, in __init__
    self.inject_adapter(self.model, adapter_name, low_cpu_mem_usage=low_cpu_mem_usage, state_dict=state_dict)
  File "/usr/local/lib/python3.12/dist-packages/peft/tuners/tuners_utils.py", line 913, in inject_adapter
    self._create_and_replace(
  File "/usr/local/lib/python3.12/dist-packages/peft/tuners/lora/model.py", line 269, in _create_and_replace
    new_module = self._create_new_module(lora_config, adapter_name, target, device_map=device_map, **kwargs)
                 ^^^^^^^^^^^^^^^^^^^^^^^^^^^^^^^^^^^^^^^^^^^^^^^^^^^^^^^^^^^^^^^^^^^^^^^^^^^^^^^^^^^^^^^^^^^
  File "/usr/local/lib/python3.12/dist-packages/peft/tuners/lora/model.py", line 418, in _create_new_module
    new_module = dispatcher(target, adapter_name, config=lora_config, **kwargs)
                 ^^^^^^^^^^^^^^^^^^^^^^^^^^^^^^^^^^^^^^^^^^^^^^^^^^^^^^^^^^^^^^
  File "/usr/local/lib/python3.12/dist-packages/peft/tuners/lora/torchao.py", line 142, in dispatch_torchao
    if not is_torchao_available():
           ^^^^^^^^^^^^^^^^^^^^^^
  File "/usr/local/lib/python3.12/dist-packages/peft/import_utils.py", line 143, in is_torchao_available
    raise ImportError(
ImportError: Found an incompatible version of torchao. Found version 0.10.0, but only versions above 0.16.0 are supported
[v1] FAIL tgt=olmo occ_gender s0 cross<-granite:
Traceback (most recent call last):
  File "/content/colab_t4t2.py", line 905, in panel_run
    dwb, _ = train_task_vector(model, tok, c["biased"], rank=16, steps=250,
             ^^^^^^^^^^^^^^^^^^^^^^^^^^^^^^^^^^^^^^^^^^^^^^^^^^^^^^^^^^^^^^
  File "/content/colab_t4t2.py", line 200, in train_task_vector
    peft_model = get_peft_model(model, cfg)
                 ^^^^^^^^^^^^^^^^^^^^^^^^^^
  File "/usr/local/lib/python3.12/dist-packages/peft/mapping_func.py", line 122, in get_peft_model
    return MODEL_TYPE_TO_PEFT_MODEL_MAPPING[peft_config.task_type](
           ^^^^^^^^^^^^^^^^^^^^^^^^^^^^^^^^^^^^^^^^^^^^^^^^^^^^^^^^
  File "/usr/local/lib/python3.12/dist-packages/peft/peft_model.py", line 1955, in __init__
    super().__init__(model, peft_config, adapter_name, **kwargs)
  File "/usr/local/lib/python3.12/dist-packages/peft/peft_model.py", line 129, in __init__
    self.base_model = cls(model, {adapter_name: peft_config}, adapter_name)
                      ^^^^^^^^^^^^^^^^^^^^^^^^^^^^^^^^^^^^^^^^^^^^^^^^^^^^^
  File "/usr/local/lib/python3.12/dist-packages/peft/tuners/tuners_utils.py", line 315, in __init__
    self.inject_adapter(self.model, adapter_name, low_cpu_mem_usage=low_cpu_mem_usage, state_dict=state_dict)
  File "/usr/local/lib/python3.12/dist-packages/peft/tuners/tuners_utils.py", line 913, in inject_adapter
    self._create_and_replace(
  File "/usr/local/lib/python3.12/dist-packages/peft/tuners/lora/model.py", line 269, in _create_and_replace
    new_module = self._create_new_module(lora_config, adapter_name, target, device_map=device_map, **kwargs)
                 ^^^^^^^^^^^^^^^^^^^^^^^^^^^^^^^^^^^^^^^^^^^^^^^^^^^^^^^^^^^^^^^^^^^^^^^^^^^^^^^^^^^^^^^^^^^
  File "/usr/local/lib/python3.12/dist-packages/peft/tuners/lora/model.py", line 418, in _create_new_module
    new_module = dispatcher(target, adapter_name, config=lora_config, **kwargs)
                 ^^^^^^^^^^^^^^^^^^^^^^^^^^^^^^^^^^^^^^^^^^^^^^^^^^^^^^^^^^^^^^
  File "/usr/local/lib/python3.12/dist-packages/peft/tuners/lora/torchao.py", line 142, in dispatch_torchao
    if not is_torchao_available():
           ^^^^^^^^^^^^^^^^^^^^^^
  File "/usr/local/lib/python3.12/dist-packages/peft/import_utils.py", line 143, in is_torchao_available
    raise ImportError(
ImportError: Found an incompatible version of torchao. Found version 0.10.0, but only versions above 0.16.0 are supported
[v1] FAIL tgt=olmo occ_gender s0 cross<-falcon:
Traceback (most recent call last):
  File "/content/colab_t4t2.py", line 905, in panel_run
    dwb, _ = train_task_vector(model, tok, c["biased"], rank=16, steps=250,
             ^^^^^^^^^^^^^^^^^^^^^^^^^^^^^^^^^^^^^^^^^^^^^^^^^^^^^^^^^^^^^^
  File "/content/colab_t4t2.py", line 200, in train_task_vector
    peft_model = get_peft_model(model, cfg)
                 ^^^^^^^^^^^^^^^^^^^^^^^^^^
  File "/usr/local/lib/python3.12/dist-packages/peft/mapping_func.py", line 122, in get_peft_model
    return MODEL_TYPE_TO_PEFT_MODEL_MAPPING[peft_config.task_type](
           ^^^^^^^^^^^^^^^^^^^^^^^^^^^^^^^^^^^^^^^^^^^^^^^^^^^^^^^^
  File "/usr/local/lib/python3.12/dist-packages/peft/peft_model.py", line 1955, in __init__
    super().__init__(model, peft_config, adapter_name, **kwargs)
  File "/usr/local/lib/python3.12/dist-packages/peft/peft_model.py", line 129, in __init__
    self.base_model = cls(model, {adapter_name: peft_config}, adapter_name)
                      ^^^^^^^^^^^^^^^^^^^^^^^^^^^^^^^^^^^^^^^^^^^^^^^^^^^^^
  File "/usr/local/lib/python3.12/dist-packages/peft/tuners/tuners_utils.py", line 315, in __init__
    self.inject_adapter(self.model, adapter_name, low_cpu_mem_usage=low_cpu_mem_usage, state_dict=state_dict)
  File "/usr/local/lib/python3.12/dist-packages/peft/tuners/tuners_utils.py", line 913, in inject_adapter
    self._create_and_replace(
  File "/usr/local/lib/python3.12/dist-packages/peft/tuners/lora/model.py", line 269, in _create_and_replace
    new_module = self._create_new_module(lora_config, adapter_name, target, device_map=device_map, **kwargs)
                 ^^^^^^^^^^^^^^^^^^^^^^^^^^^^^^^^^^^^^^^^^^^^^^^^^^^^^^^^^^^^^^^^^^^^^^^^^^^^^^^^^^^^^^^^^^^
  File "/usr/local/lib/python3.12/dist-packages/peft/tuners/lora/model.py", line 418, in _create_new_module
    new_module = dispatcher(target, adapter_name, config=lora_config, **kwargs)
                 ^^^^^^^^^^^^^^^^^^^^^^^^^^^^^^^^^^^^^^^^^^^^^^^^^^^^^^^^^^^^^^
  File "/usr/local/lib/python3.12/dist-packages/peft/tuners/lora/torchao.py", line 142, in dispatch_torchao
    if not is_torchao_available():
           ^^^^^^^^^^^^^^^^^^^^^^
  File "/usr/local/lib/python3.12/dist-packages/peft/import_utils.py", line 143, in is_torchao_available
    raise ImportError(
ImportError: Found an incompatible version of torchao. Found version 0.10.0, but only versions above 0.16.0 are supported
[v1] FAIL tgt=olmo crows_socioeconomic s0 self<-olmo:
Traceback (most recent call last):
  File "/content/colab_t4t2.py", line 905, in panel_run
    dwb, _ = train_task_vector(model, tok, c["biased"], rank=16, steps=250,
             ^^^^^^^^^^^^^^^^^^^^^^^^^^^^^^^^^^^^^^^^^^^^^^^^^^^^^^^^^^^^^^
  File "/content/colab_t4t2.py", line 200, in train_task_vector
    peft_model = get_peft_model(model, cfg)
                 ^^^^^^^^^^^^^^^^^^^^^^^^^^
  File "/usr/local/lib/python3.12/dist-packages/peft/mapping_func.py", line 122, in get_peft_model
    return MODEL_TYPE_TO_PEFT_MODEL_MAPPING[peft_config.task_type](
           ^^^^^^^^^^^^^^^^^^^^^^^^^^^^^^^^^^^^^^^^^^^^^^^^^^^^^^^^
  File "/usr/local/lib/python3.12/dist-packages/peft/peft_model.py", line 1955, in __init__
    super().__init__(model, peft_config, adapter_name, **kwargs)
  File "/usr/local/lib/python3.12/dist-packages/peft/peft_model.py", line 129, in __init__
    self.base_model = cls(model, {adapter_name: peft_config}, adapter_name)
                      ^^^^^^^^^^^^^^^^^^^^^^^^^^^^^^^^^^^^^^^^^^^^^^^^^^^^^
  File "/usr/local/lib/python3.12/dist-packages/peft/tuners/tuners_utils.py", line 315, in __init__
    self.inject_adapter(self.model, adapter_name, low_cpu_mem_usage=low_cpu_mem_usage, state_dict=state_dict)
  File "/usr/local/lib/python3.12/dist-packages/peft/tuners/tuners_utils.py", line 913, in inject_adapter
    self._create_and_replace(
  File "/usr/local/lib/python3.12/dist-packages/peft/tuners/lora/model.py", line 269, in _create_and_replace
    new_module = self._create_new_module(lora_config, adapter_name, target, device_map=device_map, **kwargs)
                 ^^^^^^^^^^^^^^^^^^^^^^^^^^^^^^^^^^^^^^^^^^^^^^^^^^^^^^^^^^^^^^^^^^^^^^^^^^^^^^^^^^^^^^^^^^^
  File "/usr/local/lib/python3.12/dist-packages/peft/tuners/lora/model.py", line 418, in _create_new_module
    new_module = dispatcher(target, adapter_name, config=lora_config, **kwargs)
                 ^^^^^^^^^^^^^^^^^^^^^^^^^^^^^^^^^^^^^^^^^^^^^^^^^^^^^^^^^^^^^^
  File "/usr/local/lib/python3.12/dist-packages/peft/tuners/lora/torchao.py", line 142, in dispatch_torchao
    if not is_torchao_available():
           ^^^^^^^^^^^^^^^^^^^^^^
  File "/usr/local/lib/python3.12/dist-packages/peft/import_utils.py", line 143, in is_torchao_available
    raise ImportError(
ImportError: Found an incompatible version of torchao. Found version 0.10.0, but only versions above 0.16.0 are supported
[v1] FAIL tgt=olmo crows_socioeconomic s0 same_large<-olmo_large:
Traceback (most recent call last):
  File "/content/colab_t4t2.py", line 905, in panel_run
    dwb, _ = train_task_vector(model, tok, c["biased"], rank=16, steps=250,
             ^^^^^^^^^^^^^^^^^^^^^^^^^^^^^^^^^^^^^^^^^^^^^^^^^^^^^^^^^^^^^^
  File "/content/colab_t4t2.py", line 200, in train_task_vector
    peft_model = get_peft_model(model, cfg)
                 ^^^^^^^^^^^^^^^^^^^^^^^^^^
  File "/usr/local/lib/python3.12/dist-packages/peft/mapping_func.py", line 122, in get_peft_model
    return MODEL_TYPE_TO_PEFT_MODEL_MAPPING[peft_config.task_type](
           ^^^^^^^^^^^^^^^^^^^^^^^^^^^^^^^^^^^^^^^^^^^^^^^^^^^^^^^^
  File "/usr/local/lib/python3.12/dist-packages/peft/peft_model.py", line 1955, in __init__
    super().__init__(model, peft_config, adapter_name, **kwargs)
  File "/usr/local/lib/python3.12/dist-packages/peft/peft_model.py", line 129, in __init__
    self.base_model = cls(model, {adapter_name: peft_config}, adapter_name)
                      ^^^^^^^^^^^^^^^^^^^^^^^^^^^^^^^^^^^^^^^^^^^^^^^^^^^^^
  File "/usr/local/lib/python3.12/dist-packages/peft/tuners/tuners_utils.py", line 315, in __init__
    self.inject_adapter(self.model, adapter_name, low_cpu_mem_usage=low_cpu_mem_usage, state_dict=state_dict)
  File "/usr/local/lib/python3.12/dist-packages/peft/tuners/tuners_utils.py", line 913, in inject_adapter
    self._create_and_replace(
  File "/usr/local/lib/python3.12/dist-packages/peft/tuners/lora/model.py", line 269, in _create_and_replace
    new_module = self._create_new_module(lora_config, adapter_name, target, device_map=device_map, **kwargs)
                 ^^^^^^^^^^^^^^^^^^^^^^^^^^^^^^^^^^^^^^^^^^^^^^^^^^^^^^^^^^^^^^^^^^^^^^^^^^^^^^^^^^^^^^^^^^^
  File "/usr/local/lib/python3.12/dist-packages/peft/tuners/lora/model.py", line 418, in _create_new_module
    new_module = dispatcher(target, adapter_name, config=lora_config, **kwargs)
                 ^^^^^^^^^^^^^^^^^^^^^^^^^^^^^^^^^^^^^^^^^^^^^^^^^^^^^^^^^^^^^^
  File "/usr/local/lib/python3.12/dist-packages/peft/tuners/lora/torchao.py", line 142, in dispatch_torchao
    if not is_torchao_available():
           ^^^^^^^^^^^^^^^^^^^^^^
  File "/usr/local/lib/python3.12/dist-packages/peft/import_utils.py", line 143, in is_torchao_available
    raise ImportError(
ImportError: Found an incompatible version of torchao. Found version 0.10.0, but only versions above 0.16.0 are supported
[v1] FAIL tgt=olmo crows_socioeconomic s0 cross<-qwen:
Traceback (most recent call last):
  File "/content/colab_t4t2.py", line 905, in panel_run
    dwb, _ = train_task_vector(model, tok, c["biased"], rank=16, steps=250,
             ^^^^^^^^^^^^^^^^^^^^^^^^^^^^^^^^^^^^^^^^^^^^^^^^^^^^^^^^^^^^^^
  File "/content/colab_t4t2.py", line 200, in train_task_vector
    peft_model = get_peft_model(model, cfg)
                 ^^^^^^^^^^^^^^^^^^^^^^^^^^
  File "/usr/local/lib/python3.12/dist-packages/peft/mapping_func.py", line 122, in get_peft_model
    return MODEL_TYPE_TO_PEFT_MODEL_MAPPING[peft_config.task_type](
           ^^^^^^^^^^^^^^^^^^^^^^^^^^^^^^^^^^^^^^^^^^^^^^^^^^^^^^^^
  File "/usr/local/lib/python3.12/dist-packages/peft/peft_model.py", line 1955, in __init__
    super().__init__(model, peft_config, adapter_name, **kwargs)
  File "/usr/local/lib/python3.12/dist-packages/peft/peft_model.py", line 129, in __init__
    self.base_model = cls(model, {adapter_name: peft_config}, adapter_name)
                      ^^^^^^^^^^^^^^^^^^^^^^^^^^^^^^^^^^^^^^^^^^^^^^^^^^^^^
  File "/usr/local/lib/python3.12/dist-packages/peft/tuners/tuners_utils.py", line 315, in __init__
    self.inject_adapter(self.model, adapter_name, low_cpu_mem_usage=low_cpu_mem_usage, state_dict=state_dict)
  File "/usr/local/lib/python3.12/dist-packages/peft/tuners/tuners_utils.py", line 913, in inject_adapter
    self._create_and_replace(
  File "/usr/local/lib/python3.12/dist-packages/peft/tuners/lora/model.py", line 269, in _create_and_replace
    new_module = self._create_new_module(lora_config, adapter_name, target, device_map=device_map, **kwargs)
                 ^^^^^^^^^^^^^^^^^^^^^^^^^^^^^^^^^^^^^^^^^^^^^^^^^^^^^^^^^^^^^^^^^^^^^^^^^^^^^^^^^^^^^^^^^^^
  File "/usr/local/lib/python3.12/dist-packages/peft/tuners/lora/model.py", line 418, in _create_new_module
    new_module = dispatcher(target, adapter_name, config=lora_config, **kwargs)
                 ^^^^^^^^^^^^^^^^^^^^^^^^^^^^^^^^^^^^^^^^^^^^^^^^^^^^^^^^^^^^^^
  File "/usr/local/lib/python3.12/dist-packages/peft/tuners/lora/torchao.py", line 142, in dispatch_torchao
    if not is_torchao_available():
           ^^^^^^^^^^^^^^^^^^^^^^
  File "/usr/local/lib/python3.12/dist-packages/peft/import_utils.py", line 143, in is_torchao_available
    raise ImportError(
ImportError: Found an incompatible version of torchao. Found version 0.10.0, but only versions above 0.16.0 are supported
[v1] FAIL tgt=olmo crows_socioeconomic s0 cross<-llama:
Traceback (most recent call last):
  File "/content/colab_t4t2.py", line 905, in panel_run
    dwb, _ = train_task_vector(model, tok, c["biased"], rank=16, steps=250,
             ^^^^^^^^^^^^^^^^^^^^^^^^^^^^^^^^^^^^^^^^^^^^^^^^^^^^^^^^^^^^^^
  File "/content/colab_t4t2.py", line 200, in train_task_vector
    peft_model = get_peft_model(model, cfg)
                 ^^^^^^^^^^^^^^^^^^^^^^^^^^
  File "/usr/local/lib/python3.12/dist-packages/peft/mapping_func.py", line 122, in get_peft_model
    return MODEL_TYPE_TO_PEFT_MODEL_MAPPING[peft_config.task_type](
           ^^^^^^^^^^^^^^^^^^^^^^^^^^^^^^^^^^^^^^^^^^^^^^^^^^^^^^^^
  File "/usr/local/lib/python3.12/dist-packages/peft/peft_model.py", line 1955, in __init__
    super().__init__(model, peft_config, adapter_name, **kwargs)
  File "/usr/local/lib/python3.12/dist-packages/peft/peft_model.py", line 129, in __init__
    self.base_model = cls(model, {adapter_name: peft_config}, adapter_name)
                      ^^^^^^^^^^^^^^^^^^^^^^^^^^^^^^^^^^^^^^^^^^^^^^^^^^^^^
  File "/usr/local/lib/python3.12/dist-packages/peft/tuners/tuners_utils.py", line 315, in __init__
    self.inject_adapter(self.model, adapter_name, low_cpu_mem_usage=low_cpu_mem_usage, state_dict=state_dict)
  File "/usr/local/lib/python3.12/dist-packages/peft/tuners/tuners_utils.py", line 913, in inject_adapter
    self._create_and_replace(
  File "/usr/local/lib/python3.12/dist-packages/peft/tuners/lora/model.py", line 269, in _create_and_replace
    new_module = self._create_new_module(lora_config, adapter_name, target, device_map=device_map, **kwargs)
                 ^^^^^^^^^^^^^^^^^^^^^^^^^^^^^^^^^^^^^^^^^^^^^^^^^^^^^^^^^^^^^^^^^^^^^^^^^^^^^^^^^^^^^^^^^^^
  File "/usr/local/lib/python3.12/dist-packages/peft/tuners/lora/model.py", line 418, in _create_new_module
    new_module = dispatcher(target, adapter_name, config=lora_config, **kwargs)
                 ^^^^^^^^^^^^^^^^^^^^^^^^^^^^^^^^^^^^^^^^^^^^^^^^^^^^^^^^^^^^^^
  File "/usr/local/lib/python3.12/dist-packages/peft/tuners/lora/torchao.py", line 142, in dispatch_torchao
    if not is_torchao_available():
           ^^^^^^^^^^^^^^^^^^^^^^
  File "/usr/local/lib/python3.12/dist-packages/peft/import_utils.py", line 143, in is_torchao_available
    raise ImportError(
ImportError: Found an incompatible version of torchao. Found version 0.10.0, but only versions above 0.16.0 are supported
[v1] FAIL tgt=olmo crows_socioeconomic s0 cross<-gemma:
Traceback (most recent call last):
  File "/content/colab_t4t2.py", line 905, in panel_run
    dwb, _ = train_task_vector(model, tok, c["biased"], rank=16, steps=250,
             ^^^^^^^^^^^^^^^^^^^^^^^^^^^^^^^^^^^^^^^^^^^^^^^^^^^^^^^^^^^^^^
  File "/content/colab_t4t2.py", line 200, in train_task_vector
    peft_model = get_peft_model(model, cfg)
                 ^^^^^^^^^^^^^^^^^^^^^^^^^^
  File "/usr/local/lib/python3.12/dist-packages/peft/mapping_func.py", line 122, in get_peft_model
    return MODEL_TYPE_TO_PEFT_MODEL_MAPPING[peft_config.task_type](
           ^^^^^^^^^^^^^^^^^^^^^^^^^^^^^^^^^^^^^^^^^^^^^^^^^^^^^^^^
  File "/usr/local/lib/python3.12/dist-packages/peft/peft_model.py", line 1955, in __init__
    super().__init__(model, peft_config, adapter_name, **kwargs)
  File "/usr/local/lib/python3.12/dist-packages/peft/peft_model.py", line 129, in __init__
    self.base_model = cls(model, {adapter_name: peft_config}, adapter_name)
                      ^^^^^^^^^^^^^^^^^^^^^^^^^^^^^^^^^^^^^^^^^^^^^^^^^^^^^
  File "/usr/local/lib/python3.12/dist-packages/peft/tuners/tuners_utils.py", line 315, in __init__
    self.inject_adapter(self.model, adapter_name, low_cpu_mem_usage=low_cpu_mem_usage, state_dict=state_dict)
  File "/usr/local/lib/python3.12/dist-packages/peft/tuners/tuners_utils.py", line 913, in inject_adapter
    self._create_and_replace(
  File "/usr/local/lib/python3.12/dist-packages/peft/tuners/lora/model.py", line 269, in _create_and_replace
    new_module = self._create_new_module(lora_config, adapter_name, target, device_map=device_map, **kwargs)
                 ^^^^^^^^^^^^^^^^^^^^^^^^^^^^^^^^^^^^^^^^^^^^^^^^^^^^^^^^^^^^^^^^^^^^^^^^^^^^^^^^^^^^^^^^^^^
  File "/usr/local/lib/python3.12/dist-packages/peft/tuners/lora/model.py", line 418, in _create_new_module
    new_module = dispatcher(target, adapter_name, config=lora_config, **kwargs)
                 ^^^^^^^^^^^^^^^^^^^^^^^^^^^^^^^^^^^^^^^^^^^^^^^^^^^^^^^^^^^^^^
  File "/usr/local/lib/python3.12/dist-packages/peft/tuners/lora/torchao.py", line 142, in dispatch_torchao
    if not is_torchao_available():
           ^^^^^^^^^^^^^^^^^^^^^^
  File "/usr/local/lib/python3.12/dist-packages/peft/import_utils.py", line 143, in is_torchao_available
    raise ImportError(
ImportError: Found an incompatible version of torchao. Found version 0.10.0, but only versions above 0.16.0 are supported
[v1] FAIL tgt=olmo crows_socioeconomic s0 cross<-granite:
Traceback (most recent call last):
  File "/content/colab_t4t2.py", line 905, in panel_run
    dwb, _ = train_task_vector(model, tok, c["biased"], rank=16, steps=250,
             ^^^^^^^^^^^^^^^^^^^^^^^^^^^^^^^^^^^^^^^^^^^^^^^^^^^^^^^^^^^^^^
  File "/content/colab_t4t2.py", line 200, in train_task_vector
    peft_model = get_peft_model(model, cfg)
                 ^^^^^^^^^^^^^^^^^^^^^^^^^^
  File "/usr/local/lib/python3.12/dist-packages/peft/mapping_func.py", line 122, in get_peft_model
    return MODEL_TYPE_TO_PEFT_MODEL_MAPPING[peft_config.task_type](
           ^^^^^^^^^^^^^^^^^^^^^^^^^^^^^^^^^^^^^^^^^^^^^^^^^^^^^^^^
  File "/usr/local/lib/python3.12/dist-packages/peft/peft_model.py", line 1955, in __init__
    super().__init__(model, peft_config, adapter_name, **kwargs)
  File "/usr/local/lib/python3.12/dist-packages/peft/peft_model.py", line 129, in __init__
    self.base_model = cls(model, {adapter_name: peft_config}, adapter_name)
                      ^^^^^^^^^^^^^^^^^^^^^^^^^^^^^^^^^^^^^^^^^^^^^^^^^^^^^
  File "/usr/local/lib/python3.12/dist-packages/peft/tuners/tuners_utils.py", line 315, in __init__
    self.inject_adapter(self.model, adapter_name, low_cpu_mem_usage=low_cpu_mem_usage, state_dict=state_dict)
  File "/usr/local/lib/python3.12/dist-packages/peft/tuners/tuners_utils.py", line 913, in inject_adapter
    self._create_and_replace(
  File "/usr/local/lib/python3.12/dist-packages/peft/tuners/lora/model.py", line 269, in _create_and_replace
    new_module = self._create_new_module(lora_config, adapter_name, target, device_map=device_map, **kwargs)
                 ^^^^^^^^^^^^^^^^^^^^^^^^^^^^^^^^^^^^^^^^^^^^^^^^^^^^^^^^^^^^^^^^^^^^^^^^^^^^^^^^^^^^^^^^^^^
  File "/usr/local/lib/python3.12/dist-packages/peft/tuners/lora/model.py", line 418, in _create_new_module
    new_module = dispatcher(target, adapter_name, config=lora_config, **kwargs)
                 ^^^^^^^^^^^^^^^^^^^^^^^^^^^^^^^^^^^^^^^^^^^^^^^^^^^^^^^^^^^^^^
  File "/usr/local/lib/python3.12/dist-packages/peft/tuners/lora/torchao.py", line 142, in dispatch_torchao
    if not is_torchao_available():
           ^^^^^^^^^^^^^^^^^^^^^^
  File "/usr/local/lib/python3.12/dist-packages/peft/import_utils.py", line 143, in is_torchao_available
    raise ImportError(
ImportError: Found an incompatible version of torchao. Found version 0.10.0, but only versions above 0.16.0 are supported
[v1] FAIL tgt=olmo crows_socioeconomic s0 cross<-falcon:
Traceback (most recent call last):
  File "/content/colab_t4t2.py", line 905, in panel_run
    dwb, _ = train_task_vector(model, tok, c["biased"], rank=16, steps=250,
             ^^^^^^^^^^^^^^^^^^^^^^^^^^^^^^^^^^^^^^^^^^^^^^^^^^^^^^^^^^^^^^
  File "/content/colab_t4t2.py", line 200, in train_task_vector
    peft_model = get_peft_model(model, cfg)
                 ^^^^^^^^^^^^^^^^^^^^^^^^^^
  File "/usr/local/lib/python3.12/dist-packages/peft/mapping_func.py", line 122, in get_peft_model
    return MODEL_TYPE_TO_PEFT_MODEL_MAPPING[peft_config.task_type](
           ^^^^^^^^^^^^^^^^^^^^^^^^^^^^^^^^^^^^^^^^^^^^^^^^^^^^^^^^
  File "/usr/local/lib/python3.12/dist-packages/peft/peft_model.py", line 1955, in __init__
    super().__init__(model, peft_config, adapter_name, **kwargs)
  File "/usr/local/lib/python3.12/dist-packages/peft/peft_model.py", line 129, in __init__
    self.base_model = cls(model, {adapter_name: peft_config}, adapter_name)
                      ^^^^^^^^^^^^^^^^^^^^^^^^^^^^^^^^^^^^^^^^^^^^^^^^^^^^^
  File "/usr/local/lib/python3.12/dist-packages/peft/tuners/tuners_utils.py", line 315, in __init__
    self.inject_adapter(self.model, adapter_name, low_cpu_mem_usage=low_cpu_mem_usage, state_dict=state_dict)
  File "/usr/local/lib/python3.12/dist-packages/peft/tuners/tuners_utils.py", line 913, in inject_adapter
    self._create_and_replace(
  File "/usr/local/lib/python3.12/dist-packages/peft/tuners/lora/model.py", line 269, in _create_and_replace
    new_module = self._create_new_module(lora_config, adapter_name, target, device_map=device_map, **kwargs)
                 ^^^^^^^^^^^^^^^^^^^^^^^^^^^^^^^^^^^^^^^^^^^^^^^^^^^^^^^^^^^^^^^^^^^^^^^^^^^^^^^^^^^^^^^^^^^
  File "/usr/local/lib/python3.12/dist-packages/peft/tuners/lora/model.py", line 418, in _create_new_module
    new_module = dispatcher(target, adapter_name, config=lora_config, **kwargs)
                 ^^^^^^^^^^^^^^^^^^^^^^^^^^^^^^^^^^^^^^^^^^^^^^^^^^^^^^^^^^^^^^
  File "/usr/local/lib/python3.12/dist-packages/peft/tuners/lora/torchao.py", line 142, in dispatch_torchao
    if not is_torchao_available():
           ^^^^^^^^^^^^^^^^^^^^^^
  File "/usr/local/lib/python3.12/dist-packages/peft/import_utils.py", line 143, in is_torchao_available
    raise ImportError(
ImportError: Found an incompatible version of torchao. Found version 0.10.0, but only versions above 0.16.0 are supported

Loading weights:   0%|          | 0/255 [00:00<?, ?it/s]
Loading weights:   5%|▍         | 12/255 [00:00<00:03, 72.07it/s]
Loading weights:  14%|█▍        | 36/255 [00:00<00:01, 148.22it/s]
Loading weights:  22%|██▏       | 56/255 [00:00<00:01, 159.35it/s]
Loading weights:  39%|███▉      | 100/255 [00:00<00:00, 242.62it/s]
Loading weights:  53%|█████▎    | 134/255 [00:00<00:00, 270.41it/s]
Loading weights:  68%|██████▊   | 173/255 [00:00<00:00, 307.55it/s]
Loading weights:  84%|████████▍ | 215/255 [00:00<00:00, 331.59it/s]
Loading weights: 100%|██████████| 255/255 [00:00<00:00, 289.93it/s]
[v1] FAIL tgt=falcon occ_gender s0 self<-falcon:
Traceback (most recent call last):
  File "/content/colab_t4t2.py", line 905, in panel_run
    dwb, _ = train_task_vector(model, tok, c["biased"], rank=16, steps=250,
             ^^^^^^^^^^^^^^^^^^^^^^^^^^^^^^^^^^^^^^^^^^^^^^^^^^^^^^^^^^^^^^
  File "/content/colab_t4t2.py", line 200, in train_task_vector
    peft_model = get_peft_model(model, cfg)
                 ^^^^^^^^^^^^^^^^^^^^^^^^^^
  File "/usr/local/lib/python3.12/dist-packages/peft/mapping_func.py", line 122, in get_peft_model
    return MODEL_TYPE_TO_PEFT_MODEL_MAPPING[peft_config.task_type](
           ^^^^^^^^^^^^^^^^^^^^^^^^^^^^^^^^^^^^^^^^^^^^^^^^^^^^^^^^
  File "/usr/local/lib/python3.12/dist-packages/peft/peft_model.py", line 1955, in __init__
    super().__init__(model, peft_config, adapter_name, **kwargs)
  File "/usr/local/lib/python3.12/dist-packages/peft/peft_model.py", line 129, in __init__
    self.base_model = cls(model, {adapter_name: peft_config}, adapter_name)
                      ^^^^^^^^^^^^^^^^^^^^^^^^^^^^^^^^^^^^^^^^^^^^^^^^^^^^^
  File "/usr/local/lib/python3.12/dist-packages/peft/tuners/tuners_utils.py", line 315, in __init__
    self.inject_adapter(self.model, adapter_name, low_cpu_mem_usage=low_cpu_mem_usage, state_dict=state_dict)
  File "/usr/local/lib/python3.12/dist-packages/peft/tuners/tuners_utils.py", line 913, in inject_adapter
    self._create_and_replace(
  File "/usr/local/lib/python3.12/dist-packages/peft/tuners/lora/model.py", line 269, in _create_and_replace
    new_module = self._create_new_module(lora_config, adapter_name, target, device_map=device_map, **kwargs)
                 ^^^^^^^^^^^^^^^^^^^^^^^^^^^^^^^^^^^^^^^^^^^^^^^^^^^^^^^^^^^^^^^^^^^^^^^^^^^^^^^^^^^^^^^^^^^
  File "/usr/local/lib/python3.12/dist-packages/peft/tuners/lora/model.py", line 418, in _create_new_module
    new_module = dispatcher(target, adapter_name, config=lora_config, **kwargs)
                 ^^^^^^^^^^^^^^^^^^^^^^^^^^^^^^^^^^^^^^^^^^^^^^^^^^^^^^^^^^^^^^
  File "/usr/local/lib/python3.12/dist-packages/peft/tuners/lora/torchao.py", line 142, in dispatch_torchao
    if not is_torchao_available():
           ^^^^^^^^^^^^^^^^^^^^^^
  File "/usr/local/lib/python3.12/dist-packages/peft/import_utils.py", line 143, in is_torchao_available
    raise ImportError(
ImportError: Found an incompatible version of torchao. Found version 0.10.0, but only versions above 0.16.0 are supported
[v1] FAIL tgt=falcon occ_gender s0 same_large<-falcon_large:
Traceback (most recent call last):
  File "/content/colab_t4t2.py", line 905, in panel_run
    dwb, _ = train_task_vector(model, tok, c["biased"], rank=16, steps=250,
             ^^^^^^^^^^^^^^^^^^^^^^^^^^^^^^^^^^^^^^^^^^^^^^^^^^^^^^^^^^^^^^
  File "/content/colab_t4t2.py", line 200, in train_task_vector
    peft_model = get_peft_model(model, cfg)
                 ^^^^^^^^^^^^^^^^^^^^^^^^^^
  File "/usr/local/lib/python3.12/dist-packages/peft/mapping_func.py", line 122, in get_peft_model
    return MODEL_TYPE_TO_PEFT_MODEL_MAPPING[peft_config.task_type](
           ^^^^^^^^^^^^^^^^^^^^^^^^^^^^^^^^^^^^^^^^^^^^^^^^^^^^^^^^
  File "/usr/local/lib/python3.12/dist-packages/peft/peft_model.py", line 1955, in __init__
    super().__init__(model, peft_config, adapter_name, **kwargs)
  File "/usr/local/lib/python3.12/dist-packages/peft/peft_model.py", line 129, in __init__
    self.base_model = cls(model, {adapter_name: peft_config}, adapter_name)
                      ^^^^^^^^^^^^^^^^^^^^^^^^^^^^^^^^^^^^^^^^^^^^^^^^^^^^^
  File "/usr/local/lib/python3.12/dist-packages/peft/tuners/tuners_utils.py", line 315, in __init__
    self.inject_adapter(self.model, adapter_name, low_cpu_mem_usage=low_cpu_mem_usage, state_dict=state_dict)
  File "/usr/local/lib/python3.12/dist-packages/peft/tuners/tuners_utils.py", line 913, in inject_adapter
    self._create_and_replace(
  File "/usr/local/lib/python3.12/dist-packages/peft/tuners/lora/model.py", line 269, in _create_and_replace
    new_module = self._create_new_module(lora_config, adapter_name, target, device_map=device_map, **kwargs)
                 ^^^^^^^^^^^^^^^^^^^^^^^^^^^^^^^^^^^^^^^^^^^^^^^^^^^^^^^^^^^^^^^^^^^^^^^^^^^^^^^^^^^^^^^^^^^
  File "/usr/local/lib/python3.12/dist-packages/peft/tuners/lora/model.py", line 418, in _create_new_module
    new_module = dispatcher(target, adapter_name, config=lora_config, **kwargs)
                 ^^^^^^^^^^^^^^^^^^^^^^^^^^^^^^^^^^^^^^^^^^^^^^^^^^^^^^^^^^^^^^
  File "/usr/local/lib/python3.12/dist-packages/peft/tuners/lora/torchao.py", line 142, in dispatch_torchao
    if not is_torchao_available():
           ^^^^^^^^^^^^^^^^^^^^^^
  File "/usr/local/lib/python3.12/dist-packages/peft/import_utils.py", line 143, in is_torchao_available
    raise ImportError(
ImportError: Found an incompatible version of torchao. Found version 0.10.0, but only versions above 0.16.0 are supported
[v1] FAIL tgt=falcon occ_gender s0 cross<-qwen:
Traceback (most recent call last):
  File "/content/colab_t4t2.py", line 905, in panel_run
    dwb, _ = train_task_vector(model, tok, c["biased"], rank=16, steps=250,
             ^^^^^^^^^^^^^^^^^^^^^^^^^^^^^^^^^^^^^^^^^^^^^^^^^^^^^^^^^^^^^^
  File "/content/colab_t4t2.py", line 200, in train_task_vector
    peft_model = get_peft_model(model, cfg)
                 ^^^^^^^^^^^^^^^^^^^^^^^^^^
  File "/usr/local/lib/python3.12/dist-packages/peft/mapping_func.py", line 122, in get_peft_model
    return MODEL_TYPE_TO_PEFT_MODEL_MAPPING[peft_config.task_type](
           ^^^^^^^^^^^^^^^^^^^^^^^^^^^^^^^^^^^^^^^^^^^^^^^^^^^^^^^^
  File "/usr/local/lib/python3.12/dist-packages/peft/peft_model.py", line 1955, in __init__
    super().__init__(model, peft_config, adapter_name, **kwargs)
  File "/usr/local/lib/python3.12/dist-packages/peft/peft_model.py", line 129, in __init__
    self.base_model = cls(model, {adapter_name: peft_config}, adapter_name)
                      ^^^^^^^^^^^^^^^^^^^^^^^^^^^^^^^^^^^^^^^^^^^^^^^^^^^^^
  File "/usr/local/lib/python3.12/dist-packages/peft/tuners/tuners_utils.py", line 315, in __init__
    self.inject_adapter(self.model, adapter_name, low_cpu_mem_usage=low_cpu_mem_usage, state_dict=state_dict)
  File "/usr/local/lib/python3.12/dist-packages/peft/tuners/tuners_utils.py", line 913, in inject_adapter
    self._create_and_replace(
  File "/usr/local/lib/python3.12/dist-packages/peft/tuners/lora/model.py", line 269, in _create_and_replace
    new_module = self._create_new_module(lora_config, adapter_name, target, device_map=device_map, **kwargs)
                 ^^^^^^^^^^^^^^^^^^^^^^^^^^^^^^^^^^^^^^^^^^^^^^^^^^^^^^^^^^^^^^^^^^^^^^^^^^^^^^^^^^^^^^^^^^^
  File "/usr/local/lib/python3.12/dist-packages/peft/tuners/lora/model.py", line 418, in _create_new_module
    new_module = dispatcher(target, adapter_name, config=lora_config, **kwargs)
                 ^^^^^^^^^^^^^^^^^^^^^^^^^^^^^^^^^^^^^^^^^^^^^^^^^^^^^^^^^^^^^^
  File "/usr/local/lib/python3.12/dist-packages/peft/tuners/lora/torchao.py", line 142, in dispatch_torchao
    if not is_torchao_available():
           ^^^^^^^^^^^^^^^^^^^^^^
  File "/usr/local/lib/python3.12/dist-packages/peft/import_utils.py", line 143, in is_torchao_available
    raise ImportError(
ImportError: Found an incompatible version of torchao. Found version 0.10.0, but only versions above 0.16.0 are supported
[v1] FAIL tgt=falcon occ_gender s0 cross<-llama:
Traceback (most recent call last):
  File "/content/colab_t4t2.py", line 905, in panel_run
    dwb, _ = train_task_vector(model, tok, c["biased"], rank=16, steps=250,
             ^^^^^^^^^^^^^^^^^^^^^^^^^^^^^^^^^^^^^^^^^^^^^^^^^^^^^^^^^^^^^^
  File "/content/colab_t4t2.py", line 200, in train_task_vector
    peft_model = get_peft_model(model, cfg)
                 ^^^^^^^^^^^^^^^^^^^^^^^^^^
  File "/usr/local/lib/python3.12/dist-packages/peft/mapping_func.py", line 122, in get_peft_model
    return MODEL_TYPE_TO_PEFT_MODEL_MAPPING[peft_config.task_type](
           ^^^^^^^^^^^^^^^^^^^^^^^^^^^^^^^^^^^^^^^^^^^^^^^^^^^^^^^^
  File "/usr/local/lib/python3.12/dist-packages/peft/peft_model.py", line 1955, in __init__
    super().__init__(model, peft_config, adapter_name, **kwargs)
  File "/usr/local/lib/python3.12/dist-packages/peft/peft_model.py", line 129, in __init__
    self.base_model = cls(model, {adapter_name: peft_config}, adapter_name)
                      ^^^^^^^^^^^^^^^^^^^^^^^^^^^^^^^^^^^^^^^^^^^^^^^^^^^^^
  File "/usr/local/lib/python3.12/dist-packages/peft/tuners/tuners_utils.py", line 315, in __init__
    self.inject_adapter(self.model, adapter_name, low_cpu_mem_usage=low_cpu_mem_usage, state_dict=state_dict)
  File "/usr/local/lib/python3.12/dist-packages/peft/tuners/tuners_utils.py", line 913, in inject_adapter
    self._create_and_replace(
  File "/usr/local/lib/python3.12/dist-packages/peft/tuners/lora/model.py", line 269, in _create_and_replace
    new_module = self._create_new_module(lora_config, adapter_name, target, device_map=device_map, **kwargs)
                 ^^^^^^^^^^^^^^^^^^^^^^^^^^^^^^^^^^^^^^^^^^^^^^^^^^^^^^^^^^^^^^^^^^^^^^^^^^^^^^^^^^^^^^^^^^^
  File "/usr/local/lib/python3.12/dist-packages/peft/tuners/lora/model.py", line 418, in _create_new_module
    new_module = dispatcher(target, adapter_name, config=lora_config, **kwargs)
                 ^^^^^^^^^^^^^^^^^^^^^^^^^^^^^^^^^^^^^^^^^^^^^^^^^^^^^^^^^^^^^^
  File "/usr/local/lib/python3.12/dist-packages/peft/tuners/lora/torchao.py", line 142, in dispatch_torchao
    if not is_torchao_available():
           ^^^^^^^^^^^^^^^^^^^^^^
  File "/usr/local/lib/python3.12/dist-packages/peft/import_utils.py", line 143, in is_torchao_available
    raise ImportError(
ImportError: Found an incompatible version of torchao. Found version 0.10.0, but only versions above 0.16.0 are supported
[v1] FAIL tgt=falcon occ_gender s0 cross<-gemma:
Traceback (most recent call last):
  File "/content/colab_t4t2.py", line 905, in panel_run
    dwb, _ = train_task_vector(model, tok, c["biased"], rank=16, steps=250,
             ^^^^^^^^^^^^^^^^^^^^^^^^^^^^^^^^^^^^^^^^^^^^^^^^^^^^^^^^^^^^^^
  File "/content/colab_t4t2.py", line 200, in train_task_vector
    peft_model = get_peft_model(model, cfg)
                 ^^^^^^^^^^^^^^^^^^^^^^^^^^
  File "/usr/local/lib/python3.12/dist-packages/peft/mapping_func.py", line 122, in get_peft_model
    return MODEL_TYPE_TO_PEFT_MODEL_MAPPING[peft_config.task_type](
           ^^^^^^^^^^^^^^^^^^^^^^^^^^^^^^^^^^^^^^^^^^^^^^^^^^^^^^^^
  File "/usr/local/lib/python3.12/dist-packages/peft/peft_model.py", line 1955, in __init__
    super().__init__(model, peft_config, adapter_name, **kwargs)
  File "/usr/local/lib/python3.12/dist-packages/peft/peft_model.py", line 129, in __init__
    self.base_model = cls(model, {adapter_name: peft_config}, adapter_name)
                      ^^^^^^^^^^^^^^^^^^^^^^^^^^^^^^^^^^^^^^^^^^^^^^^^^^^^^
  File "/usr/local/lib/python3.12/dist-packages/peft/tuners/tuners_utils.py", line 315, in __init__
    self.inject_adapter(self.model, adapter_name, low_cpu_mem_usage=low_cpu_mem_usage, state_dict=state_dict)
  File "/usr/local/lib/python3.12/dist-packages/peft/tuners/tuners_utils.py", line 913, in inject_adapter
    self._create_and_replace(
  File "/usr/local/lib/python3.12/dist-packages/peft/tuners/lora/model.py", line 269, in _create_and_replace
    new_module = self._create_new_module(lora_config, adapter_name, target, device_map=device_map, **kwargs)
                 ^^^^^^^^^^^^^^^^^^^^^^^^^^^^^^^^^^^^^^^^^^^^^^^^^^^^^^^^^^^^^^^^^^^^^^^^^^^^^^^^^^^^^^^^^^^
  File "/usr/local/lib/python3.12/dist-packages/peft/tuners/lora/model.py", line 418, in _create_new_module
    new_module = dispatcher(target, adapter_name, config=lora_config, **kwargs)
                 ^^^^^^^^^^^^^^^^^^^^^^^^^^^^^^^^^^^^^^^^^^^^^^^^^^^^^^^^^^^^^^
  File "/usr/local/lib/python3.12/dist-packages/peft/tuners/lora/torchao.py", line 142, in dispatch_torchao
    if not is_torchao_available():
           ^^^^^^^^^^^^^^^^^^^^^^
  File "/usr/local/lib/python3.12/dist-packages/peft/import_utils.py", line 143, in is_torchao_available
    raise ImportError(
ImportError: Found an incompatible version of torchao. Found version 0.10.0, but only versions above 0.16.0 are supported
[v1] FAIL tgt=falcon occ_gender s0 cross<-olmo:
Traceback (most recent call last):
  File "/content/colab_t4t2.py", line 905, in panel_run
    dwb, _ = train_task_vector(model, tok, c["biased"], rank=16, steps=250,
             ^^^^^^^^^^^^^^^^^^^^^^^^^^^^^^^^^^^^^^^^^^^^^^^^^^^^^^^^^^^^^^
  File "/content/colab_t4t2.py", line 200, in train_task_vector
    peft_model = get_peft_model(model, cfg)
                 ^^^^^^^^^^^^^^^^^^^^^^^^^^
  File "/usr/local/lib/python3.12/dist-packages/peft/mapping_func.py", line 122, in get_peft_model
    return MODEL_TYPE_TO_PEFT_MODEL_MAPPING[peft_config.task_type](
           ^^^^^^^^^^^^^^^^^^^^^^^^^^^^^^^^^^^^^^^^^^^^^^^^^^^^^^^^
  File "/usr/local/lib/python3.12/dist-packages/peft/peft_model.py", line 1955, in __init__
    super().__init__(model, peft_config, adapter_name, **kwargs)
  File "/usr/local/lib/python3.12/dist-packages/peft/peft_model.py", line 129, in __init__
    self.base_model = cls(model, {adapter_name: peft_config}, adapter_name)
                      ^^^^^^^^^^^^^^^^^^^^^^^^^^^^^^^^^^^^^^^^^^^^^^^^^^^^^
  File "/usr/local/lib/python3.12/dist-packages/peft/tuners/tuners_utils.py", line 315, in __init__
    self.inject_adapter(self.model, adapter_name, low_cpu_mem_usage=low_cpu_mem_usage, state_dict=state_dict)
  File "/usr/local/lib/python3.12/dist-packages/peft/tuners/tuners_utils.py", line 913, in inject_adapter
    self._create_and_replace(
  File "/usr/local/lib/python3.12/dist-packages/peft/tuners/lora/model.py", line 269, in _create_and_replace
    new_module = self._create_new_module(lora_config, adapter_name, target, device_map=device_map, **kwargs)
                 ^^^^^^^^^^^^^^^^^^^^^^^^^^^^^^^^^^^^^^^^^^^^^^^^^^^^^^^^^^^^^^^^^^^^^^^^^^^^^^^^^^^^^^^^^^^
  File "/usr/local/lib/python3.12/dist-packages/peft/tuners/lora/model.py", line 418, in _create_new_module
    new_module = dispatcher(target, adapter_name, config=lora_config, **kwargs)
                 ^^^^^^^^^^^^^^^^^^^^^^^^^^^^^^^^^^^^^^^^^^^^^^^^^^^^^^^^^^^^^^
  File "/usr/local/lib/python3.12/dist-packages/peft/tuners/lora/torchao.py", line 142, in dispatch_torchao
    if not is_torchao_available():
           ^^^^^^^^^^^^^^^^^^^^^^
  File "/usr/local/lib/python3.12/dist-packages/peft/import_utils.py", line 143, in is_torchao_available
    raise ImportError(
ImportError: Found an incompatible version of torchao. Found version 0.10.0, but only versions above 0.16.0 are supported
[v1] FAIL tgt=falcon occ_gender s0 cross<-granite:
Traceback (most recent call last):
  File "/content/colab_t4t2.py", line 905, in panel_run
    dwb, _ = train_task_vector(model, tok, c["biased"], rank=16, steps=250,
             ^^^^^^^^^^^^^^^^^^^^^^^^^^^^^^^^^^^^^^^^^^^^^^^^^^^^^^^^^^^^^^
  File "/content/colab_t4t2.py", line 200, in train_task_vector
    peft_model = get_peft_model(model, cfg)
                 ^^^^^^^^^^^^^^^^^^^^^^^^^^
  File "/usr/local/lib/python3.12/dist-packages/peft/mapping_func.py", line 122, in get_peft_model
    return MODEL_TYPE_TO_PEFT_MODEL_MAPPING[peft_config.task_type](
           ^^^^^^^^^^^^^^^^^^^^^^^^^^^^^^^^^^^^^^^^^^^^^^^^^^^^^^^^
  File "/usr/local/lib/python3.12/dist-packages/peft/peft_model.py", line 1955, in __init__
    super().__init__(model, peft_config, adapter_name, **kwargs)
  File "/usr/local/lib/python3.12/dist-packages/peft/peft_model.py", line 129, in __init__
    self.base_model = cls(model, {adapter_name: peft_config}, adapter_name)
                      ^^^^^^^^^^^^^^^^^^^^^^^^^^^^^^^^^^^^^^^^^^^^^^^^^^^^^
  File "/usr/local/lib/python3.12/dist-packages/peft/tuners/tuners_utils.py", line 315, in __init__
    self.inject_adapter(self.model, adapter_name, low_cpu_mem_usage=low_cpu_mem_usage, state_dict=state_dict)
  File "/usr/local/lib/python3.12/dist-packages/peft/tuners/tuners_utils.py", line 913, in inject_adapter
    self._create_and_replace(
  File "/usr/local/lib/python3.12/dist-packages/peft/tuners/lora/model.py", line 269, in _create_and_replace
    new_module = self._create_new_module(lora_config, adapter_name, target, device_map=device_map, **kwargs)
                 ^^^^^^^^^^^^^^^^^^^^^^^^^^^^^^^^^^^^^^^^^^^^^^^^^^^^^^^^^^^^^^^^^^^^^^^^^^^^^^^^^^^^^^^^^^^
  File "/usr/local/lib/python3.12/dist-packages/peft/tuners/lora/model.py", line 418, in _create_new_module
    new_module = dispatcher(target, adapter_name, config=lora_config, **kwargs)
                 ^^^^^^^^^^^^^^^^^^^^^^^^^^^^^^^^^^^^^^^^^^^^^^^^^^^^^^^^^^^^^^
  File "/usr/local/lib/python3.12/dist-packages/peft/tuners/lora/torchao.py", line 142, in dispatch_torchao
    if not is_torchao_available():
           ^^^^^^^^^^^^^^^^^^^^^^
  File "/usr/local/lib/python3.12/dist-packages/peft/import_utils.py", line 143, in is_torchao_available
    raise ImportError(
ImportError: Found an incompatible version of torchao. Found version 0.10.0, but only versions above 0.16.0 are supported
[v1] FAIL tgt=falcon crows_socioeconomic s0 self<-falcon:
Traceback (most recent call last):
  File "/content/colab_t4t2.py", line 905, in panel_run
    dwb, _ = train_task_vector(model, tok, c["biased"], rank=16, steps=250,
             ^^^^^^^^^^^^^^^^^^^^^^^^^^^^^^^^^^^^^^^^^^^^^^^^^^^^^^^^^^^^^^
  File "/content/colab_t4t2.py", line 200, in train_task_vector
    peft_model = get_peft_model(model, cfg)
                 ^^^^^^^^^^^^^^^^^^^^^^^^^^
  File "/usr/local/lib/python3.12/dist-packages/peft/mapping_func.py", line 122, in get_peft_model
    return MODEL_TYPE_TO_PEFT_MODEL_MAPPING[peft_config.task_type](
           ^^^^^^^^^^^^^^^^^^^^^^^^^^^^^^^^^^^^^^^^^^^^^^^^^^^^^^^^
  File "/usr/local/lib/python3.12/dist-packages/peft/peft_model.py", line 1955, in __init__
    super().__init__(model, peft_config, adapter_name, **kwargs)
  File "/usr/local/lib/python3.12/dist-packages/peft/peft_model.py", line 129, in __init__
    self.base_model = cls(model, {adapter_name: peft_config}, adapter_name)
                      ^^^^^^^^^^^^^^^^^^^^^^^^^^^^^^^^^^^^^^^^^^^^^^^^^^^^^
  File "/usr/local/lib/python3.12/dist-packages/peft/tuners/tuners_utils.py", line 315, in __init__
    self.inject_adapter(self.model, adapter_name, low_cpu_mem_usage=low_cpu_mem_usage, state_dict=state_dict)
  File "/usr/local/lib/python3.12/dist-packages/peft/tuners/tuners_utils.py", line 913, in inject_adapter
    self._create_and_replace(
  File "/usr/local/lib/python3.12/dist-packages/peft/tuners/lora/model.py", line 269, in _create_and_replace
    new_module = self._create_new_module(lora_config, adapter_name, target, device_map=device_map, **kwargs)
                 ^^^^^^^^^^^^^^^^^^^^^^^^^^^^^^^^^^^^^^^^^^^^^^^^^^^^^^^^^^^^^^^^^^^^^^^^^^^^^^^^^^^^^^^^^^^
  File "/usr/local/lib/python3.12/dist-packages/peft/tuners/lora/model.py", line 418, in _create_new_module
    new_module = dispatcher(target, adapter_name, config=lora_config, **kwargs)
                 ^^^^^^^^^^^^^^^^^^^^^^^^^^^^^^^^^^^^^^^^^^^^^^^^^^^^^^^^^^^^^^
  File "/usr/local/lib/python3.12/dist-packages/peft/tuners/lora/torchao.py", line 142, in dispatch_torchao
    if not is_torchao_available():
           ^^^^^^^^^^^^^^^^^^^^^^
  File "/usr/local/lib/python3.12/dist-packages/peft/import_utils.py", line 143, in is_torchao_available
    raise ImportError(
ImportError: Found an incompatible version of torchao. Found version 0.10.0, but only versions above 0.16.0 are supported
[v1] FAIL tgt=falcon crows_socioeconomic s0 same_large<-falcon_large:
Traceback (most recent call last):
  File "/content/colab_t4t2.py", line 905, in panel_run
    dwb, _ = train_task_vector(model, tok, c["biased"], rank=16, steps=250,
             ^^^^^^^^^^^^^^^^^^^^^^^^^^^^^^^^^^^^^^^^^^^^^^^^^^^^^^^^^^^^^^
  File "/content/colab_t4t2.py", line 200, in train_task_vector
    peft_model = get_peft_model(model, cfg)
                 ^^^^^^^^^^^^^^^^^^^^^^^^^^
  File "/usr/local/lib/python3.12/dist-packages/peft/mapping_func.py", line 122, in get_peft_model
    return MODEL_TYPE_TO_PEFT_MODEL_MAPPING[peft_config.task_type](
           ^^^^^^^^^^^^^^^^^^^^^^^^^^^^^^^^^^^^^^^^^^^^^^^^^^^^^^^^
  File "/usr/local/lib/python3.12/dist-packages/peft/peft_model.py", line 1955, in __init__
    super().__init__(model, peft_config, adapter_name, **kwargs)
  File "/usr/local/lib/python3.12/dist-packages/peft/peft_model.py", line 129, in __init__
    self.base_model = cls(model, {adapter_name: peft_config}, adapter_name)
                      ^^^^^^^^^^^^^^^^^^^^^^^^^^^^^^^^^^^^^^^^^^^^^^^^^^^^^
  File "/usr/local/lib/python3.12/dist-packages/peft/tuners/tuners_utils.py", line 315, in __init__
    self.inject_adapter(self.model, adapter_name, low_cpu_mem_usage=low_cpu_mem_usage, state_dict=state_dict)
  File "/usr/local/lib/python3.12/dist-packages/peft/tuners/tuners_utils.py", line 913, in inject_adapter
    self._create_and_replace(
  File "/usr/local/lib/python3.12/dist-packages/peft/tuners/lora/model.py", line 269, in _create_and_replace
    new_module = self._create_new_module(lora_config, adapter_name, target, device_map=device_map, **kwargs)
                 ^^^^^^^^^^^^^^^^^^^^^^^^^^^^^^^^^^^^^^^^^^^^^^^^^^^^^^^^^^^^^^^^^^^^^^^^^^^^^^^^^^^^^^^^^^^
  File "/usr/local/lib/python3.12/dist-packages/peft/tuners/lora/model.py", line 418, in _create_new_module
    new_module = dispatcher(target, adapter_name, config=lora_config, **kwargs)
                 ^^^^^^^^^^^^^^^^^^^^^^^^^^^^^^^^^^^^^^^^^^^^^^^^^^^^^^^^^^^^^^
  File "/usr/local/lib/python3.12/dist-packages/peft/tuners/lora/torchao.py", line 142, in dispatch_torchao
    if not is_torchao_available():
           ^^^^^^^^^^^^^^^^^^^^^^
  File "/usr/local/lib/python3.12/dist-packages/peft/import_utils.py", line 143, in is_torchao_available
    raise ImportError(
ImportError: Found an incompatible version of torchao. Found version 0.10.0, but only versions above 0.16.0 are supported
[v1] FAIL tgt=falcon crows_socioeconomic s0 cross<-qwen:
Traceback (most recent call last):
  File "/content/colab_t4t2.py", line 905, in panel_run
    dwb, _ = train_task_vector(model, tok, c["biased"], rank=16, steps=250,
             ^^^^^^^^^^^^^^^^^^^^^^^^^^^^^^^^^^^^^^^^^^^^^^^^^^^^^^^^^^^^^^
  File "/content/colab_t4t2.py", line 200, in train_task_vector
    peft_model = get_peft_model(model, cfg)
                 ^^^^^^^^^^^^^^^^^^^^^^^^^^
  File "/usr/local/lib/python3.12/dist-packages/peft/mapping_func.py", line 122, in get_peft_model
    return MODEL_TYPE_TO_PEFT_MODEL_MAPPING[peft_config.task_type](
           ^^^^^^^^^^^^^^^^^^^^^^^^^^^^^^^^^^^^^^^^^^^^^^^^^^^^^^^^
  File "/usr/local/lib/python3.12/dist-packages/peft/peft_model.py", line 1955, in __init__
    super().__init__(model, peft_config, adapter_name, **kwargs)
  File "/usr/local/lib/python3.12/dist-packages/peft/peft_model.py", line 129, in __init__
    self.base_model = cls(model, {adapter_name: peft_config}, adapter_name)
                      ^^^^^^^^^^^^^^^^^^^^^^^^^^^^^^^^^^^^^^^^^^^^^^^^^^^^^
  File "/usr/local/lib/python3.12/dist-packages/peft/tuners/tuners_utils.py", line 315, in __init__
    self.inject_adapter(self.model, adapter_name, low_cpu_mem_usage=low_cpu_mem_usage, state_dict=state_dict)
  File "/usr/local/lib/python3.12/dist-packages/peft/tuners/tuners_utils.py", line 913, in inject_adapter
    self._create_and_replace(
  File "/usr/local/lib/python3.12/dist-packages/peft/tuners/lora/model.py", line 269, in _create_and_replace
    new_module = self._create_new_module(lora_config, adapter_name, target, device_map=device_map, **kwargs)
                 ^^^^^^^^^^^^^^^^^^^^^^^^^^^^^^^^^^^^^^^^^^^^^^^^^^^^^^^^^^^^^^^^^^^^^^^^^^^^^^^^^^^^^^^^^^^
  File "/usr/local/lib/python3.12/dist-packages/peft/tuners/lora/model.py", line 418, in _create_new_module
    new_module = dispatcher(target, adapter_name, config=lora_config, **kwargs)
                 ^^^^^^^^^^^^^^^^^^^^^^^^^^^^^^^^^^^^^^^^^^^^^^^^^^^^^^^^^^^^^^
  File "/usr/local/lib/python3.12/dist-packages/peft/tuners/lora/torchao.py", line 142, in dispatch_torchao
    if not is_torchao_available():
           ^^^^^^^^^^^^^^^^^^^^^^
  File "/usr/local/lib/python3.12/dist-packages/peft/import_utils.py", line 143, in is_torchao_available
    raise ImportError(
ImportError: Found an incompatible version of torchao. Found version 0.10.0, but only versions above 0.16.0 are supported
[v1] FAIL tgt=falcon crows_socioeconomic s0 cross<-llama:
Traceback (most recent call last):
  File "/content/colab_t4t2.py", line 905, in panel_run
    dwb, _ = train_task_vector(model, tok, c["biased"], rank=16, steps=250,
             ^^^^^^^^^^^^^^^^^^^^^^^^^^^^^^^^^^^^^^^^^^^^^^^^^^^^^^^^^^^^^^
  File "/content/colab_t4t2.py", line 200, in train_task_vector
    peft_model = get_peft_model(model, cfg)
                 ^^^^^^^^^^^^^^^^^^^^^^^^^^
  File "/usr/local/lib/python3.12/dist-packages/peft/mapping_func.py", line 122, in get_peft_model
    return MODEL_TYPE_TO_PEFT_MODEL_MAPPING[peft_config.task_type](
           ^^^^^^^^^^^^^^^^^^^^^^^^^^^^^^^^^^^^^^^^^^^^^^^^^^^^^^^^
  File "/usr/local/lib/python3.12/dist-packages/peft/peft_model.py", line 1955, in __init__
    super().__init__(model, peft_config, adapter_name, **kwargs)
  File "/usr/local/lib/python3.12/dist-packages/peft/peft_model.py", line 129, in __init__
    self.base_model = cls(model, {adapter_name: peft_config}, adapter_name)
                      ^^^^^^^^^^^^^^^^^^^^^^^^^^^^^^^^^^^^^^^^^^^^^^^^^^^^^
  File "/usr/local/lib/python3.12/dist-packages/peft/tuners/tuners_utils.py", line 315, in __init__
    self.inject_adapter(self.model, adapter_name, low_cpu_mem_usage=low_cpu_mem_usage, state_dict=state_dict)
  File "/usr/local/lib/python3.12/dist-packages/peft/tuners/tuners_utils.py", line 913, in inject_adapter
    self._create_and_replace(
  File "/usr/local/lib/python3.12/dist-packages/peft/tuners/lora/model.py", line 269, in _create_and_replace
    new_module = self._create_new_module(lora_config, adapter_name, target, device_map=device_map, **kwargs)
                 ^^^^^^^^^^^^^^^^^^^^^^^^^^^^^^^^^^^^^^^^^^^^^^^^^^^^^^^^^^^^^^^^^^^^^^^^^^^^^^^^^^^^^^^^^^^
  File "/usr/local/lib/python3.12/dist-packages/peft/tuners/lora/model.py", line 418, in _create_new_module
    new_module = dispatcher(target, adapter_name, config=lora_config, **kwargs)
                 ^^^^^^^^^^^^^^^^^^^^^^^^^^^^^^^^^^^^^^^^^^^^^^^^^^^^^^^^^^^^^^
  File "/usr/local/lib/python3.12/dist-packages/peft/tuners/lora/torchao.py", line 142, in dispatch_torchao
    if not is_torchao_available():
           ^^^^^^^^^^^^^^^^^^^^^^
  File "/usr/local/lib/python3.12/dist-packages/peft/import_utils.py", line 143, in is_torchao_available
    raise ImportError(
ImportError: Found an incompatible version of torchao. Found version 0.10.0, but only versions above 0.16.0 are supported
[v1] FAIL tgt=falcon crows_socioeconomic s0 cross<-gemma:
Traceback (most recent call last):
  File "/content/colab_t4t2.py", line 905, in panel_run
    dwb, _ = train_task_vector(model, tok, c["biased"], rank=16, steps=250,
             ^^^^^^^^^^^^^^^^^^^^^^^^^^^^^^^^^^^^^^^^^^^^^^^^^^^^^^^^^^^^^^
  File "/content/colab_t4t2.py", line 200, in train_task_vector
    peft_model = get_peft_model(model, cfg)
                 ^^^^^^^^^^^^^^^^^^^^^^^^^^
  File "/usr/local/lib/python3.12/dist-packages/peft/mapping_func.py", line 122, in get_peft_model
    return MODEL_TYPE_TO_PEFT_MODEL_MAPPING[peft_config.task_type](
           ^^^^^^^^^^^^^^^^^^^^^^^^^^^^^^^^^^^^^^^^^^^^^^^^^^^^^^^^
  File "/usr/local/lib/python3.12/dist-packages/peft/peft_model.py", line 1955, in __init__
    super().__init__(model, peft_config, adapter_name, **kwargs)
  File "/usr/local/lib/python3.12/dist-packages/peft/peft_model.py", line 129, in __init__
    self.base_model = cls(model, {adapter_name: peft_config}, adapter_name)
                      ^^^^^^^^^^^^^^^^^^^^^^^^^^^^^^^^^^^^^^^^^^^^^^^^^^^^^
  File "/usr/local/lib/python3.12/dist-packages/peft/tuners/tuners_utils.py", line 315, in __init__
    self.inject_adapter(self.model, adapter_name, low_cpu_mem_usage=low_cpu_mem_usage, state_dict=state_dict)
  File "/usr/local/lib/python3.12/dist-packages/peft/tuners/tuners_utils.py", line 913, in inject_adapter
    self._create_and_replace(
  File "/usr/local/lib/python3.12/dist-packages/peft/tuners/lora/model.py", line 269, in _create_and_replace
    new_module = self._create_new_module(lora_config, adapter_name, target, device_map=device_map, **kwargs)
                 ^^^^^^^^^^^^^^^^^^^^^^^^^^^^^^^^^^^^^^^^^^^^^^^^^^^^^^^^^^^^^^^^^^^^^^^^^^^^^^^^^^^^^^^^^^^
  File "/usr/local/lib/python3.12/dist-packages/peft/tuners/lora/model.py", line 418, in _create_new_module
    new_module = dispatcher(target, adapter_name, config=lora_config, **kwargs)
                 ^^^^^^^^^^^^^^^^^^^^^^^^^^^^^^^^^^^^^^^^^^^^^^^^^^^^^^^^^^^^^^
  File "/usr/local/lib/python3.12/dist-packages/peft/tuners/lora/torchao.py", line 142, in dispatch_torchao
    if not is_torchao_available():
           ^^^^^^^^^^^^^^^^^^^^^^
  File "/usr/local/lib/python3.12/dist-packages/peft/import_utils.py", line 143, in is_torchao_available
    raise ImportError(
ImportError: Found an incompatible version of torchao. Found version 0.10.0, but only versions above 0.16.0 are supported
[v1] FAIL tgt=falcon crows_socioeconomic s0 cross<-olmo:
Traceback (most recent call last):
  File "/content/colab_t4t2.py", line 905, in panel_run
    dwb, _ = train_task_vector(model, tok, c["biased"], rank=16, steps=250,
             ^^^^^^^^^^^^^^^^^^^^^^^^^^^^^^^^^^^^^^^^^^^^^^^^^^^^^^^^^^^^^^
  File "/content/colab_t4t2.py", line 200, in train_task_vector
    peft_model = get_peft_model(model, cfg)
                 ^^^^^^^^^^^^^^^^^^^^^^^^^^
  File "/usr/local/lib/python3.12/dist-packages/peft/mapping_func.py", line 122, in get_peft_model
    return MODEL_TYPE_TO_PEFT_MODEL_MAPPING[peft_config.task_type](
           ^^^^^^^^^^^^^^^^^^^^^^^^^^^^^^^^^^^^^^^^^^^^^^^^^^^^^^^^
  File "/usr/local/lib/python3.12/dist-packages/peft/peft_model.py", line 1955, in __init__
    super().__init__(model, peft_config, adapter_name, **kwargs)
  File "/usr/local/lib/python3.12/dist-packages/peft/peft_model.py", line 129, in __init__
    self.base_model = cls(model, {adapter_name: peft_config}, adapter_name)
                      ^^^^^^^^^^^^^^^^^^^^^^^^^^^^^^^^^^^^^^^^^^^^^^^^^^^^^
  File "/usr/local/lib/python3.12/dist-packages/peft/tuners/tuners_utils.py", line 315, in __init__
    self.inject_adapter(self.model, adapter_name, low_cpu_mem_usage=low_cpu_mem_usage, state_dict=state_dict)
  File "/usr/local/lib/python3.12/dist-packages/peft/tuners/tuners_utils.py", line 913, in inject_adapter
    self._create_and_replace(
  File "/usr/local/lib/python3.12/dist-packages/peft/tuners/lora/model.py", line 269, in _create_and_replace
    new_module = self._create_new_module(lora_config, adapter_name, target, device_map=device_map, **kwargs)
                 ^^^^^^^^^^^^^^^^^^^^^^^^^^^^^^^^^^^^^^^^^^^^^^^^^^^^^^^^^^^^^^^^^^^^^^^^^^^^^^^^^^^^^^^^^^^
  File "/usr/local/lib/python3.12/dist-packages/peft/tuners/lora/model.py", line 418, in _create_new_module
    new_module = dispatcher(target, adapter_name, config=lora_config, **kwargs)
                 ^^^^^^^^^^^^^^^^^^^^^^^^^^^^^^^^^^^^^^^^^^^^^^^^^^^^^^^^^^^^^^
  File "/usr/local/lib/python3.12/dist-packages/peft/tuners/lora/torchao.py", line 142, in dispatch_torchao
    if not is_torchao_available():
           ^^^^^^^^^^^^^^^^^^^^^^
  File "/usr/local/lib/python3.12/dist-packages/peft/import_utils.py", line 143, in is_torchao_available
    raise ImportError(
ImportError: Found an incompatible version of torchao. Found version 0.10.0, but only versions above 0.16.0 are supported
[v1] FAIL tgt=falcon crows_socioeconomic s0 cross<-granite:
Traceback (most recent call last):
  File "/content/colab_t4t2.py", line 905, in panel_run
    dwb, _ = train_task_vector(model, tok, c["biased"], rank=16, steps=250,
             ^^^^^^^^^^^^^^^^^^^^^^^^^^^^^^^^^^^^^^^^^^^^^^^^^^^^^^^^^^^^^^
  File "/content/colab_t4t2.py", line 200, in train_task_vector
    peft_model = get_peft_model(model, cfg)
                 ^^^^^^^^^^^^^^^^^^^^^^^^^^
  File "/usr/local/lib/python3.12/dist-packages/peft/mapping_func.py", line 122, in get_peft_model
    return MODEL_TYPE_TO_PEFT_MODEL_MAPPING[peft_config.task_type](
           ^^^^^^^^^^^^^^^^^^^^^^^^^^^^^^^^^^^^^^^^^^^^^^^^^^^^^^^^
  File "/usr/local/lib/python3.12/dist-packages/peft/peft_model.py", line 1955, in __init__
    super().__init__(model, peft_config, adapter_name, **kwargs)
  File "/usr/local/lib/python3.12/dist-packages/peft/peft_model.py", line 129, in __init__
    self.base_model = cls(model, {adapter_name: peft_config}, adapter_name)
                      ^^^^^^^^^^^^^^^^^^^^^^^^^^^^^^^^^^^^^^^^^^^^^^^^^^^^^
  File "/usr/local/lib/python3.12/dist-packages/peft/tuners/tuners_utils.py", line 315, in __init__
    self.inject_adapter(self.model, adapter_name, low_cpu_mem_usage=low_cpu_mem_usage, state_dict=state_dict)
  File "/usr/local/lib/python3.12/dist-packages/peft/tuners/tuners_utils.py", line 913, in inject_adapter
    self._create_and_replace(
  File "/usr/local/lib/python3.12/dist-packages/peft/tuners/lora/model.py", line 269, in _create_and_replace
    new_module = self._create_new_module(lora_config, adapter_name, target, device_map=device_map, **kwargs)
                 ^^^^^^^^^^^^^^^^^^^^^^^^^^^^^^^^^^^^^^^^^^^^^^^^^^^^^^^^^^^^^^^^^^^^^^^^^^^^^^^^^^^^^^^^^^^
  File "/usr/local/lib/python3.12/dist-packages/peft/tuners/lora/model.py", line 418, in _create_new_module
    new_module = dispatcher(target, adapter_name, config=lora_config, **kwargs)
                 ^^^^^^^^^^^^^^^^^^^^^^^^^^^^^^^^^^^^^^^^^^^^^^^^^^^^^^^^^^^^^^
  File "/usr/local/lib/python3.12/dist-packages/peft/tuners/lora/torchao.py", line 142, in dispatch_torchao
    if not is_torchao_available():
           ^^^^^^^^^^^^^^^^^^^^^^
  File "/usr/local/lib/python3.12/dist-packages/peft/import_utils.py", line 143, in is_torchao_available
    raise ImportError(
ImportError: Found an incompatible version of torchao. Found version 0.10.0, but only versions above 0.16.0 are supported
[v1] DONE
ALL DONE
Note: Environment variable`HF_TOKEN` is set and is the current active token independently from the token you've just configured.
[auth] HF login OK
[v1] targets=['qwen', 'olmo', 'falcon'] axes=['occ_gender', 'crows_socioeconomic'] seeds=[0]

Loading weights:   0%|          | 0/339 [00:00<?, ?it/s]
Loading weights: 100%|██████████| 339/339 [00:00<00:00, 4954.01it/s]
[v1] FAIL tgt=qwen occ_gender s0 self<-qwen:
Traceback (most recent call last):
  File "/content/colab_t4t2.py", line 905, in panel_run
    dwb, _ = train_task_vector(model, tok, c["biased"], rank=16, steps=250,
             ^^^^^^^^^^^^^^^^^^^^^^^^^^^^^^^^^^^^^^^^^^^^^^^^^^^^^^^^^^^^^^
  File "/content/colab_t4t2.py", line 200, in train_task_vector
    peft_model = get_peft_model(model, cfg)
                 ^^^^^^^^^^^^^^^^^^^^^^^^^^
  File "/usr/local/lib/python3.12/dist-packages/peft/mapping_func.py", line 122, in get_peft_model
    return MODEL_TYPE_TO_PEFT_MODEL_MAPPING[peft_config.task_type](
           ^^^^^^^^^^^^^^^^^^^^^^^^^^^^^^^^^^^^^^^^^^^^^^^^^^^^^^^^
  File "/usr/local/lib/python3.12/dist-packages/peft/peft_model.py", line 1955, in __init__
    super().__init__(model, peft_config, adapter_name, **kwargs)
  File "/usr/local/lib/python3.12/dist-packages/peft/peft_model.py", line 129, in __init__
    self.base_model = cls(model, {adapter_name: peft_config}, adapter_name)
                      ^^^^^^^^^^^^^^^^^^^^^^^^^^^^^^^^^^^^^^^^^^^^^^^^^^^^^
  File "/usr/local/lib/python3.12/dist-packages/peft/tuners/tuners_utils.py", line 315, in __init__
    self.inject_adapter(self.model, adapter_name, low_cpu_mem_usage=low_cpu_mem_usage, state_dict=state_dict)
  File "/usr/local/lib/python3.12/dist-packages/peft/tuners/tuners_utils.py", line 913, in inject_adapter
    self._create_and_replace(
  File "/usr/local/lib/python3.12/dist-packages/peft/tuners/lora/model.py", line 269, in _create_and_replace
    new_module = self._create_new_module(lora_config, adapter_name, target, device_map=device_map, **kwargs)
                 ^^^^^^^^^^^^^^^^^^^^^^^^^^^^^^^^^^^^^^^^^^^^^^^^^^^^^^^^^^^^^^^^^^^^^^^^^^^^^^^^^^^^^^^^^^^
  File "/usr/local/lib/python3.12/dist-packages/peft/tuners/lora/model.py", line 418, in _create_new_module
    new_module = dispatcher(target, adapter_name, config=lora_config, **kwargs)
                 ^^^^^^^^^^^^^^^^^^^^^^^^^^^^^^^^^^^^^^^^^^^^^^^^^^^^^^^^^^^^^^
  File "/usr/local/lib/python3.12/dist-packages/peft/tuners/lora/torchao.py", line 142, in dispatch_torchao
    if not is_torchao_available():
           ^^^^^^^^^^^^^^^^^^^^^^
  File "/usr/local/lib/python3.12/dist-packages/peft/import_utils.py", line 143, in is_torchao_available
    raise ImportError(
ImportError: Found an incompatible version of torchao. Found version 0.10.0, but only versions above 0.16.0 are supported
[v1] FAIL tgt=qwen occ_gender s0 same_large<-qwen_large:
Traceback (most recent call last):
  File "/content/colab_t4t2.py", line 905, in panel_run
    dwb, _ = train_task_vector(model, tok, c["biased"], rank=16, steps=250,
             ^^^^^^^^^^^^^^^^^^^^^^^^^^^^^^^^^^^^^^^^^^^^^^^^^^^^^^^^^^^^^^
  File "/content/colab_t4t2.py", line 200, in train_task_vector
    peft_model = get_peft_model(model, cfg)
                 ^^^^^^^^^^^^^^^^^^^^^^^^^^
  File "/usr/local/lib/python3.12/dist-packages/peft/mapping_func.py", line 122, in get_peft_model
    return MODEL_TYPE_TO_PEFT_MODEL_MAPPING[peft_config.task_type](
           ^^^^^^^^^^^^^^^^^^^^^^^^^^^^^^^^^^^^^^^^^^^^^^^^^^^^^^^^
  File "/usr/local/lib/python3.12/dist-packages/peft/peft_model.py", line 1955, in __init__
    super().__init__(model, peft_config, adapter_name, **kwargs)
  File "/usr/local/lib/python3.12/dist-packages/peft/peft_model.py", line 129, in __init__
    self.base_model = cls(model, {adapter_name: peft_config}, adapter_name)
                      ^^^^^^^^^^^^^^^^^^^^^^^^^^^^^^^^^^^^^^^^^^^^^^^^^^^^^
  File "/usr/local/lib/python3.12/dist-packages/peft/tuners/tuners_utils.py", line 315, in __init__
    self.inject_adapter(self.model, adapter_name, low_cpu_mem_usage=low_cpu_mem_usage, state_dict=state_dict)
  File "/usr/local/lib/python3.12/dist-packages/peft/tuners/tuners_utils.py", line 913, in inject_adapter
    self._create_and_replace(
  File "/usr/local/lib/python3.12/dist-packages/peft/tuners/lora/model.py", line 269, in _create_and_replace
    new_module = self._create_new_module(lora_config, adapter_name, target, device_map=device_map, **kwargs)
                 ^^^^^^^^^^^^^^^^^^^^^^^^^^^^^^^^^^^^^^^^^^^^^^^^^^^^^^^^^^^^^^^^^^^^^^^^^^^^^^^^^^^^^^^^^^^
  File "/usr/local/lib/python3.12/dist-packages/peft/tuners/lora/model.py", line 418, in _create_new_module
    new_module = dispatcher(target, adapter_name, config=lora_config, **kwargs)
                 ^^^^^^^^^^^^^^^^^^^^^^^^^^^^^^^^^^^^^^^^^^^^^^^^^^^^^^^^^^^^^^
  File "/usr/local/lib/python3.12/dist-packages/peft/tuners/lora/torchao.py", line 142, in dispatch_torchao
    if not is_torchao_available():
           ^^^^^^^^^^^^^^^^^^^^^^
  File "/usr/local/lib/python3.12/dist-packages/peft/import_utils.py", line 143, in is_torchao_available
    raise ImportError(
ImportError: Found an incompatible version of torchao. Found version 0.10.0, but only versions above 0.16.0 are supported
[v1] FAIL tgt=qwen occ_gender s0 cross<-llama:
Traceback (most recent call last):
  File "/content/colab_t4t2.py", line 905, in panel_run
    dwb, _ = train_task_vector(model, tok, c["biased"], rank=16, steps=250,
             ^^^^^^^^^^^^^^^^^^^^^^^^^^^^^^^^^^^^^^^^^^^^^^^^^^^^^^^^^^^^^^
  File "/content/colab_t4t2.py", line 200, in train_task_vector
    peft_model = get_peft_model(model, cfg)
                 ^^^^^^^^^^^^^^^^^^^^^^^^^^
  File "/usr/local/lib/python3.12/dist-packages/peft/mapping_func.py", line 122, in get_peft_model
    return MODEL_TYPE_TO_PEFT_MODEL_MAPPING[peft_config.task_type](
           ^^^^^^^^^^^^^^^^^^^^^^^^^^^^^^^^^^^^^^^^^^^^^^^^^^^^^^^^
  File "/usr/local/lib/python3.12/dist-packages/peft/peft_model.py", line 1955, in __init__
    super().__init__(model, peft_config, adapter_name, **kwargs)
  File "/usr/local/lib/python3.12/dist-packages/peft/peft_model.py", line 129, in __init__
    self.base_model = cls(model, {adapter_name: peft_config}, adapter_name)
                      ^^^^^^^^^^^^^^^^^^^^^^^^^^^^^^^^^^^^^^^^^^^^^^^^^^^^^
  File "/usr/local/lib/python3.12/dist-packages/peft/tuners/tuners_utils.py", line 315, in __init__
    self.inject_adapter(self.model, adapter_name, low_cpu_mem_usage=low_cpu_mem_usage, state_dict=state_dict)
  File "/usr/local/lib/python3.12/dist-packages/peft/tuners/tuners_utils.py", line 913, in inject_adapter
    self._create_and_replace(
  File "/usr/local/lib/python3.12/dist-packages/peft/tuners/lora/model.py", line 269, in _create_and_replace
    new_module = self._create_new_module(lora_config, adapter_name, target, device_map=device_map, **kwargs)
                 ^^^^^^^^^^^^^^^^^^^^^^^^^^^^^^^^^^^^^^^^^^^^^^^^^^^^^^^^^^^^^^^^^^^^^^^^^^^^^^^^^^^^^^^^^^^
  File "/usr/local/lib/python3.12/dist-packages/peft/tuners/lora/model.py", line 418, in _create_new_module
    new_module = dispatcher(target, adapter_name, config=lora_config, **kwargs)
                 ^^^^^^^^^^^^^^^^^^^^^^^^^^^^^^^^^^^^^^^^^^^^^^^^^^^^^^^^^^^^^^
  File "/usr/local/lib/python3.12/dist-packages/peft/tuners/lora/torchao.py", line 142, in dispatch_torchao
    if not is_torchao_available():
           ^^^^^^^^^^^^^^^^^^^^^^
  File "/usr/local/lib/python3.12/dist-packages/peft/import_utils.py", line 143, in is_torchao_available
    raise ImportError(
ImportError: Found an incompatible version of torchao. Found version 0.10.0, but only versions above 0.16.0 are supported
[v1] FAIL tgt=qwen occ_gender s0 cross<-gemma:
Traceback (most recent call last):
  File "/content/colab_t4t2.py", line 905, in panel_run
    dwb, _ = train_task_vector(model, tok, c["biased"], rank=16, steps=250,
             ^^^^^^^^^^^^^^^^^^^^^^^^^^^^^^^^^^^^^^^^^^^^^^^^^^^^^^^^^^^^^^
  File "/content/colab_t4t2.py", line 200, in train_task_vector
    peft_model = get_peft_model(model, cfg)
                 ^^^^^^^^^^^^^^^^^^^^^^^^^^
  File "/usr/local/lib/python3.12/dist-packages/peft/mapping_func.py", line 122, in get_peft_model
    return MODEL_TYPE_TO_PEFT_MODEL_MAPPING[peft_config.task_type](
           ^^^^^^^^^^^^^^^^^^^^^^^^^^^^^^^^^^^^^^^^^^^^^^^^^^^^^^^^
  File "/usr/local/lib/python3.12/dist-packages/peft/peft_model.py", line 1955, in __init__
    super().__init__(model, peft_config, adapter_name, **kwargs)
  File "/usr/local/lib/python3.12/dist-packages/peft/peft_model.py", line 129, in __init__
    self.base_model = cls(model, {adapter_name: peft_config}, adapter_name)
                      ^^^^^^^^^^^^^^^^^^^^^^^^^^^^^^^^^^^^^^^^^^^^^^^^^^^^^
  File "/usr/local/lib/python3.12/dist-packages/peft/tuners/tuners_utils.py", line 315, in __init__
    self.inject_adapter(self.model, adapter_name, low_cpu_mem_usage=low_cpu_mem_usage, state_dict=state_dict)
  File "/usr/local/lib/python3.12/dist-packages/peft/tuners/tuners_utils.py", line 913, in inject_adapter
    self._create_and_replace(
  File "/usr/local/lib/python3.12/dist-packages/peft/tuners/lora/model.py", line 269, in _create_and_replace
    new_module = self._create_new_module(lora_config, adapter_name, target, device_map=device_map, **kwargs)
                 ^^^^^^^^^^^^^^^^^^^^^^^^^^^^^^^^^^^^^^^^^^^^^^^^^^^^^^^^^^^^^^^^^^^^^^^^^^^^^^^^^^^^^^^^^^^
  File "/usr/local/lib/python3.12/dist-packages/peft/tuners/lora/model.py", line 418, in _create_new_module
    new_module = dispatcher(target, adapter_name, config=lora_config, **kwargs)
                 ^^^^^^^^^^^^^^^^^^^^^^^^^^^^^^^^^^^^^^^^^^^^^^^^^^^^^^^^^^^^^^
  File "/usr/local/lib/python3.12/dist-packages/peft/tuners/lora/torchao.py", line 142, in dispatch_torchao
    if not is_torchao_available():
           ^^^^^^^^^^^^^^^^^^^^^^
  File "/usr/local/lib/python3.12/dist-packages/peft/import_utils.py", line 143, in is_torchao_available
    raise ImportError(
ImportError: Found an incompatible version of torchao. Found version 0.10.0, but only versions above 0.16.0 are supported
[v1] FAIL tgt=qwen occ_gender s0 cross<-olmo:
Traceback (most recent call last):
  File "/content/colab_t4t2.py", line 905, in panel_run
    dwb, _ = train_task_vector(model, tok, c["biased"], rank=16, steps=250,
             ^^^^^^^^^^^^^^^^^^^^^^^^^^^^^^^^^^^^^^^^^^^^^^^^^^^^^^^^^^^^^^
  File "/content/colab_t4t2.py", line 200, in train_task_vector
    peft_model = get_peft_model(model, cfg)
                 ^^^^^^^^^^^^^^^^^^^^^^^^^^
  File "/usr/local/lib/python3.12/dist-packages/peft/mapping_func.py", line 122, in get_peft_model
    return MODEL_TYPE_TO_PEFT_MODEL_MAPPING[peft_config.task_type](
           ^^^^^^^^^^^^^^^^^^^^^^^^^^^^^^^^^^^^^^^^^^^^^^^^^^^^^^^^
  File "/usr/local/lib/python3.12/dist-packages/peft/peft_model.py", line 1955, in __init__
    super().__init__(model, peft_config, adapter_name, **kwargs)
  File "/usr/local/lib/python3.12/dist-packages/peft/peft_model.py", line 129, in __init__
    self.base_model = cls(model, {adapter_name: peft_config}, adapter_name)
                      ^^^^^^^^^^^^^^^^^^^^^^^^^^^^^^^^^^^^^^^^^^^^^^^^^^^^^
  File "/usr/local/lib/python3.12/dist-packages/peft/tuners/tuners_utils.py", line 315, in __init__
    self.inject_adapter(self.model, adapter_name, low_cpu_mem_usage=low_cpu_mem_usage, state_dict=state_dict)
  File "/usr/local/lib/python3.12/dist-packages/peft/tuners/tuners_utils.py", line 913, in inject_adapter
    self._create_and_replace(
  File "/usr/local/lib/python3.12/dist-packages/peft/tuners/lora/model.py", line 269, in _create_and_replace
    new_module = self._create_new_module(lora_config, adapter_name, target, device_map=device_map, **kwargs)
                 ^^^^^^^^^^^^^^^^^^^^^^^^^^^^^^^^^^^^^^^^^^^^^^^^^^^^^^^^^^^^^^^^^^^^^^^^^^^^^^^^^^^^^^^^^^^
  File "/usr/local/lib/python3.12/dist-packages/peft/tuners/lora/model.py", line 418, in _create_new_module
    new_module = dispatcher(target, adapter_name, config=lora_config, **kwargs)
                 ^^^^^^^^^^^^^^^^^^^^^^^^^^^^^^^^^^^^^^^^^^^^^^^^^^^^^^^^^^^^^^
  File "/usr/local/lib/python3.12/dist-packages/peft/tuners/lora/torchao.py", line 142, in dispatch_torchao
    if not is_torchao_available():
           ^^^^^^^^^^^^^^^^^^^^^^
  File "/usr/local/lib/python3.12/dist-packages/peft/import_utils.py", line 143, in is_torchao_available
    raise ImportError(
ImportError: Found an incompatible version of torchao. Found version 0.10.0, but only versions above 0.16.0 are supported
[v1] FAIL tgt=qwen occ_gender s0 cross<-granite:
Traceback (most recent call last):
  File "/content/colab_t4t2.py", line 905, in panel_run
    dwb, _ = train_task_vector(model, tok, c["biased"], rank=16, steps=250,
             ^^^^^^^^^^^^^^^^^^^^^^^^^^^^^^^^^^^^^^^^^^^^^^^^^^^^^^^^^^^^^^
  File "/content/colab_t4t2.py", line 200, in train_task_vector
    peft_model = get_peft_model(model, cfg)
                 ^^^^^^^^^^^^^^^^^^^^^^^^^^
  File "/usr/local/lib/python3.12/dist-packages/peft/mapping_func.py", line 122, in get_peft_model
    return MODEL_TYPE_TO_PEFT_MODEL_MAPPING[peft_config.task_type](
           ^^^^^^^^^^^^^^^^^^^^^^^^^^^^^^^^^^^^^^^^^^^^^^^^^^^^^^^^
  File "/usr/local/lib/python3.12/dist-packages/peft/peft_model.py", line 1955, in __init__
    super().__init__(model, peft_config, adapter_name, **kwargs)
  File "/usr/local/lib/python3.12/dist-packages/peft/peft_model.py", line 129, in __init__
    self.base_model = cls(model, {adapter_name: peft_config}, adapter_name)
                      ^^^^^^^^^^^^^^^^^^^^^^^^^^^^^^^^^^^^^^^^^^^^^^^^^^^^^
  File "/usr/local/lib/python3.12/dist-packages/peft/tuners/tuners_utils.py", line 315, in __init__
    self.inject_adapter(self.model, adapter_name, low_cpu_mem_usage=low_cpu_mem_usage, state_dict=state_dict)
  File "/usr/local/lib/python3.12/dist-packages/peft/tuners/tuners_utils.py", line 913, in inject_adapter
    self._create_and_replace(
  File "/usr/local/lib/python3.12/dist-packages/peft/tuners/lora/model.py", line 269, in _create_and_replace
    new_module = self._create_new_module(lora_config, adapter_name, target, device_map=device_map, **kwargs)
                 ^^^^^^^^^^^^^^^^^^^^^^^^^^^^^^^^^^^^^^^^^^^^^^^^^^^^^^^^^^^^^^^^^^^^^^^^^^^^^^^^^^^^^^^^^^^
  File "/usr/local/lib/python3.12/dist-packages/peft/tuners/lora/model.py", line 418, in _create_new_module
    new_module = dispatcher(target, adapter_name, config=lora_config, **kwargs)
                 ^^^^^^^^^^^^^^^^^^^^^^^^^^^^^^^^^^^^^^^^^^^^^^^^^^^^^^^^^^^^^^
  File "/usr/local/lib/python3.12/dist-packages/peft/tuners/lora/torchao.py", line 142, in dispatch_torchao
    if not is_torchao_available():
           ^^^^^^^^^^^^^^^^^^^^^^
  File "/usr/local/lib/python3.12/dist-packages/peft/import_utils.py", line 143, in is_torchao_available
    raise ImportError(
ImportError: Found an incompatible version of torchao. Found version 0.10.0, but only versions above 0.16.0 are supported
[v1] FAIL tgt=qwen occ_gender s0 cross<-falcon:
Traceback (most recent call last):
  File "/content/colab_t4t2.py", line 905, in panel_run
    dwb, _ = train_task_vector(model, tok, c["biased"], rank=16, steps=250,
             ^^^^^^^^^^^^^^^^^^^^^^^^^^^^^^^^^^^^^^^^^^^^^^^^^^^^^^^^^^^^^^
  File "/content/colab_t4t2.py", line 200, in train_task_vector
    peft_model = get_peft_model(model, cfg)
                 ^^^^^^^^^^^^^^^^^^^^^^^^^^
  File "/usr/local/lib/python3.12/dist-packages/peft/mapping_func.py", line 122, in get_peft_model
    return MODEL_TYPE_TO_PEFT_MODEL_MAPPING[peft_config.task_type](
           ^^^^^^^^^^^^^^^^^^^^^^^^^^^^^^^^^^^^^^^^^^^^^^^^^^^^^^^^
  File "/usr/local/lib/python3.12/dist-packages/peft/peft_model.py", line 1955, in __init__
    super().__init__(model, peft_config, adapter_name, **kwargs)
  File "/usr/local/lib/python3.12/dist-packages/peft/peft_model.py", line 129, in __init__
    self.base_model = cls(model, {adapter_name: peft_config}, adapter_name)
                      ^^^^^^^^^^^^^^^^^^^^^^^^^^^^^^^^^^^^^^^^^^^^^^^^^^^^^
  File "/usr/local/lib/python3.12/dist-packages/peft/tuners/tuners_utils.py", line 315, in __init__
    self.inject_adapter(self.model, adapter_name, low_cpu_mem_usage=low_cpu_mem_usage, state_dict=state_dict)
  File "/usr/local/lib/python3.12/dist-packages/peft/tuners/tuners_utils.py", line 913, in inject_adapter
    self._create_and_replace(
  File "/usr/local/lib/python3.12/dist-packages/peft/tuners/lora/model.py", line 269, in _create_and_replace
    new_module = self._create_new_module(lora_config, adapter_name, target, device_map=device_map, **kwargs)
                 ^^^^^^^^^^^^^^^^^^^^^^^^^^^^^^^^^^^^^^^^^^^^^^^^^^^^^^^^^^^^^^^^^^^^^^^^^^^^^^^^^^^^^^^^^^^
  File "/usr/local/lib/python3.12/dist-packages/peft/tuners/lora/model.py", line 418, in _create_new_module
    new_module = dispatcher(target, adapter_name, config=lora_config, **kwargs)
                 ^^^^^^^^^^^^^^^^^^^^^^^^^^^^^^^^^^^^^^^^^^^^^^^^^^^^^^^^^^^^^^
  File "/usr/local/lib/python3.12/dist-packages/peft/tuners/lora/torchao.py", line 142, in dispatch_torchao
    if not is_torchao_available():
           ^^^^^^^^^^^^^^^^^^^^^^
  File "/usr/local/lib/python3.12/dist-packages/peft/import_utils.py", line 143, in is_torchao_available
    raise ImportError(
ImportError: Found an incompatible version of torchao. Found version 0.10.0, but only versions above 0.16.0 are supported
Failed to load /usr/local/lib/python3.12/dist-packages/torchao/_C_cutlass_90a.abi3.so: Could not load this library: /usr/local/lib/python3.12/dist-packages/torchao/_C_cutlass_90a.abi3.so
Failed to load /usr/local/lib/python3.12/dist-packages/torchao/_C_mxfp8.cpython-310-x86_64-linux-gnu.so: Could not load this library: /usr/local/lib/python3.12/dist-packages/torchao/_C_mxfp8.cpython-310-x86_64-linux-gnu.so
Note: Environment variable`HF_TOKEN` is set and is the current active token independently from the token you've just configured.
[auth] HF login OK
[v1] targets=['qwen', 'olmo', 'falcon'] axes=['occ_gender', 'crows_socioeconomic'] seeds=[0]

Loading weights:   0%|          | 0/339 [00:00<?, ?it/s]
Loading weights: 100%|██████████| 339/339 [00:00<00:00, 3733.10it/s]
[transformers] `use_cache=True` is incompatible with gradient checkpointing. Setting `use_cache=False`.
[v1] tgt=qwen     occ_gender           s0 self       <-qwen             removal=+0.6771
[v1] tgt=qwen     occ_gender           s0 same_large <-qwen_large       removal=+0.7150
[v1] tgt=qwen     occ_gender           s0 cross      <-llama            removal=+0.6119
[v1] tgt=qwen     occ_gender           s0 cross      <-gemma            removal=+0.7224
[v1] tgt=qwen     occ_gender           s0 cross      <-olmo             removal=+0.5993
[v1] tgt=qwen     occ_gender           s0 cross      <-granite          removal=+0.6782
[v1] tgt=qwen     occ_gender           s0 cross      <-falcon           removal=+0.5483
[v1] tgt=qwen     crows_socioeconomic  s0 self       <-qwen             removal=+0.0914
[v1] tgt=qwen     crows_socioeconomic  s0 same_large <-qwen_large       removal=+0.1293
[v1] tgt=qwen     crows_socioeconomic  s0 cross      <-llama            removal=+0.0101
[v1] tgt=qwen     crows_socioeconomic  s0 cross      <-gemma            removal=+0.0801
[v1] tgt=qwen     crows_socioeconomic  s0 cross      <-olmo             removal=+0.0557
[v1] tgt=qwen     crows_socioeconomic  s0 cross      <-granite          removal=+0.0959
[v1] tgt=qwen     crows_socioeconomic  s0 cross      <-falcon           removal=+0.1235

Loading weights:   0%|          | 0/355 [00:00<?, ?it/s]
Loading weights: 100%|██████████| 355/355 [00:00<00:00, 4365.88it/s]
[v1] tgt=olmo     occ_gender           s0 self       <-olmo             removal=+0.8324
[v1] tgt=olmo     occ_gender           s0 same_large <-olmo_large       removal=+0.8172
[v1] tgt=olmo     occ_gender           s0 cross      <-qwen             removal=+0.7177
[v1] tgt=olmo     occ_gender           s0 cross      <-llama            removal=+0.8334
[v1] tgt=olmo     occ_gender           s0 cross      <-gemma            removal=+0.7234
[v1] tgt=olmo     occ_gender           s0 cross      <-granite          removal=+0.7610
[v1] tgt=olmo     occ_gender           s0 cross      <-falcon           removal=+0.7607
[v1] tgt=olmo     crows_socioeconomic  s0 self       <-olmo             removal=+0.0946
[v1] tgt=olmo     crows_socioeconomic  s0 same_large <-olmo_large       removal=-0.0225
[v1] tgt=olmo     crows_socioeconomic  s0 cross      <-qwen             removal=+0.0538
[v1] tgt=olmo     crows_socioeconomic  s0 cross      <-llama            removal=+0.0162
[v1] tgt=olmo     crows_socioeconomic  s0 cross      <-gemma            removal=+0.0704
[v1] tgt=olmo     crows_socioeconomic  s0 cross      <-granite          removal=+0.0846
[v1] tgt=olmo     crows_socioeconomic  s0 cross      <-falcon           removal=+0.1140

Loading weights:   0%|          | 0/255 [00:00<?, ?it/s]
Loading weights: 100%|██████████| 255/255 [00:00<00:00, 5004.97it/s]
[v1] tgt=falcon   occ_gender           s0 self       <-falcon           removal=+0.5677
[v1] tgt=falcon   occ_gender           s0 same_large <-falcon_large     removal=+0.5705
[v1] tgt=falcon   occ_gender           s0 cross      <-qwen             removal=+0.5684
[v1] tgt=falcon   occ_gender           s0 cross      <-llama            removal=+0.6130
[v1] tgt=falcon   occ_gender           s0 cross      <-gemma            removal=+0.6239
[v1] tgt=falcon   occ_gender           s0 cross      <-olmo             removal=+0.4985
[v1] tgt=falcon   occ_gender           s0 cross      <-granite          removal=+0.5937
[v1] tgt=falcon   crows_socioeconomic  s0 self       <-falcon           removal=+0.0567
[v1] tgt=falcon   crows_socioeconomic  s0 same_large <-falcon_large     removal=+0.0442
[v1] tgt=falcon   crows_socioeconomic  s0 cross      <-qwen             removal=+0.1014
[v1] tgt=falcon   crows_socioeconomic  s0 cross      <-llama            removal=-0.0279
[v1] tgt=falcon   crows_socioeconomic  s0 cross      <-gemma            removal=+0.0350
[v1] tgt=falcon   crows_socioeconomic  s0 cross      <-olmo             removal=+0.0518
[v1] tgt=falcon   crows_socioeconomic  s0 cross      <-granite          removal=+0.0146
[v1] DONE
ALL DONE
Failed to load /usr/local/lib/python3.12/dist-packages/torchao/_C_cutlass_90a.abi3.so: Could not load this library: /usr/local/lib/python3.12/dist-packages/torchao/_C_cutlass_90a.abi3.so
Failed to load /usr/local/lib/python3.12/dist-packages/torchao/_C_mxfp8.cpython-310-x86_64-linux-gnu.so: Could not load this library: /usr/local/lib/python3.12/dist-packages/torchao/_C_mxfp8.cpython-310-x86_64-linux-gnu.so
Note: Environment variable`HF_TOKEN` is set and is the current active token independently from the token you've just configured.
[auth] HF login OK
[v1] targets=['qwen', 'olmo', 'falcon'] axes=['occ_gender', 'crows_socioeconomic'] seeds=[1, 2]
[v1-elicit] load qwen_large (Qwen/Qwen2.5-14B-Instruct)

Fetching 8 files:   0%|          | 0/8 [00:00<?, ?it/s]
Fetching 8 files:  12%|█▎        | 1/8 [01:14<08:41, 74.52s/it]
Fetching 8 files: 100%|██████████| 8/8 [01:14<00:00,  9.31s/it]

Loading weights:   0%|          | 0/579 [00:00<?, ?it/s]
Loading weights:  63%|██████▎   | 365/579 [00:00<00:00, 3648.09it/s]
Loading weights: 100%|██████████| 579/579 [00:00<00:00, 4398.19it/s]
[v1-elicit] qwen_large       occ_gender             s1 gap=+0.312
[v1-elicit] qwen_large       occ_gender             s2 gap=+0.312
[v1-elicit] qwen_large       crows_socioeconomic    s1 gap=+0.198
[v1-elicit] qwen_large       crows_socioeconomic    s2 gap=+0.198
[v1-elicit] load falcon (tiiuae/Falcon3-7B-Instruct)

Fetching 4 files:   0%|          | 0/4 [00:00<?, ?it/s]
Fetching 4 files:  25%|██▌       | 1/4 [00:33<01:40, 33.50s/it]
Fetching 4 files:  50%|█████     | 2/4 [00:34<00:29, 14.60s/it]
Fetching 4 files: 100%|██████████| 4/4 [00:34<00:00,  8.72s/it]

Loading weights:   0%|          | 0/255 [00:00<?, ?it/s]
Loading weights: 100%|██████████| 255/255 [00:00<00:00, 4745.72it/s]
[v1-elicit] falcon           occ_gender             s1 gap=+0.167
[v1-elicit] falcon           occ_gender             s2 gap=+0.167
[v1-elicit] falcon           crows_socioeconomic    s1 gap=+0.093
[v1-elicit] falcon           crows_socioeconomic    s2 gap=+0.093
[v1-elicit] load olmo_large (allenai/OLMo-2-1124-13B-Instruct)

Fetching 6 files:   0%|          | 0/6 [00:00<?, ?it/s]
Fetching 6 files:  17%|█▋        | 1/6 [01:08<05:43, 68.73s/it]
Fetching 6 files: 100%|██████████| 6/6 [01:08<00:00, 11.45s/it]

Loading weights:   0%|          | 0/443 [00:00<?, ?it/s]
Loading weights:  94%|█████████▎| 415/443 [00:00<00:00, 4149.75it/s]
Loading weights: 100%|██████████| 443/443 [00:00<00:00, 4248.19it/s]
[v1-elicit] olmo_large       occ_gender             s1 gap=+0.410
[v1-elicit] olmo_large       occ_gender             s2 gap=+0.410
[v1-elicit] olmo_large       crows_socioeconomic    s1 gap=+0.163
[v1-elicit] olmo_large       crows_socioeconomic    s2 gap=+0.151
[v1-elicit] load falcon_large (tiiuae/Falcon3-10B-Instruct)

Fetching 5 files:   0%|          | 0/5 [00:00<?, ?it/s]
Fetching 5 files:  20%|██        | 1/5 [00:50<03:20, 50.17s/it]
Fetching 5 files: 100%|██████████| 5/5 [00:50<00:00, 10.03s/it]

Loading weights:   0%|          | 0/363 [00:00<?, ?it/s]
Loading weights: 100%|██████████| 363/363 [00:00<00:00, 4323.56it/s]
[v1-elicit] falcon_large     occ_gender             s1 gap=+0.396
[v1-elicit] falcon_large     occ_gender             s2 gap=+0.396
[v1-elicit] falcon_large     crows_socioeconomic    s1 gap=+0.116
[v1-elicit] falcon_large     crows_socioeconomic    s2 gap=+0.116

Fetching 4 files:   0%|          | 0/4 [00:00<?, ?it/s]
Fetching 4 files:  25%|██▌       | 1/4 [00:35<01:47, 35.85s/it]
Fetching 4 files: 100%|██████████| 4/4 [00:35<00:00,  8.96s/it]

Loading weights:   0%|          | 0/339 [00:00<?, ?it/s]
Loading weights: 100%|██████████| 339/339 [00:00<00:00, 4557.87it/s]
[transformers] `use_cache=True` is incompatible with gradient checkpointing. Setting `use_cache=False`.
[v1] tgt=qwen     occ_gender           s1 self       <-qwen             removal=+0.5829
[v1] tgt=qwen     occ_gender           s1 same_large <-qwen_large       removal=+0.7080
[v1] tgt=qwen     occ_gender           s1 cross      <-llama            removal=+0.6568
[v1] tgt=qwen     occ_gender           s1 cross      <-gemma            removal=+0.7120
[v1] tgt=qwen     occ_gender           s1 cross      <-olmo             removal=+0.5860
[v1] tgt=qwen     occ_gender           s1 cross      <-granite          removal=+0.6344
[v1] tgt=qwen     occ_gender           s1 cross      <-falcon           removal=+0.7293
[v1] tgt=qwen     occ_gender           s2 self       <-qwen             removal=+0.5753
[v1] tgt=qwen     occ_gender           s2 same_large <-qwen_large       removal=+0.6531
[v1] tgt=qwen     occ_gender           s2 cross      <-llama            removal=+0.6659
[v1] tgt=qwen     occ_gender           s2 cross      <-gemma            removal=+0.7317
[v1] tgt=qwen     occ_gender           s2 cross      <-olmo             removal=+0.7252
[v1] tgt=qwen     occ_gender           s2 cross      <-granite          removal=+0.6354
[v1] tgt=qwen     occ_gender           s2 cross      <-falcon           removal=+0.6702
[v1] tgt=qwen     crows_socioeconomic  s1 self       <-qwen             removal=+0.0620
[v1] tgt=qwen     crows_socioeconomic  s1 same_large <-qwen_large       removal=+0.2621
[v1] tgt=qwen     crows_socioeconomic  s1 cross      <-llama            removal=+0.0440
[v1] tgt=qwen     crows_socioeconomic  s1 cross      <-gemma            removal=+0.1349
[v1] tgt=qwen     crows_socioeconomic  s1 cross      <-olmo             removal=+0.0702
[v1] tgt=qwen     crows_socioeconomic  s1 cross      <-granite          removal=+0.0933
[v1] tgt=qwen     crows_socioeconomic  s1 cross      <-falcon           removal=+0.0846
[v1] tgt=qwen     crows_socioeconomic  s2 self       <-qwen             removal=+0.0385
[v1] tgt=qwen     crows_socioeconomic  s2 same_large <-qwen_large       removal=+0.1489
[v1] tgt=qwen     crows_socioeconomic  s2 cross      <-llama            removal=+0.0497
[v1] tgt=qwen     crows_socioeconomic  s2 cross      <-gemma            removal=+0.1370
[v1] tgt=qwen     crows_socioeconomic  s2 cross      <-olmo             removal=+0.1337
[v1] tgt=qwen     crows_socioeconomic  s2 cross      <-granite          removal=+0.0683
[v1] tgt=qwen     crows_socioeconomic  s2 cross      <-falcon           removal=+0.1633

Fetching 3 files:   0%|          | 0/3 [00:00<?, ?it/s]
Fetching 3 files:  33%|███▎      | 1/3 [00:34<01:09, 34.92s/it]
Fetching 3 files: 100%|██████████| 3/3 [00:34<00:00, 11.64s/it]

Loading weights:   0%|          | 0/355 [00:00<?, ?it/s]
Loading weights: 100%|██████████| 355/355 [00:00<00:00, 4597.33it/s]
[v1] tgt=olmo     occ_gender           s1 self       <-olmo             removal=+0.7606
[v1] tgt=olmo     occ_gender           s1 same_large <-olmo_large       removal=+0.8360
[v1] tgt=olmo     occ_gender           s1 cross      <-qwen             removal=+0.7868
[v1] tgt=olmo     occ_gender           s1 cross      <-llama            removal=+0.8306
[v1] tgt=olmo     occ_gender           s1 cross      <-gemma            removal=+0.6547
[v1] tgt=olmo     occ_gender           s1 cross      <-granite          removal=+0.8203
[v1] tgt=olmo     occ_gender           s1 cross      <-falcon           removal=+0.8331
[v1] tgt=olmo     occ_gender           s2 self       <-olmo             removal=+0.7832
[v1] tgt=olmo     occ_gender           s2 same_large <-olmo_large       removal=+0.8139
[v1] tgt=olmo     occ_gender           s2 cross      <-qwen             removal=+0.7867
[v1] tgt=olmo     occ_gender           s2 cross      <-llama            removal=+0.8093
[v1] tgt=olmo     occ_gender           s2 cross      <-gemma            removal=+0.7071
[v1] tgt=olmo     occ_gender           s2 cross      <-granite          removal=+0.8118
[v1] tgt=olmo     occ_gender           s2 cross      <-falcon           removal=+0.8293
[v1] tgt=olmo     crows_socioeconomic  s1 self       <-olmo             removal=+0.0937
[v1] tgt=olmo     crows_socioeconomic  s1 same_large <-olmo_large       removal=+0.0006
[v1] tgt=olmo     crows_socioeconomic  s1 cross      <-qwen             removal=+0.0652
[v1] tgt=olmo     crows_socioeconomic  s1 cross      <-llama            removal=+0.0367
[v1] tgt=olmo     crows_socioeconomic  s1 cross      <-gemma            removal=+0.0855
[v1] tgt=olmo     crows_socioeconomic  s1 cross      <-granite          removal=+0.0338
[v1] tgt=olmo     crows_socioeconomic  s1 cross      <-falcon           removal=+0.0878
[v1] tgt=olmo     crows_socioeconomic  s2 self       <-olmo             removal=+0.1182
[v1] tgt=olmo     crows_socioeconomic  s2 same_large <-olmo_large       removal=+0.0027
[v1] tgt=olmo     crows_socioeconomic  s2 cross      <-qwen             removal=+0.0574
[v1] tgt=olmo     crows_socioeconomic  s2 cross      <-llama            removal=+0.0436
[v1] tgt=olmo     crows_socioeconomic  s2 cross      <-gemma            removal=+0.0670
[v1] tgt=olmo     crows_socioeconomic  s2 cross      <-granite          removal=+0.0701
[v1] tgt=olmo     crows_socioeconomic  s2 cross      <-falcon           removal=+0.1070

Loading weights:   0%|          | 0/255 [00:00<?, ?it/s]
Loading weights:   7%|▋         | 18/255 [00:00<00:01, 171.39it/s]
Loading weights:  20%|██        | 51/255 [00:00<00:00, 254.47it/s]
Loading weights:  36%|███▌      | 91/255 [00:00<00:00, 290.50it/s]
Loading weights:  51%|█████     | 129/255 [00:00<00:00, 317.09it/s]
Loading weights:  66%|██████▌   | 168/255 [00:00<00:00, 334.63it/s]
Loading weights:  87%|████████▋ | 222/255 [00:00<00:00, 397.62it/s]
Loading weights: 100%|██████████| 255/255 [00:00<00:00, 366.95it/s]
[v1] tgt=falcon   occ_gender           s1 self       <-falcon           removal=+0.4455
[v1] tgt=falcon   occ_gender           s1 same_large <-falcon_large     removal=+0.5412
[v1] tgt=falcon   occ_gender           s1 cross      <-qwen             removal=+0.6092
[v1] tgt=falcon   occ_gender           s1 cross      <-llama            removal=+0.6284
[v1] tgt=falcon   occ_gender           s1 cross      <-gemma            removal=+0.6253
[v1] tgt=falcon   occ_gender           s1 cross      <-olmo             removal=+0.5339
[v1] tgt=falcon   occ_gender           s1 cross      <-granite          removal=+0.5656
[v1] tgt=falcon   occ_gender           s2 self       <-falcon           removal=+0.6171
[v1] tgt=falcon   occ_gender           s2 same_large <-falcon_large     removal=+0.5857
[v1] tgt=falcon   occ_gender           s2 cross      <-qwen             removal=+0.5202
[v1] tgt=falcon   occ_gender           s2 cross      <-llama            removal=+0.6087
[v1] tgt=falcon   occ_gender           s2 cross      <-gemma            removal=+0.5861
[v1] tgt=falcon   occ_gender           s2 cross      <-olmo             removal=+0.5528
[v1] tgt=falcon   occ_gender           s2 cross      <-granite          removal=+0.5770
[v1] tgt=falcon   crows_socioeconomic  s1 self       <-falcon           removal=+0.0989
[v1] tgt=falcon   crows_socioeconomic  s1 same_large <-falcon_large     removal=+0.0462
[v1] tgt=falcon   crows_socioeconomic  s1 cross      <-qwen             removal=+0.0965
[v1] tgt=falcon   crows_socioeconomic  s1 cross      <-llama            removal=+0.0072
[v1] tgt=falcon   crows_socioeconomic  s1 cross      <-gemma            removal=+0.0293
[v1] tgt=falcon   crows_socioeconomic  s1 cross      <-olmo             removal=+0.0047
[v1] tgt=falcon   crows_socioeconomic  s1 cross      <-granite          removal=+0.0088
[v1] tgt=falcon   crows_socioeconomic  s2 self       <-falcon           removal=+0.1274
[v1] tgt=falcon   crows_socioeconomic  s2 same_large <-falcon_large     removal=+0.0612
[v1] tgt=falcon   crows_socioeconomic  s2 cross      <-qwen             removal=+0.0496
[v1] tgt=falcon   crows_socioeconomic  s2 cross      <-llama            removal=+0.0247
[v1] tgt=falcon   crows_socioeconomic  s2 cross      <-gemma            removal=+0.0280
[v1] tgt=falcon   crows_socioeconomic  s2 cross      <-olmo             removal=+0.0983
[v1] tgt=falcon   crows_socioeconomic  s2 cross      <-granite          removal=+0.0002
[v1] DONE
ALL DONE
